0
5
10
17
26
28
35
40
50
56
65
76
87
99
104
127
132
139
147
151
156
165
171
177
190
206
210
219
247
252
261
272
281
283
291
303
306
313
329
331
346
350
357
365
370
372
381
384
401
419
448
464
482
488
498
503
505
507
527
531
537
561
588
614
619
621
624
645
664
672
682
695
704
715
728
735
738
745
750
767
777
790
799
814
817
842
844
849
862
874
880
895
914
923
941
947
965
968
975
990
997
1019
1024
1032
1055
1065
1076
1092
1099
1101
1112
1121
1148
1154
1198
1205
1217
1231
1239
1265
1267
1279
1298
1322
1324
1350
1367
1372
1385
1394
1426
1451
1453
1460
1464
1469
1475
1498
1500
1520
1528
1544
1546
1563
1570
1574
1598
1617
1621
1648
1652
1656
1669
1675
1682
1689
1703
1708
1715
1737
1754
1763
1769
1776
1796
1801
1823
1836
1847
1862
1890
1895
1909
1943
1953
1972
1974
1987
1993
1995
2023
2037
2041
2060
2072
2087
2104
2114
2132
2170
2177
2184
2194
2197
2208
2215
2230
2242
2253
2263
2294
2312
2319
2322
2372
2384
2391
2394
2412
2431
2441
2443
2470
2486
2490
2509
2521
2534
2536
2549
2556
2581
2593
2615
2669
2679
2691
2703
2715
2724
2777
2782
2785
2800
2807
2865
2894
2896
2914
2916
2928
2941
2953
2969
2991
2996
3000
3017
3035
3037
3042
3061
3083
3100
3108
3115
3138
3154
3158
3165
3170
3184
3202
3209
3226
3238
3245
3265
3278
3280
3291
3300
3329
3336
3351
3368
3388
3399
3414
3443
3461
3491
3519
3560
3572
3599
3611
3613
3620
3633
3662
3666
3674
3685
3692
3729
3749
3752
3760
3764
3772
3798
3804
3813
3832
3858
3887
3898
3910
3919
3933
3946
3960
3971
4041
4058
4073
4101
4124
4147
4156
4195
4237
4249
4285
4298
4342
4355
4363
4388
4406
4408
4418
4433
4452
4458
4463
4473
4476
4494
4519
4551
4573
4583
4601
4602
4626
4644
4651
4681
4699
4707
4716
4748
4792
4822
4825
4827
4851
4891
4906
4908
4921
4941
4963
4991
5031
5046
5051
5056
5074
5077
5089
5101
5103
5112
5126
5142
5147
5149
5160
5165
5177
5200
5204
5215
5223
5226
5234
5249
5260
5271
5285
5286
5291
5310
5322
5339
5356
5368
5375
5380
5387
5392
5402
5407
5418
5440
5444
5462
5493
5501
5526
5548
5581
5593
5600
5621
5626
5645
5649
5666
5671
5725
5736
5750
5761
5781
5792
5802
5807
5817
5827
5834
5849
5850
5868
5883
5889
5906
5922
5939
5942
5952
5963
5980
5985
5990
6003
6022
6033
6047
6054
6074
6085
6103
6112
6123
6134
6142
6153
6166
6175
6231
6243
6247
6261
6283
6304
6323
6332
6347
6361
6377
6428
6434
6452
6473
6478
6484
6490
6503
6512
6526
6558
6567
6573
6577
6593
6602
6608
6618
6625
6640
6654
6679
6685
6687
6709
6711
6714
6733
6738
6755
6776
6784
6795
6804
6815
6861
6869
6874
6916
6923
6947
6950
6992
7000
7018
7074
7096
7106
7112
7154
7187
7189
7215
7238
7250
7264
7269
7281
7304
7313
7318
7333
7345
7350
7357
7359
7372
7382
7404
7410
7415
7425
7435
7474
7476
7511
7525
7530
7541
7552
7561
7577
7612
7623
7639
7678
7720
7742
7749
7763
7794
7826
7875
7880
7910
7936
7943
7946
7966
7980
7986
7995
8001
8044
8077
8103
8115
8126
8134
8137
8150
8157
8187
8195
8238
8245
8257
8269
8279
8284
8304
8349
8365
8371
8377
8390
8396
8400
8407
8467
8503
8511
8518
8520
8542
8571
8603
8621
8650
8656
8671
8683
8685
8707
8724
8755
8779
8793
8827
8840
8849
8872
8891
8896
8916
8934
8962
8964
9006
9068
9076
9095
9116
9133
9146
9168
9173
9258
9274
9290
9313
9327
9380
9402
9413
9417
9420
9428
9441
9446
9465
9476
9487
9496
9515
9524
9534
9543
9558
9574
9613
9640
9672
9677
9701
9717
9727
9738
9757
9783
9820
9839
9867
9900
9925
9945
9965
9970
9991
10017
10031
10093
10103
10118
10129
10141
10148
10168
10173
10178
10196
10217
10230
10237
10243
10259
10262
10266
10272
10289
10316
10324
10332
10353
10367
10372
10378
10390
10402
10409
10414
10426
10433
10443
10466
10495
10507
10515
10533
10556
10564
10583
10593
10611
10632
10657
10687
10693
10708
10736
10743
10756
10819
10827
10853
10858
10873
10896
10913
10940
10942
10950
10959
10965
10969
10984
10998
11015
11040
11057
11066
11082
11093
11099
11105
11115
11137
11177
11184
11199
11209
11216
11231
11240
11259
11264
11266
11317
11322
11337
11340
11348
11374
11421
11429
11441
11450
11459
11464
11473
11504
11532
11539
11541
11564
11574
11583
11589
11610
11622
11638
11640
11654
11674
11680
11687
11693
11709
11728
11733
11748
11763
11768
11782
11785
11793
11798
11803
11809
11837
11864
11893
11926
11932
11943
11952
11974
11997
12007
12016
12061
12063
12084
12106
12122
12129
12161
12178
12182
12197
12229
12239
12261
12269
12285
12290
12297
12308
12318
12325
12341
12348
12374
12379
12387
12395
12408
12421
12443
12450
12475
12480
12525
12533
12538
12554
12561
12574
12577
12617
12655
12672
12685
12696
12706
12738
12749
12780
12785
12807
12829
12864
12875
12900
12944
12946
12958
12964
13006
13011
13016
13040
13061
13073
13088
13096
13116
13123
13147
13176
13199
13218
13223
13267
13269
13273
13280
13313
13335
13342
13365
13377
13390
13394
13410
13424
13451
13458
13464
13498
13531
13557
13585
13604
13612
13624
13639
13698
13722
13730
13749
13774
13790
13795
13816
13859
13879
13910
13921
13928
13943
13956
13967
13987
14000
14049
14063
14072
14074
14087
14119
14128
14133
14180
14201
14228
14242
14257
14279
14284
14312
14327
14379
14410
14440
14453
14454
14483
14489
14529
14540
14545
14590
14617
14625
14661
14687
14709
14720
14744
14756
14776
14783
14792
14799
14859
14900
14921
14938
14942
14969
15018
15024
15050
15070
15073
15091
15162
15174
15181
15186
15191
15199
15211
15234
15256
15272
15279
15288
15299
15318
15346
15350
15352
15374
15380
15389
15393
15419
15426
15432
15451
15466
15472
15485
15491
15497
15508
15520
15541
15543
15548
15566
15573
15620
15622
15625
15661
15674
15695
15718
15723
15727
15729
15742
15789
15792
15823
15866
15868
15888
15909
15922
15957
15972
15979
15992
16001
16006
16009
16025
16037
16050
16061
16064
16081
16083
16088
16139
16145
16156
16178
16214
16216
16220
16231
16260
16267
16275
16314
16333
16345
16357
16371
16377
16390
16401
16442
16451
16485
16494
16504
16529
16558
16561
16627
16639
16645
16647
16677
16689
16709
16747
16752
16774
16776
16790
16795
16802
16816
16828
16852
16857
16867
16873
16880
16896
16925
16932
16937
16955
16976
17007
17010
17018
17036
17043
17108
17110
17141
17145
17171
17194
17196
17210
17219
17224
17284
17299
17323
17349
17366
17373
17389
17400
17415
17453
17454
17469
17492
17514
17538
17568
17575
17594
17603
17608
17634
17655
17676
17682
17687
17721
17754
17789
17825
17871
17884
17897
17915
17923
17964
17987
17995
18007
18043
18048
18067
18106
18122
18129
18133
18150
18183
18188
18206
18225
18248
18281
18304
18317
18324
18349
18400
18414
18436
18456
18473
18511
18520
18534
18541
18547
18569
18574
18639
18678
18691
18717
18726
18754
18791
18814
18825
18870
18879
18900
18931
18953
18974
18982
19001
19019
19062
19078
19087
19089
19112
19123
19168
19175
19204
19230
19255
19277
19287
19292
19338
19358
19391
19402
19465
19519
19557
19560
19579
19616
19631
19639
19644
19664
19748
19755
19763
19805
19809
19841
19871
19896
19924
19949
19974
19986
19991
20005
20007
20019
20053
20055
20069
20070
20142
20179
20199
20204
20216
20227
20252
20256
20275
20324
20328
20341
20347
20354
20373
20398
20413
20451
20455
20460
20499
20503
20514
20540
20550
20567
20586
20591
20595
20614
20634
20661
20664
20696
20711
20725
20735
20736
20772
20781
20801
20802
20814
20829
20833
20848
20882
20901
20905
20931
20940
20960
20978
20985
21006
21031
21058
21064
21071
21086
21102
21114
21131
21149
21161
21171
21180
21197
21207
21225
21250
21269
21327
21339
21344
21362
21376
21391
21405
21427
21437
21449
21478
21508
21536
21552
21562
21592
21597
21600
21620
21625
21638
21651
21663
21669
21688
21695
21712
21743
21758
21763
21770
21792
21809
21814
21819
21872
21886
21897
21907
21930
21947
21952
21969
22006
22023
22055
22099
22105
22110
22120
22141
22153
22214
22225
22238
22244
22281
22311
22323
22348
22358
22370
22401
22412
22424
22431
22438
22445
22468
22488
22528
22535
22540
22568
22597
22621
22660
22662
22668
22675
22712
22749
22771
22784
22792
22838
22854
22869
22903
22909
22968
22996
23015
23018
23051
23084
23096
23116
23157
23168
23175
23199
23214
23272
23282
23291
23317
23324
23340
23366
23380
23393
23409
23437
23490
23498
23513
23537
23538
23570
23590
23645
23668
23681
23716
23721
23738
23759
23765
23775
23792
23830
23842
23846
23866
23869
23897
23914
23937
23983
24003
24012
24039
24044
24086
24124
24126
24136
24173
24179
24219
24226
24240
24298
24301
24329
24385
24404
24424
24453
24508
24536
24558
24594
24637
24649
24683
24769
24774
24791
24792
24881
24906
24930
24942
24958
24964
24970
24990
24997
25038
25063
25084
25091
25126
25128
25168
25180
25218
25237
25254
25267
25284
25291
25308
25313
25325
25328
25330
25364
25375
25387
25405
25407
25431
25437
25448
25457
25498
25501
25512
25551
25581
25625
25634
25650
25658
25723
25746
25765
25772
25779
25785
25802
25818
25840
25855
25865
25873
25900
25915
25929
25948
25950
25955
25998
26014
26020
26026
26055
26071
26081
26109
26131
26140
26163
26167
26192
26207
26248
26256
26266
26292
26315
26322
26331
26335
26372
26405
26421
26439
26444
26465
26470
26527
26536
26556
26591
26634
26662
26665
26680
26734
26744
26759
26774
26804
26817
26832
26865
26880
26894
26908
26945
26980
26986
26992
27000
27010
27021
27031
27041
27043
27051
27078
27110
27134
27149
27153
27181
27212
27214
27230
27245
27266
27271
27306
27333
27340
27396
27431
27439
27448
27472
27519
27525
27536
27544
27564
27572
27595
27597
27609
27634
27650
27694
27764
27777
27791
27795
27804
27832
27848
27860
27874
27886
27904
27926
27973
27983
28044
28068
28113
28128
28159
28198
28217
28222
28225
28232
28258
28270
28282
28307
28338
28358
28378
28392
28409
28428
28435
28459
28466
28468
28523
28564
28611
28666
28723
28733
28737
28787
28852
28860
28867
28879
28918
28924
28958
28991
29007
29013
29017
29056
29080
29155
29210
29212
29219
29233
29248
29252
29270
29290
29313
29357
29399
29404
29415
29448
29471
29472
29491
29521
29535
29561
29598
29607
29622
29629
29657
29700
29706
29730
29751
29756
29779
29801
29803
29815
29820
29827
29921
29949
29996
30045
30065
30072
30086
30104
30134
30152
30171
30190
30231
30274
30276
30281
30295
30330
30338
30353
30373
30379
30406
30417
30430
30459
30479
30484
30491
30510
30541
30554
30569
30580
30625
30640
30683
30688
30696
30720
30735
30789
30794
30814
30833
30845
30855
30898
30914
30921
30952
30961
30997
31019
31038
31048
31060
31108
31126
31143
31146
31155
31170
31183
31197
31225
31227
31245
31248
31275
31286
31317
31346
31366
31372
31395
31410
31429
31463
31468
31470
31483
31508
31521
31524
31546
31585
31616
31624
31658
31669
31674
31691
31707
31725
31736
31761
31771
31776
31800
31821
31826
31844
31852
31901
31929
31958
31962
32009
32021
32025
32065
32067
32078
32093
32113
32148
32155
32162
32193
32206
32230
32270
32281
32288
32324
32326
32341
32366
32368
32383
32397
32408
32438
32459
32481
32509
32540
32578
32593
32620
32642
32669
32709
32748
32778
32800
32807
32840
32894
32915
32937
32959
32976
32999
33059
33064
33080
33121
33137
33164
33199
33207
33232
33262
33312
33323
33337
33345
33367
33397
33412
33414
33438
33444
33479
33521
33544
33577
33582
33597
33636
33657
33703
33708
33734
33741
33761
33795
33886
33910
33935
33942
33947
33996
34039
34056
34061
34067
34093
34139
34169
34185
34201
34241
34326
34339
34400
34414
34424
34458
34486
34521
34598
34623
34637
34666
34670
34691
34696
34718
34720
34738
34754
34792
34812
34839
34852
34865
34898
34909
34936
34967
34968
35001
35017
35019
35059
35099
35106
35132
35141
35152
35157
35181
35190
35216
35249
35291
35296
35321
35326
35336
35371
35398
35409
35414
35437
35444
35448
35459
35480
35482
35496
35520
35539
35554
35570
35575
35581
35607
35619
35638
35644
35677
35714
35723
35729
35739
35777
35798
35864
35885
35906
35968
35999
36075
36094
36124
36149
36154
36200
36209
36231
36258
36273
36283
36291
36302
36329
36339
36351
36360
36489
36493
36503
36519
36528
36539
36654
36685
36698
36713
36721
36735
36747
36758
36770
36789
36814
36833
36859
36864
36898
36900
36919
36940
36991
37002
37045
37052
37084
37121
37164
37196
37214
37218
37270
37297
37330
37343
37382
37404
37420
37425
37428
37483
37499
37525
37548
37561
37569
37574
37604
37638
37665
37708
37715
37738
37798
37814
37852
37857
37938
37960
37969
37985
38040
38089
38131
38166
38204
38220
38231
38245
38260
38290
38297
38370
38393
38486
38492
38494
38505
38524
38536
38594
38634
38665
38706
38727
38784
38849
38865
38875
38886
38913
38957
38993
39012
39018
39106
39108
39135
39177
39214
39226
39254
39261
39292
39307
39335
39337
39357
39367
39391
39461
39476
39563
39579
39612
39633
39679
39684
39689
39697
39748
39753
39790
39797
39803
39929
39980
40013
40018
40036
40063
40093
40095
40114
40134
40203
40238
40254
40264
40276
40334
40339
40345
40353
40364
40379
40386
40393
40400
40412
40420
40438
40449
40466
40468
40475
40488
40498
40517
40522
40528
40544
40559
40582
40593
40596
40608
40615
40627
40637
40643
40652
40681
40713
40718
40730
40749
40753
40758
40783
40788
40793
40807
40832
40844
40848
40869
40877
40896
40913
40918
40923
40930
40943
40955
41019
41043
41050
41061
41069
41072
41074
41091
41103
41114
41147
41150
41166
41173
41178
41183
41193
41198
41209
41211
41231
41255
41287
41297
41298
41306
41320
41328
41351
41355
41363
41387
41392
41414
41422
41438
41460
41477
41492
41499
41526
41532
41539
41547
41586
41593
41607
41613
41619
41646
41652
41665
41672
41689
41691
41722
41735
41741
41752
41768
41799
41805
41812
41825
41836
41846
41854
41863
41887
41895
41902
41923
41932
41953
41961
41966
41971
41991
41998
42008
42018
42034
42041
42056
42087
42090
42117
42132
42155
42169
42185
42194
42199
42224
42231
42243
42258
42291
42310
42318
42346
42353
42375
42381
42450
42458
42480
42523
42525
42532
42534
42555
42559
42564
42594
42599
42611
42616
42637
42647
42652
42654
42664
42680
42701
42730
42755
42777
42787
42803
42805
42816
42830
42835
42900
42917
42927
42936
42964
42969
43008
43028
43034
43048
43074
43079
43091
43096
43106
43113
43117
43129
43154
43163
43192
43205
43220
43241
43251
43258
43279
43319
43331
43336
43359
43376
43385
43402
43404
43434
43443
43455
43461
43487
43495
43506
43533
43540
43575
43578
43594
43605
43614
43624
43631
43642
43680
43745
43753
43760
43771
43805
43806
43833
43904
43906
43912
43944
43955
43971
43999
44031
44056
44126
44146
44157
44165
44170
44199
44215
44240
44251
44256
44300
44319
44330
44345
44355
44374
44416
44420
44448
44468
44479
44496
44517
44549
44581
44593
44607
44629
44635
44642
44653
44680
44689
44703
44733
44741
44781
44803
44805
44831
44832
44867
44888
44900
44918
44937
44953
44984
45043
45054
45076
45094
45098
45104
45113
45152
45184
45191
45204
45220
45230
45292
45315
45354
45364
45375
45382
45406
45408
45418
45431
45432
45437
45443
45480
45501
45517
45527
45547
45549
45572
45577
45595
45601
45608
45626
45653
45658
45664
45669
45693
45713
45727
45737
45748
45767
45768
45790
45796
45802
45846
45861
45877
45879
45892
45898
45915
45920
45943
45954
45966
45988
45998
46020
46047
46076
46082
46089
46100
46109
46137
46142
46169
46170
46181
46186
46197
46212
46221
46225
46237
46254
46259
46282
46293
46296
46301
46323
46341
46353
46369
46376
46398
46403
46422
46427
46435
46446
46452
46465
46484
46515
46533
46551
46554
46600
46616
46624
46633
46640
46676
46736
46744
46751
46763
46783
46785
46788
46808
46816
46820
46829
46832
46840
46868
46873
46875
46901
46907
46921
46934
46958
46960
46965
46973
47009
47020
47046
47055
47062
47072
47074
47092
47104
47127
47137
47142
47176
47191
47196
47217
47222
47233
47265
47278
47295
47308
47310
47319
47333
47340
47345
47395
47415
47444
47455
47461
47479
47536
47543
47577
47580
47588
47598
47625
47651
47667
47679
47685
47692
47704
47714
47738
47774
47788
47801
47806
47828
47836
47856
47877
47902
47918
47925
47934
47950
47967
48000
48023
48038
48044
48061
48068
48079
48114
48128
48138
48143
48145
48161
48199
48209
48237
48266
48291
48295
48300
48335
48345
48400
48405
48410
48424
48436
48447
48463
48495
48498
48535
48549
48580
48608
48610
48623
48643
48648
48665
48673
48742
48753
48763
48775
48780
48815
48828
48840
48916
48944
48969
48973
48986
48993
49022
49032
49055
49057
49075
49090
49102
49127
49150
49177
49258
49270
49274
49281
49295
49296
49306
49309
49336
49356
49369
49377
49425
49457
49488
49507
49509
49523
49530
49617
49639
49675
49687
49695
49721
49750
49759
49785
49822
49833
49846
49861
49894
49898
49928
49945
49959
49978
50003
50020
50028
50051
50091
50114
50145
50182
50186
50211
50216
50242
50273
50336
50348
50360
50398
50405
50436
50442
50452
50477
50481
50503
50505
50520
50541
50545
50547
50565
50576
50578
50590
50600
50609
50624
50649
50671
50676
50700
50717
50728
50760
50785
50800
50813
50823
50849
50860
50870
50887
50895
50914
50917
50928
50972
50977
50992
51000
51017
51026
51035
51042
51053
51057
51073
51075
51119
51137
51158
51163
51170
51186
51196
51219
51244
51249
51262
51270
51275
51298
51323
51326
51330
51346
51358
51364
51369
51382
51392
51418
51448
51453
51494
51501
51512
51527
51543
51549
51553
51577
51590
51611
51618
51624
51648
51668
51672
51693
51713
51720
51730
51737
51770
51799
51805
51817
51831
51855
51860
51875
51883
51894
51916
51958
51963
51974
52009
52022
52041
52052
52092
52097
52109
52124
52142
52162
52168
52178
52209
52212
52220
52236
52253
52282
52288
52293
52303
52313
52321
52333
52367
52461
52471
52491
52531
52537
52545
52566
52571
52589
52610
52629
52636
52664
52678
52700
52719
52722
52759
52781
52792
52809
52814
52822
52835
52841
52906
52910
52918
52929
52939
52960
52965
52974
52997
53007
53024
53036
53054
53058
53076
53102
53113
53135
53143
53148
53157
53166
53181
53201
53245
53265
53307
53322
53327
53346
53353
53371
53373
53396
53409
53420
53441
53442
53466
53479
53504
53522
53541
53553
53566
53588
53641
53643
53696
53704
53711
53764
53782
53793
53810
53821
53831
53852
53903
53947
53971
53977
54003
54026
54042
54083
54088
54116
54143
54185
54234
54252
54259
54275
54283
54296
54324
54338
54352
54365
54371
54402
54408
54445
54473
54498
54519
54524
54526
54574
54610
54645
54662
54681
54736
54740
54791
54822
54834
54848
54863
54899
54947
54949
55000
55029
55046
55048
55116
55143
55168
55173
55189
55222
55242
55250
55256
55281
55295
55332
55364
55406
55446
55458
55465
55483
55512
55549
55555
55562
55571
55591
55618
55643
55666
55679
55695
55704
55719
55725
55728
55738
55760
55789
55799
55814
55816
55828
55841
55856
55870
55880
55882
55906
55932
55937
55969
55982
56019
56024
56039
56063
56073
56089
56091
56112
56152
56170
56198
56202
56210
56217
56238
56272
56304
56314
56335
56341
56367
56379
56386
56398
56423
56438
56440
56449
56461
56479
56514
56547
56552
56567
56583
56608
56631
56666
56680
56699
56734
56739
56747
56764
56782
56795
56797
56814
56834
56845
56861
56862
56893
56908
56920
56940
56949
56974
56996
57019
57044
57054
57077
57080
57105
57119
57135
57138
57145
57153
57189
57193
57235
57246
57272
57298
57315
57324
57340
57348
57360
57381
57397
57404
57419
57481
57517
57539
57541
57558
57570
57582
57610
57617
57667
57676
57684
57707
57713
57765
57778
57790
57796
57806
57837
57849
57860
57876
57897
57916
57958
58009
58048
58055
58058
58069
58089
58112
58127
58128
58180
58186
58204
58215
58255
58287
58317
58328
58337
58352
58360
58386
58401
58434
58445
58466
58481
58491
58499
58519
58552
58557
58578
58625
58645
58659
58704
58709
58725
58798
58800
58829
58854
58871
58909
58942
58969
58974
58997
59021
59060
59082
59093
59124
59130
59155
59161
59173
59229
59234
59250
59263
59272
59299
59313
59326
59342
59378
59389
59413
59420
59458
59461
59481
59492
59540
59567
59580
59602
59609
59665
59688
59720
59727
59751
59789
59875
59880
59890
59919
59925
59945
59947
59962
59966
60011
60126
60182
60209
60232
60248
60286
60301
60312
60331
60358
60360
60406
60412
60437
60473
60507
60541
60554
60561
60591
60598
60625
60657
60679
60681
60705
60708
60726
60750
60766
60772
60778
60784
60809
60817
60840
60845
60851
60877
60908
60925
60959
60965
60968
60977
61029
61046
61064
61073
61092
61098
61103
61107
61122
61146
61171
61187
61236
61241
61265
61267
61273
61287
61316
61327
61338
61358
61377
61380
61387
61409
61417
61441
61460
61476
61501
61511
61544
61558
61574
61580
61589
61620
61648
61653
61684
61723
61730
61751
61771
61786
61828
61861
61871
61897
61899
61920
61960
61976
61998
62033
62057
62066
62071
62077
62125
62145
62148
62159
62203
62214
62221
62227
62254
62267
62276
62315
62332
62368
62375
62403
62435
62478
62504
62536
62560
62572
62593
62621
62631
62645
62656
62699
62712
62719
62734
62768
62779
62813
62847
62865
62882
62942
62948
62961
62965
62976
62981
63006
63041
63058
63082
63105
63123
63155
63171
63183
63198
63276
63291
63328
63335
63348
63369
63383
63401
63429
63432
63442
63487
63517
63519
63524
63552
63565
63580
63615
63659
63665
63666
63690
63724
63737
63758
63773
63884
63895
63900
63947
63976
64004
64022
64056
64077
64090
64134
64140
64157
64172
64177
64197
64276
64289
64298
64331
64361
64394
64410
64433
64459
64499
64508
64541
64582
64605
64608
64630
64642
64662
64689
64733
64763
64809
64838
64868
64877
64878
64893
64909
64935
64947
64982
64986
65031
65064
65098
65128
65154
65181
65192
65228
65313
65330
65348
65381
65394
65405
65430
65456
65491
65520
65535
65548
65563
65596
65606
65611
65624
65641
65653
65659
65704
65726
65750
65757
65782
65784
65830
65844
65869
65881
65899
65926
65963
66018
66027
66034
66036
66053
66088
66099
66108
66122
66133
66150
66177
66201
66242
66244
66267
66273
66299
66318
66340
66347
66368
66370
66387
66419
66432
66451
66456
66502
66518
66526
66540
66547
66572
66584
66593
66602
66625
66649
66662
66664
66695
66730
66752
66761
66766
66785
66801
66832
66857
66869
66923
66939
66954
67005
67027
67063
67086
67103
67117
67132
67168
67185
67208
67223
67230
67257
67281
67294
67316
67362
67367
67401
67425
67445
67505
67544
67561
67563
67592
67607
67631
67637
67658
67686
67691
67717
67749
67801
67820
67890
67907
67925
67937
67955
67976
67984
68082
68106
68111
68125
68146
68174
68182
68188
68250
68263
68265
68305
68330
68367
68392
68404
68499
68536
68558
68575
68607
68652
68657
68715
68758
68773
68775
68780
68794
68807
68825
68857
68884
68915
68934
68954
68972
68980
68991
69010
69051
69084
69099
69129
69133
69179
69204
69209
69216
69242
69280
69310
69351
69394
69419
69503
69505
69524
69576
69591
69600
69610
69622
69627
69646
69705
69737
69739
69791
69806
69834
69877
69890
69918
69945
69970
69997
70011
70015
70023
70040
70051
70060
70119
70174
70183
70197
70205
70234
70237
70280
70292
70307
70349
70354
70365
70498
70519
70525
70548
70572
70583
70598
70606
70650
70677
70690
70694
70715
70718
70735
70737
70747
70806
70819
70821
70832
70867
70892
70904
70911
70937
70954
70965
70982
71013
71038
71059
71085
71098
71135
71167
71175
71213
71232
71298
71314
71333
71366
71374
71393
71404
71416
71425
71433
71448
71458
71461
71491
71526
71543
71566
71582
71609
71619
71625
71641
71659
71679
71685
71722
71749
71761
71807
71814
71851
71883
71924
71967
72008
72017
72018
72075
72080
72107
72120
72157
72174
72205
72232
72237
72242
72258
72308
72341
72353
72398
72400
72413
72429
72479
72503
72508
72516
72531
72563
72571
72585
72588
72626
72642
72672
72716
72748
72784
72801
72842
72860
72881
72890
72904
72915
72922
72957
72971
72987
72994
73024
73032
73077
73109
73121
73157
73201
73238
73242
73276
73287
73420
73443
73455
73484
73551
73554
73568
73612
73647
73676
73689
73692
73705
73762
73797
73831
73873
73903
73915
73939
73967
73982
74015
74018
74044
74098
74101
74172
74233
74266
74331
74335
74337
74410
74417
74435
74461
74538
74561
74578
74590
74611
74637
74645
74692
74734
74765
74772
74787
74854
74875
74881
74888
74912
74926
74949
74959
74983
75027
75046
75084
75117
75148
75177
75188
75232
75252
75257
75289
75374
75406
75452
75454
75510
75540
75617
75648
75653
75674
75703
75714
75762
75788
75790
75793
75801
75825
75829
75873
75895
75915
75968
76025
76035
76044
76061
76088
76099
76134
76146
76167
76170
76189
76210
76241
76278
76346
76352
76405
76432
76444
76472
76487
76495
76510
76532
76537
76544
76601
76602
76628
76644
76651
76665
76690
76719
76730
76757
76770
76798
76804
76811
76846
76857
76861
76888
76954
76985
77006
77008
77030
77069
77074
77103
77134
77150
77174
77195
77220
77248
77255
77263
77288
77303
77307
77364
77378
77419
77443
77445
77461
77471
77499
77523
77558
77591
77694
77699
77732
77739
77774
77830
77845
77855
77857
77876
77949
77960
77977
77984
78055
78100
78112
78130
78136
78144
78161
78166
78176
78191
78199
78240
78255
78278
78293
78298
78342
78352
78386
78404
78433
78457
78475
78494
78517
78527
78528
78572
78594
78604
78630
78667
78683
78698
78812
78868
78875
78904
78970
79016
79018
79036
79042
79055
79069
79121
79152
79159
79169
79181
79201
79209
79255
79269
79285
79332
79343
79367
79394
79413
79499
79519
79545
79564
79591
79627
79634
79645
79696
79722
79728
79798
79831
79846
79854
79875
79948
80004
80036
80051
80085
80088
80095
80117
80138
80173
80195
80221
80238
80283
80295
80364
80386
80397
80464
80515
80567
80633
80652
80660
80685
80693
80694
80704
80715
80724
80733
80743
80754
80768
80792
80794
80801
80812
80835
80839
80844
80863
80869
80874
80895
80908
80913
80927
80932
80951
80952
80972
80978
81008
81015
81035
81058
81077
81083
81102
81118
81135
81142
81150
81191
81202
81204
81216
81227
81235
81250
81257
81269
81288
81310
81320
81362
81369
81385
81390
81420
81429
81439
81470
81475
81477
81485
81497
81512
81521
81530
81548
81559
81567
81579
81609
81638
81640
81650
81668
81673
81701
81705
81721
81739
81761
81762
81781
81794
81799
81837
81884
81894
81906
81924
81942
81951
81986
82020
82031
82035
82050
82055
82061
82083
82098
82105
82119
82129
82165
82191
82206
82216
82235
82244
82273
82280
82288
82295
82316
82326
82342
82353
82363
82392
82432
82472
82486
82489
82511
82525
82530
82541
82574
82579
82581
82606
82626
82631
82653
82688
82710
82717
82741
82748
82800
82805
82810
82835
82840
82862
82874
82885
82901
82912
82924
82971
82976
82996
83001
83011
83027
83071
83094
83103
83115
83134
83136
83147
83178
83193
83196
83211
83218
83230
83233
83249
83251
83277
83303
83340
83370
83375
83384
83418
83451
83460
83479
83498
83523
83544
83549
83559
83570
83615
83635
83637
83649
83653
83669
83674
83676
83710
83716
83727
83747
83768
83778
83785
83814
83839
83851
83868
83883
83888
83895
83923
83936
83961
83978
83992
84051
84057
84079
84090
84105
84122
84129
84166
84169
84198
84214
84216
84239
84257
84280
84287
84302
84309
84313
84339
84361
84369
84374
84390
84397
84419
84465
84468
84480
84485
84511
84547
84549
84578
84605
84615
84641
84682
84710
84736
84791
84805
84807
84832
84868
84892
84975
85009
85031
85039
85062
85069
85085
85116
85135
85161
85187
85193
85221
85224
85238
85267
85304
85314
85341
85370
85377
85391
85412
85444
85476
85483
85521
85535
85544
85555
85562
85606
85613
85625
85641
85704
85735
85767
85774
85779
85786
85802
85831
85833
85843
85851
85856
85870
85873
85878
85895
85902
85907
85934
85940
85947
85958
85988
85993
86035
86052
86063
86083
86104
86111
86115
86149
86151
86168
86187
86206
86224
86236
86262
86268
86288
86296
86300
86314
86353
86393
86422
86430
86435
86440
86465
86474
86485
86508
86527
86537
86538
86544
86554
86558
86565
86607
86619
86647
86655
86677
86683
86705
86721
86744
86754
86759
86768
86779
86805
86824
86844
86868
86877
86885
86886
86905
86924
86939
86947
86957
86970
86987
87014
87028
87034
87061
87106
87118
87132
87185
87202
87206
87218
87263
87271
87281
87282
87299
87304
87315
87319
87324
87343
87385
87387
87416
87441
87461
87489
87500
87505
87510
87519
87554
87556
87605
87609
87645
87650
87670
87693
87696
87716
87729
87734
87739
87754
87782
87813
87818
87834
87842
87844
87849
87880
87894
87910
87941
87944
87993
88018
88022
88029
88054
88060
88062
88090
88101
88110
88127
88147
88165
88171
88202
88247
88269
88274
88276
88302
88332
88367
88375
88393
88415
88477
88504
88508
88520
88545
88548
88556
88563
88571
88640
88672
88694
88702
88722
88727
88775
88786
88792
88800
88813
88849
88857
88861
88868
88880
88916
88933
88935
88938
88976
89018
89027
89064
89099
89122
89124
89144
89146
89162
89219
89246
89261
89267
89280
89301
89319
89339
89348
89363
89396
89398
89420
89427
89438
89496
89515
89563
89571
89591
89611
89631
89667
89705
89715
89776
89781
89796
89848
89868
89875
89896
89918
89922
89975
89989
90001
90051
90058
90075
90081
90095
90116
90118
90122
90138
90157
90164
90207
90321
90335
90341
90369
90385
90407
90408
90413
90441
90516
90574
90579
90590
90640
90664
90704
90726
90771
90797
90800
90802
90816
90839
90840
90850
90854
90874
90877
90893
90903
90933
90937
90952
90959
90962
90995
91009
91035
91043
91059
91070
91086
91092
91115
91118
91138
91142
91163
91170
91179
91186
91200
91211
91219
91255
91261
91298
91318
91328
91342
91347
91355
91378
91381
91393
91422
91428
91444
91492
91498
91518
91542
91563
91568
91575
91589
91593
91618
91629
91651
91660
91693
91719
91722
91756
91766
91783
91805
91817
91818
91835
91853
91863
91879
91900
91929
91952
91990
91994
92013
92026
92029
92039
92050
92085
92098
92122
92128
92133
92136
92182
92190
92205
92229
92242
92246
92258
92263
92278
92282
92340
92358
92387
92390
92415
92420
92427
92461
92471
92472
92507
92528
92537
92539
92561
92585
92600
92620
92638
92681
92682
92696
92756
92808
92822
92841
92855
92857
92864
92899
92937
92941
92951
92960
93023
93025
93044
93069
93073
93087
93096
93120
93165
93169
93176
93198
93205
93240
93257
93280
93287
93293
93298
93326
93328
93343
93369
93382
93407
93428
93450
93466
93469
93482
93491
93500
93514
93585
93604
93636
93653
93666
93687
93710
93714
93750
93759
93796
93802
93816
93853
93866
93871
93939
93947
93981
93984
93998
94066
94078
94088
94099
94115
94121
94145
94159
94181
94207
94222
94292
94319
94378
94395
94399
94413
94417
94429
94439
94442
94444
94474
94486
94518
94560
94595
94612
94639
94647
94653
94685
94691
94724
94793
94817
94843
94866
94889
94915
94927
94932
94961
94983
95079
95095
95117
95120
95154
95171
95192
95201
95247
95250
95262
95285
95313
95332
95352
95366
95371
95397
95425
95453
95489
95531
95584
95615
95623
95642
95680
95702
95723
95781
95798
95823
95832
95851
95856
95866
95879
95887
95913
95928
95957
95963
95969
95986
96007
96044
96066
96085
96091
96117
96124
96139
96160
96179
96182
96187
96192
96236
96238
96249
96282
96293
96294
96321
96344
96352
96359
96361
96400
96436
96441
96444
96510
96522
96541
96559
96569
96595
96636
96654
96670
96676
96681
96694
96716
96743
96748
96758
96769
96812
96814
96848
96858
96898
96911
96917
96930
96948
96994
97007
97029
97032
97052
97061
97068
97087
97127
97136
97145
97156
97158
97179
97205
97227
97232
97257
97267
97317
97341
97354
97394
97447
97452
97457
97458
97464
97487
97509
97513
97556
97574
97578
97598
97605
97622
97627
97635
97653
97658
97686
97702
97724
97746
97761
97792
97811
97816
97834
97837
97907
97954
97958
97970
97981
98033
98071
98080
98103
98110
98116
98148
98182
98201
98223
98248
98269
98279
98297
98299
98321
98323
98398
98417
98422
98426
98493
98498
98559
98600
98616
98635
98654
98668
98676
98687
98708
98710
98713
98731
98772
98823
98874
98915
98917
98937
98964
98982
99009
99027
99052
99082
99112
99161
99172
99178
99184
99200
99212
99229
99234
99239
99247
99272
99280
99308
99317
99323
99341
99371
99376
99398
99409
99428
99434
99457
99465
99483
99512
99543
99558
99580
99623
99635
99637
99697
99778
99793
99806
99850
99862
99889
99935
99962
100005
100037
100067
100121
100122
100195
100274
100295
100302
100309
100330
100355
100385
100458
100490
100504
100537
100573
100584
100620
100629
100651
100653
100701
100746
100754
100772
100785
100790
100803
100818
100825
100867
100914
100930
100932
100944
100983
101014
101023
101031
101034
101057
101072
101080
101087
101088
101095
101110
101121
101139
101143
101165
101170
101176
101181
101198
101243
101265
101302
101318
101350
101358
101371
101377
101393
101422
101424
101484
101541
101554
101569
101600
101623
101675
101696
101703
101720
101735
101766
101772
101799
101863
101871
101889
101907
101922
101932
101957
101960
101981
102003
102029
102054
102074
102092
102096
102101
102111
102147
102155
102206
102208
102227
102233
102295
102318
102352
102368
102390
102407
102425
102430
102468
102476
102488
102490
102571
102573
102580
102588
102606
102611
102613
102629
102677
102736
102773
102815
102832
102845
102878
102906
102921
102951
102962
102973
102995
103024
103049
103064
103075
103109
103114
103145
103154
103186
103198
103214
103231
103237
103310
103330
103341
103349
103362
103385
103387
103394
103476
103487
103500
103508
103532
103553
103555
103573
103602
103611
103655
103668
103707
103752
103767
103776
103793
103837
103862
103883
103915
103951
103956
103963
103990
104003
104011
104030
104041
104100
104127
104134
104138
104170
104242
104256
104290
104293
104339
104364
104370
104387
104409
104431
104436
104445
104496
104535
104561
104563
104589
104598
104630
104648
104660
104674
104697
104729
104754
104775
104780
104819
104824
104866
104900
104902
104913
104963
105011
105036
105054
105079
105103
105112
105124
105188
105207
105226
105237
105242
105286
105301
105311
105403
105416
105423
105445
105450
105490
105502
105508
105581
105646
105668
105701
105717
105742
105763
105805
105839
105870
105887
105909
105912
105919
105934
106006
106012
106022
106041
106051
106063
106072
106099
106141
106143
106172
106180
106190
106231
106271
106305
106335
106340
106367
106390
106412
106414
106416
106472
106548
106554
106574
106582
106621
106627
106662
106667
106680
106700
106716
106734
106747
106784
106803
106871
106891
106903
106909
106945
106947
106969
106995
107010
107054
107086
107093
107103
107109
107143
107152
107170
107193
107218
107232
107277
107296
107330
107345
107357
107362
107381
107421
107456
107466
107489
107502
107547
107569
107597
107607
107626
107651
107660
107704
107708
107721
107753
107766
107776
107818
107830
107865
107943
107960
107976
107981
108009
108022
108038
108060
108098
108113
108153
108163
108179
108186
108199
108232
108244
108255
108262
108287
108301
108331
108344
108382
108386
108410
108461
108466
108481
108495
108524
108557
108570
108593
108629
108689
108762
108784
108813
108826
108874
108887
108901
108949
108954
108964
109000
109035
109044
109076
109108
109128
109138
109191
109202
109252
109262
109270
109294
109311
109348
109367
109380
109426
109463
109468
109476
109499
109539
109577
109579
109586
109588
109607
109681
109716
109747
109773
109810
109813
109826
109857
109860
109959
109970
109981
110019
110053
110068
110155
110167
110172
110231
110251
110281
110288
110326
110328
110351
110377
110385
110421
110437
110495
110497
110525
110535
110612
110629
110631
110703
110736
110774
110826
110842
110855
110863
110884
110899
110933
110968
110973
110994
111002
111027
111034
111052
111062
111090
111130
111179
111197
111236
111266
111341
111357
111406
111421
111426
111432
111467
111495
111535
111554
111605
111654
111666
111692
111707
111709
111723
111743
111751
111783
111795
111825
111858
111882
111923
111950
111973
111980
112000
112040
112074
112103
112123
112150
112169
112204
112236
112281
112363
112384
112405
112440
112469
112493
112496
112532
112554
112561
112581
112603
112627
112652
112665
112670
112686
112692
112698
112713
112775
112811
112820
112839
112845
112861
112918
112937
112948
113009
113036
113061
113087
113096
113120
113131
113140
113161
113169
113199
113244
113275
113277
113282
113293
113310
113336
113397
113429
113445
113449
113480
113488
113504
113520
113560
113571
113593
113609
113628
113636
113656
113663
113700
113723
113731
113774
113815
113823
113864
113866
113872
113941
113947
113953
113973
113996
114000
114015
114047
114109
114138
114143
114150
114162
114190
114207
114252
114286
114315
114335
114349
114375
114399
114443
114451
114465
114509
114534
114547
114562
114597
114610
114644
114707
114734
114747
114861
114875
114895
114904
114988
115003
115027
115089
115143
115190
115210
115217
115226
115246
115256
115327
115339
115350
115384
115412
115434
115453
115472
115528
115544
115577
115591
115630
115638
115660
115662
115761
115764
115834
115846
115869
115891
115926
115943
115989
115996
116008
116028
116049
116053
116086
116126
116137
116145
116222
116230
116234
116245
116256
116291
116310
116338
116364
116385
116430
116499
116506
116508
116564
116580
116589
116605
116610
116615
116686
116701
116703
116718
116738
116773
116796
116822
116865
116883
116887
116908
116945
116987
117054
117144
117199
117211
117232
117277
117298
117314
117333
117361
117363
117393
117497
117504
117530
117536
117583
117619
117642
117668
117701
117705
117728
117742
117761
117818
117881
117900
117919
117976
118002
118016
118044
118070
118077
118082
118089
118108
118132
118160
118178
118201
118214
118241
118319
118337
118342
118358
118389
118449
118467
118495
118528
118552
118561
118604
118615
118655
118773
118794
118814
118825
118882
118903
118911
118943
118944
118976
118988
119010
119055
119079
119082
119111
119135
119227
119233
119252
119288
119333
119355
119486
119493
119497
119511
119541
119566
119574
119617
119647
119658
119693
119732
119754
119759
119778
119795
119869
119879
119901
119982
120045
120080
120122
120163
120165
120173
120243
120299
120323
120340
120395
120411
120438
120514
120521
120543
120650
120744
120814
120830
120840
120865
120880
120916
120934
120939
120982
121019
121027
121032
121043
121045
121051
121062
121096
121103
121112
121143
121153
121186
121190
121202
121220
121224
121234
121257
121275
121279
121290
121303
121338
121344
121379
121393
121405
121419
121446
121461
121467
121478
121482
121499
121504
121521
121545
121558
121576
121599
121606
121621
121631
121689
121692
121713
121734
121767
121774
121784
121786
121801
121813
121824
121855
121869
121890
121901
121913
121927
121936
121948
121961
121980
121987
121989
121997
122002
122034
122039
122058
122069
122074
122081
122118
122125
122138
122154
122172
122177
122178
122195
122216
122244
122253
122282
122305
122350
122365
122371
122386
122390
122403
122447
122450
122455
122491
122503
122513
122514
122531
122559
122564
122579
122581
122615
122620
122626
122650
122652
122687
122701
122711
122726
122731
122800
122807
122825
122827
122834
122840
122885
122916
122937
122951
122972
122990
122995
123000
123042
123053
123056
123081
123114
123133
123155
123161
123176
123217
123224
123236
123245
123250
123274
123294
123299
123318
123341
123361
123369
123373
123386
123400
123423
123444
123483
123494
123502
123522
123527
123532
123547
123569
123571
123606
123615
123664
123681
123697
123719
123748
123753
123756
123802
123808
123823
123842
123863
123870
123875
123882
123932
123947
123967
123973
123988
124016
124025
124040
124054
124063
124106
124122
124129
124161
124212
124239
124248
124276
124323
124369
124394
124420
124433
124440
124447
124461
124475
124478
124490
124528
124535
124556
124574
124600
124620
124674
124685
124690
124714
124717
124775
124787
124856
124872
124885
124930
124937
124966
124985
125031
125055
125069
125080
125090
125092
125127
125133
125171
125193
125210
125232
125272
125287
125356
125368
125375
125401
125413
125437
125469
125481
125512
125524
125529
125550
125598
125607
125614
125652
125675
125715
125749
125779
125807
125846
125859
125881
125900
125926
125944
125975
126039
126045
126055
126064
126075
126101
126114
126125
126174
126184
126202
126221
126225
126243
126248
126279
126289
126307
126326
126332
126350
126389
126421
126447
126466
126468
126502
126504
126515
126541
126554
126563
126569
126620
126631
126658
126670
126674
126689
126699
126706
126732
126762
126767
126776
126815
126828
126842
126858
126867
126886
126890
126917
126939
126948
126984
126995
127021
127028
127051
127080
127102
127107
127116
127168
127185
127204
127215
127238
127250
127259
127281
127291
127321
127334
127339
127350
127362
127375
127409
127410
127438
127486
127501
127518
127538
127582
127596
127601
127619
127624
127642
127644
127664
127682
127712
127731
127739
127757
127770
127782
127788
127821
127824
127863
127898
127907
127923
127935
127958
127991
128022
128038
128090
128111
128117
128122
128133
128143
128165
128176
128188
128195
128220
128225
128248
128256
128267
128276
128301
128313
128329
128351
128362
128375
128416
128426
128437
128447
128460
128491
128505
128526
128552
128570
128590
128605
128612
128631
128665
128690
128704
128715
128768
128779
128788
128835
128840
128900
128938
128951
128960
128987
128989
129001
129013
129048
129067
129069
129078
129085
129090
129095
129112
129127
129157
129172
129180
129185
129210
129239
129255
129270
129336
129366
129376
129388
129424
129447
129474
129489
129502
129534
129554
129565
129576
129641
129686
129700
129761
129772
129791
129795
129802
129825
129856
129860
129884
129886
129909
129939
129959
129968
130003
130009
130016
130032
130054
130064
130099
130129
130136
130159
130206
130253
130259
130282
130295
130304
130335
130341
130363
130370
130411
130431
130469
130473
130490
130496
130506
130569
130572
130591
130597
130628
130630
130647
130650
130704
130715
130728
130787
130876
130917
130941
130946
130977
130990
130996
131047
131071
131102
131108
131128
131132
131140
131187
131191
131208
131265
131291
131300
131312
131319
131324
131359
131365
131397
131432
131447
131464
131468
131492
131501
131535
131553
131566
131568
131582
131629
131640
131650
131687
131702
131722
131733
131755
131785
131830
131839
131844
131851
131865
131896
131901
131927
131936
131953
131968
132010
132012
132057
132070
132077
132092
132099
132122
132124
132129
132178
132200
132209
132233
132248
132266
132273
132306
132358
132417
132443
132462
132479
132480
132491
132521
132526
132542
132606
132639
132645
132651
132655
132675
132696
132703
132724
132729
132739
132754
132773
132806
132813
132818
132876
132888
132911
132917
132943
132962
132984
133006
133013
133023
133028
133055
133060
133068
133095
133112
133143
133150
133153
133166
133191
133202
133234
133237
133254
133274
133289
133290
133305
133349
133360
133384
133403
133409
133421
133447
133497
133537
133549
133569
133587
133598
133619
133653
133678
133686
133695
133713
133740
133799
133860
133871
133888
133900
133943
133968
133990
134013
134017
134022
134031
134045
134071
134082
134108
134130
134149
134162
134224
134246
134268
134331
134350
134358
134363
134403
134409
134433
134438
134466
134471
134506
134539
134564
134579
134602
134643
134669
134714
134741
134746
134761
134773
134805
134829
134861
134897
134911
134946
134987
135027
135056
135088
135115
135151
135160
135170
135213
135267
135274
135290
135326
135337
135345
135423
135456
135471
135514
135529
135560
135594
135640
135665
135675
135687
135707
135714
135723
135748
135771
135779
135798
135819
135879
135912
135940
135964
135991
135997
136017
136021
136032
136053
136073
136086
136109
136121
136129
136144
136169
136177
136236
136243
136251
136271
136277
136284
136299
136334
136347
136359
136393
136400
136416
136438
136452
136469
136479
136493
136515
136539
136554
136580
136591
136653
136688
136699
136713
136724
136731
136752
136769
136782
136828
136830
136865
136867
136885
136916
136928
136930
136943
136950
136978
136985
137014
137020
137047
137053
137103
137112
137126
137132
137157
137182
137221
137275
137285
137301
137304
137339
137355
137361
137440
137445
137462
137475
137533
137569
137574
137611
137627
137697
137725
137777
137802
137815
137820
137827
137873
137884
137889
137892
137919
137956
137978
137996
138007
138013
138026
138048
138061
138087
138111
138136
138167
138197
138208
138219
138286
138308
138315
138324
138347
138378
138398
138431
138451
138463
138472
138480
138548
138550
138562
138574
138585
138606
138615
138633
138643
138706
138733
138759
138765
138772
138791
138813
138844
138857
138896
138916
138943
138958
138965
139031
139052
139075
139084
139090
139138
139150
139171
139197
139226
139242
139250
139256
139264
139305
139308
139329
139372
139400
139402
139418
139432
139445
139449
139511
139517
139523
139528
139544
139582
139611
139618
139637
139641
139668
139690
139718
139742
139747
139754
139804
139857
139874
139879
139889
139909
139925
139931
139985
140023
140029
140041
140066
140100
140145
140160
140171
140202
140221
140239
140266
140280
140285
140350
140360
140369
140374
140391
140463
140484
140510
140516
140532
140568
140629
140636
140646
140653
140698
140788
140832
140858
140886
140905
140950
140953
140965
140990
141012
141035
141041
141060
141091
141113
141129
141167
141186
141191
141230
141234
141263
141266
141313
141327
141340
141350
141377
141378
141398
141415
141429
141432
141458
141460
141473
141489
141493
141515
141533
141566
141568
141613
141636
141657
141701
141707
141713
141722
141729
141757
141788
141798
141850
141864
141893
141934
141951
141961
141974
142001
142022
142027
142064
142084
142107
142111
142128
142156
142158
142167
142187
142211
142258
142273
142293
142322
142336
142351
142362
142381
142394
142433
142438
142467
142478
142489
142497
142513
142556
142606
142618
142620
142629
142648
142662
142679
142702
142715
142718
142740
142782
142806
142850
142876
142901
142907
142912
142966
143007
143016
143081
143101
143131
143137
143218
143233
143283
143301
143346
143351
143362
143382
143423
143454
143466
143481
143514
143525
143564
143611
143622
143651
143656
143666
143685
143702
143734
143775
143791
143806
143818
143851
143871
143888
143899
143920
143967
143980
143993
144021
144110
144122
144138
144176
144195
144230
144262
144274
144297
144317
144347
144361
144368
144431
144437
144443
144452
144465
144488
144495
144514
144550
144597
144621
144626
144637
144700
144702
144725
144729
144732
144760
144775
144828
144898
144926
144932
145023
145046
145061
145091
145107
145116
145176
145181
145187
145219
145221
145235
145240
145268
145287
145294
145311
145357
145386
145404
145412
145424
145441
145517
145524
145602
145622
145649
145687
145706
145772
145784
145791
145805
145809
145827
145940
145955
145960
145973
145985
146063
146075
146114
146130
146147
146163
146185
146220
146225
146243
146256
146290
146319
146324
146354
146359
146381
146397
146404
146410
146438
146446
146476
146500
146536
146551
146561
146582
146602
146617
146644
146663
146676
146681
146719
146775
146787
146796
146817
146821
146850
146878
146881
146895
146904
146933
146943
146949
146959
146964
146980
147046
147063
147077
147135
147165
147189
147202
147206
147238
147240
147262
147278
147289
147305
147313
147473
147494
147555
147560
147578
147599
147611
147627
147649
147669
147672
147691
147709
147743
147757
147792
147811
147820
147825
147850
147857
147901
147924
147932
147953
147963
147983
148042
148077
148095
148124
148160
148170
148191
148208
148275
148331
148360
148365
148421
148428
148487
148504
148529
148551
148556
148575
148590
148629
148632
148651
148657
148680
148702
148729
148742
148747
148799
148813
148824
148869
148913
148922
148938
148989
149003
149010
149059
149066
149090
149104
149121
149132
149141
149148
149167
149201
149247
149273
149313
149333
149336
149390
149394
149403
149443
149488
149504
149573
149603
149635
149644
149659
149722
149744
149770
149794
149807
149894
149936
149970
149987
149992
150006
150039
150055
150085
150092
150143
150184
150220
150258
150270
150312
150352
150363
150374
150427
150466
150470
150482
150549
150561
150640
150645
150656
150681
150695
150701
150766
150774
150859
150874
150920
150945
150955
150982
150988
151034
151049
151068
151107
151136
151144
151158
151185
151189
151210
151270
151293
151309
151319
151387
151434
151483
151492
151500
151519
151538
151558
151568
151588
151601
151629
151637
151650
151699
151715
151731
151743
151758
151795
151806
151815
151838
151859
151925
151979
151996
152016
152021
152033
152073
152093
152098
152100
152135
152148
152155
152162
152185
152207
152220
152255
152280
152308
152343
152371
152398
152409
152434
152438
152457
152470
152482
152524
152613
152633
152667
152708
152722
152745
152748
152790
152816
152844
152856
152863
152914
152936
152950
152971
152982
153026
153045
153069
153081
153099
153104
153124
153131
153171
153215
153259
153280
153300
153309
153328
153335
153348
153356
153382
153402
153411
153444
153508
153516
153545
153576
153615
153640
153655
153727
153744
153755
153793
153806
153858
153905
153952
153971
154003
154009
154029
154045
154069
154131
154169
154195
154204
154237
154257
154267
154283
154344
154349
154371
154403
154409
154444
154532
154571
154592
154608
154679
154691
154724
154825
154838
154872
154913
154936
154970
154988
155036
155038
155058
155063
155081
155103
155109
155138
155252
155261
155331
155340
155356
155361
155366
155381
155388
155436
155451
155460
155525
155600
155602
155663
155664
155796
155813
155819
155833
155870
155889
155922
155956
155988
156009
156027
156077
156100
156130
156271
156297
156300
156348
156359
156393
156407
156408
156418
156422
156463
156486
156505
156521
156570
156589
156613
156692
156696
156745
156787
156795
156814
156837
156868
156911
156937
156994
157007
157016
157052
157058
157073
157082
157093
157127
157157
157196
157204
157217
157341
157388
157402
157425
157446
157452
157491
157499
157519
157524
157543
157545
157570
157597
157649
157673
157707
157725
157741
157767
157818
157836
157862
157884
157892
157901
157962
157979
157986
158005
158010
158024
158056
158060
158135
158147
158162
158177
158195
158246
158292
158301
158328
158387
158413
158418
158456
158471
158493
158512
158545
158579
158587
158614
158662
158664
158721
158746
158767
158775
158799
158850
158887
158912
158924
158933
158945
158983
159006
159023
159067
159126
159161
159193
159206
159217
159235
159279
159286
159351
159417
159462
159478
159546
159562
159573
159594
159599
159615
159775
159814
159836
159844
159905
159931
159944
159968
159976
159993
160045
160072
160086
160160
160190
160211
160243
160318
160359
160403
160418
160463
160472
160513
160527
160563
160609
160622
160667
160674
160731
160742
160786
160825
160852
160990
161027
161080
161127
161152
161164
161175
161189
161234
161273
161295
161335
161349
161362
161377
161382
161423
161425
161444
161466
161473
161480
161495
161528
161547
161556
161567
161584
161588
161593
161617
161633
161635
161644
161649
161666
161673
161692
161707
161716
161755
161762
161781
161794
161797
161817
161840
161849
161862
161897
161919
161951
161985
162002
162053
162060
162077
162081
162092
162099
162104
162143
162154
162183
162198
162214
162240
162245
162266
162268
162301
162320
162322
162351
162378
162384
162405
162411
162417
162450
162466
162468
162484
162486
162515
162542
162568
162579
162583
162612
162651
162658
162670
162692
162711
162723
162762
162773
162788
162795
162813
162865
162898
162901
162919
162937
162951
162975
163004
163008
163022
163030
163053
163059
163079
163081
163106
163135
163154
163163
163165
163172
163177
163215
163233
163266
163279
163291
163300
163310
163320
163346
163357
163369
163405
163415
163446
163452
163471
163482
163505
163534
163547
163556
163597
163607
163625
163634
163672
163693
163699
163744
163775
163796
163814
163818
163839
163845
163906
163909
163931
163950
163960
163965
164008
164015
164052
164069
164149
164162
164182
164192
164200
164211
164215
164223
164229
164233
164255
164301
164305
164350
164365
164375
164381
164422
164432
164447
164473
164486
164504
164567
164592
164611
164613
164628
164651
164658
164724
164754
164781
164823
164830
164860
164903
164904
164923
164948
164978
164997
165003
165008
165044
165068
165160
165170
165185
165208
165231
165234
165277
165293
165298
165355
165387
165394
165411
165457
165475
165480
165502
165523
165591
165648
165669
165698
165709
165716
165767
165813
165826
165847
165885
165890
165921
165936
165943
166030
166053
166058
166063
166085
166105
166138
166166
166174
166186
166201
166223
166247
166262
166294
166299
166367
166383
166390
166420
166426
166444
166457
166474
166497
166528
166545
166576
166592
166609
166631
166634
166674
166680
166724
166767
166772
166779
166809
166819
166831
166841
166842
166854
166884
166905
166921
166926
166933
166957
166975
167007
167014
167042
167068
167123
167138
167145
167156
167167
167177
167204
167217
167222
167232
167252
167279
167287
167296
167304
167315
167317
167323
167346
167363
167379
167387
167403
167409
167428
167435
167476
167478
167487
167503
167547
167551
167581
167602
167606
167633
167664
167683
167707
167724
167746
167766
167789
167822
167841
167844
167880
167911
167920
167949
167954
168021
168030
168058
168064
168083
168100
168102
168119
168160
168179
168219
168227
168251
168295
168309
168313
168325
168335
168357
168413
168433
168463
168506
168515
168520
168540
168560
168568
168579
168588
168606
168646
168667
168669
168677
168697
168713
168742
168752
168769
168794
168808
168824
168831
168840
168862
168880
168892
168913
168929
169015
169026
169037
169041
169073
169078
169080
169108
169126
169129
169141
169178
169231
169236
169254
169285
169300
169308
169333
169359
169392
169413
169430
169451
169474
169487
169490
169514
169541
169542
169552
169577
169623
169640
169660
169672
169690
169714
169717
169733
169758
169775
169777
169807
169829
169833
169848
169862
169873
169902
169917
169923
169930
169950
170034
170052
170085
170111
170117
170124
170144
170175
170199
170220
170238
170259
170270
170281
170297
170333
170411
170443
170464
170469
170479
170533
170546
170630
170658
170680
170721
170724
170748
170754
170759
170764
170796
170823
170849
170869
170922
170945
170971
171048
171068
171074
171085
171116
171139
171164
171190
171210
171231
171259
171303
171310
171404
171411
171416
171449
171475
171498
171531
171539
171552
171580
171602
171623
171624
171634
171679
171703
171709
171753
171775
171800
171807
171822
171831
171841
171881
171890
171892
171904
171919
171942
171958
171963
171992
172039
172051
172060
172083
172091
172134
172168
172173
172199
172250
172252
172265
172278
172290
172301
172325
172338
172385
172390
172398
172429
172499
172526
172567
172573
172593
172627
172663
172678
172705
172725
172746
172762
172766
172790
172797
172825
172852
172860
172875
172911
172933
172952
172960
172974
173042
173063
173068
173073
173086
173094
173110
173116
173129
173151
173166
173176
173183
173218
173220
173242
173256
173277
173284
173296
173398
173410
173421
173426
173470
173473
173480
173508
173539
173580
173607
173634
173685
173693
173696
173715
173722
173763
173817
173843
173856
173867
173875
173880
173894
173916
173924
173932
173969
173985
174009
174040
174080
174087
174107
174109
174132
174145
174160
174174
174194
174214
174233
174234
174292
174317
174321
174345
174361
174389
174402
174440
174475
174482
174558
174563
174565
174580
174620
174633
174676
174691
174700
174743
174794
174803
174826
174832
174884
174926
174954
174963
175003
175025
175026
175038
175067
175072
175127
175131
175138
175149
175161
175194
175208
175251
175288
175316
175331
175351
175374
175442
175458
175467
175487
175493
175622
175634
175648
175668
175679
175709
175730
175739
175755
175774
175813
175860
175875
175959
175972
176003
176034
176057
176071
176085
176199
176214
176282
176311
176326
176367
176420
176439
176512
176524
176535
176553
176624
176639
176646
176671
176691
176722
176737
176805
176812
176822
176848
176866
176887
176910
176915
176940
176957
176979
176983
177031
177057
177075
177134
177165
177196
177224
177249
177269
177296
177306
177330
177347
177349
177361
177431
177453
177478
177495
177549
177553
177561
177584
177610
177623
177630
177647
177662
177667
177674
177692
177714
177723
177769
177771
177776
177816
177830
177882
177890
177916
177926
177965
177987
178013
178043
178046
178068
178075
178100
178142
178148
178201
178220
178224
178253
178288
178315
178331
178338
178361
178393
178417
178429
178444
178469
178498
178532
178605
178618
178625
178636
178646
178675
178691
178722
178739
178741
178789
178803
178871
178874
178893
178918
178938
178959
178983
179005
179028
179056
179063
179097
179118
179123
179154
179182
179205
179246
179268
179311
179340
179345
179374
179422
179454
179503
179542
179567
179571
179586
179615
179621
179681
179715
179756
179760
179795
179797
179810
179846
179878
179926
179937
179977
180049
180065
180081
180137
180142
180159
180198
180204
180226
180298
180320
180332
180334
180351
180373
180401
180427
180449
180478
180562
180575
180620
180648
180673
180678
180693
180758
180764
180766
180775
180792
180807
180820
180860
180880
180884
180894
180904
180921
180925
180969
181049
181065
181075
181127
181143
181168
181189
181202
181280
181314
181336
181384
181395
181401
181454
181464
181486
181493
181503
181506
181530
181535
181544
181564
181566
181572
181618
181645
181650
181663
181669
181703
181752
181767
181778
181785
181804
181830
181855
181882
181898
181917
181927
181947
181951
181976
181991
182017
182055
182062
182076
182130
182197
182210
182245
182252
182260
182275
182291
182300
182309
182319
182371
182384
182392
182441
182454
182466
182499
182521
182523
182571
182603
182606
182612
182631
182638
182648
182650
182680
182762
182781
182814
182840
182887
182901
182964
182969
182980
182982
183010
183047
183170
183175
183189
183197
183210
183263
183264
183277
183299
183321
183361
183375
183390
183407
183417
183450
183459
183480
183499
183527
183551
183555
183578
183580
183630
183642
183670
183681
183713
183735
183773
183776
183833
183845
183857
183880
183905
183906
183962
183980
184006
184028
184051
184069
184085
184143
184186
184225
184243
184279
184284
184339
184366
184385
184387
184395
184461
184467
184487
184509
184530
184556
184571
184589
184653
184668
184716
184721
184740
184784
184795
184815
184820
184822
184824
184843
184874
184923
184929
184942
184998
185094
185147
185183
185201
185202
185244
185263
185269
185325
185349
185354
185381
185418
185466
185480
185492
185510
185582
185605
185630
185643
185720
185738
185745
185785
185807
185814
185865
185903
185914
185936
185944
186052
186079
186129
186190
186213
186281
186305
186307
186350
186394
186398
186438
186450
186493
186508
186537
186541
186568
186596
186646
186665
186666
186687
186704
186743
186747
186755
186831
186848
186855
186862
186873
186877
186889
186937
186963
186990
187002
187007
187032
187037
187066
187073
187091
187107
187132
187170
187192
187229
187264
187302
187309
187324
187326
187384
187412
187429
187467
187475
187488
187540
187583
187617
187634
187662
187692
187727
187728
187745
187762
187768
187801
187808
187851
187859
187875
187881
187895
187951
187984
188009
188018
188020
188033
188038
188050
188088
188117
188141
188163
188204
188206
188227
188232
188258
188279
188282
188321
188333
188404
188426
188446
188469
188490
188499
188526
188554
188572
188590
188598
188640
188647
188659
188676
188683
188750
188756
188777
188842
188966
188989
189030
189046
189081
189091
189142
189152
189171
189210
189226
189295
189304
189335
189431
189445
189466
189485
189516
189571
189593
189615
189632
189639
189670
189684
189704
189748
189758
189781
189792
189820
189895
189958
189987
190002
190068
190073
190088
190173
190209
190223
190249
190307
190321
190350
190380
190431
190466
190506
190623
190644
190688
190700
190725
190747
190772
190818
190842
190868
190911
190934
190961
190983
191026
191060
191070
191102
191124
191137
191149
191207
191232
191256
191332
191371
191380
191392
191425
191437
191447
191457
191494
191521
191548
191559
191583
191615
191620
191658
191666
191685
191721
191746
191758
191780
191828
191836
191855
191869
191875
191893
191903
191914
191940
191971
192016
192024
192058
192107
192136
192146
192172
192192
192215
192218
192288
192298
192309
192316
192326
192349
192364
192393
192406
192445
192451
192501
192507
192516
192566
192574
192602
192674
192694
192707
192714
192739
192741
192761
192778
192801
192851
192902
192929
192945
193000
193061
193071
193082
193109
193124
193133
193155
193179
193200
193273
193319
193320
193346
193348
193370
193465
193480
193485
193528
193533
193566
193572
193601
193624
193644
193669
193698
193717
193723
193735
193764
193812
193861
193883
193919
193935
193972
194094
194146
194162
194178
194200
194237
194270
194319
194330
194341
194352
194379
194451
194474
194481
194499
194536
194544
194558
194580
194591
194625
194643
194673
194750
194754
194831
194871
194934
194961
195051
195056
195116
195125
195152
195237
195242
195291
195326
195340
195350
195411
195442
195456
195499
195508
195537
195573
195595
195639
195659
195673
195696
195732
195756
195837
195848
195875
195881
195936
195958
195966
196027
196108
196138
196153
196173
196196
196212
196217
196233
196236
196336
196365
196390
196481
196489
196555
196571
196610
196655
196672
196682
196815
196835
196857
196882
196913
196933
196950
196978
196980
197006
197008
197033
197068
197078
197116
197138
197143
197149
197188
197214
197234
197243
197299
197314
197321
197344
197407
197456
197493
197499
197518
197524
197526
197575
197613
197658
197675
197682
197690
197719
197737
197791
197826
197831
197846
197889
197937
197954
197960
197969
197976
198155
198160
198170
198175
198214
198233
198242
198272
198283
198307
198325
198389
198390
198396
198417
198428
198430
198445
198452
198506
198543
198553
198590
198644
198656
198665
198712
198717
198739
198815
198841
198903
198918
198934
198961
198986
199006
199024
199040
199140
199155
199213
199262
199287
199302
199308
199334
199410
199426
199447
199472
199480
199521
199558
199575
199584
199687
199707
199785
199788
199799
199836
199842
199927
199949
199968
200025
200083
200088
200105
200116
200195
200225
200238
200243
200279
200314
200328
200372
200377
200389
200459
200490
200548
200553
200556
200571
200632
200660
200687
200702
200733
200764
200774
200790
200901
200949
200972
200995
201007
201159
201172
201196
201203
201216
201231
201249
201270
201282
201299
201302
201347
201366
201439
201467
201533
201556
201647
201669
201694
201736
201758
201775
201785
201798
201807
201814
201818
201901
201913
201927
201933
201938
201967
201986
202004
202008
202022
202027
202050
202086
202096
202103
202105
202127
202153
202179
202207
202261
202263
202272
202295
202303
202308
202317
202342
202346
202352
202391
202403
202410
202426
202447
202469
202474
202480
202496
202505
202510
202516
202518
202569
202603
202612
202619
202633
202638
202648
202658
202689
202694
202707
202737
202756
202769
202788
202797
202800
202823
202835
202844
202852
202857
202882
202903
202923
202967
202984
202994
203001
203012
203046
203051
203053
203071
203102
203133
203175
203192
203207
203262
203290
203301
203310
203317
203350
203383
203410
203416
203431
203433
203499
203511
203531
203562
203594
203614
203630
203640
203683
203706
203719
203724
203747
203749
203761
203775
203781
203797
203838
203867
203870
203875
203890
203907
203922
203929
203971
203973
203996
204009
204095
204109
204122
204137
204163
204195
204219
204239
204244
204252
204279
204316
204323
204358
204402
204422
204429
204461
204472
204482
204497
204502
204555
204561
204583
204585
204588
204604
204674
204680
204690
204703
204711
204718
204726
204762
204786
204791
204796
204807
204827
204829
204867
204889
204931
204954
204994
205036
205070
205072
205105
205110
205117
205147
205149
205227
205250
205264
205268
205307
205322
205347
205365
205388
205406
205420
205444
205487
205506
205530
205561
205597
205618
205621
205654
205660
205682
205707
205762
205773
205793
205812
205829
205842
205887
205905
205933
205949
205971
206008
206012
206033
206059
206086
206088
206111
206126
206167
206172
206220
206249
206273
206309
206386
206422
206447
206452
206458
206481
206502
206546
206621
206648
206657
206681
206698
206726
206742
206779
206796
206819
206826
206842
206862
206874
206882
206900
206907
206950
206960
206962
206993
207049
207076
207100
207113
207133
207151
207174
207179
207212
207225
207248
207278
207310
207346
207398
207443
207451
207457
207490
207492
207511
207539
207556
207579
207590
207621
207633
207648
207658
207680
207682
207731
207756
207799
207809
207810
207818
207824
207850
207866
207880
207885
207891
207921
207935
207958
207962
207964
208003
208013
208041
208062
208071
208074
208103
208110
208126
208129
208151
208180
208208
208227
208236
208245
208252
208257
208281
208302
208350
208366
208378
208380
208397
208409
208429
208477
208491
208520
208579
208609
208637
208647
208662
208717
208727
208733
208745
208754
208779
208783
208811
208896
208906
208920
208935
208961
208963
208997
209004
209033
209040
209053
209110
209126
209142
209174
209223
209235
209250
209313
209335
209353
209371
209383
209419
209434
209460
209465
209516
209532
209557
209575
209594
209609
209644
209706
209742
209758
209774
209781
209809
209851
209866
209919
209932
209940
209957
210013
210030
210070
210087
210120
210145
210161
210169
210206
210314
210350
210372
210377
210404
210406
210421
210426
210431
210444
210544
210553
210555
210575
210577
210614
210621
210625
210644
210689
210726
210738
210763
210800
210834
210851
210884
210892
210922
210942
210959
211011
211016
211051
211056
211073
211109
211132
211150
211173
211246
211263
211275
211312
211345
211394
211439
211460
211462
211479
211499
211502
211534
211583
211607
211665
211709
211797
211803
211826
211853
211859
211936
211945
211965
211977
212002
212028
212039
212051
212053
212105
212173
212178
212184
212189
212275
212286
212292
212323
212339
212342
212363
212384
212423
212446
212448
212462
212476
212489
212496
212511
212533
212539
212561
212573
212588
212604
212616
212647
212680
212684
212706
212727
212752
212785
212799
212819
212824
212833
212855
212865
212886
212919
212960
212995
213020
213040
213044
213059
213073
213096
213121
213141
213194
213209
213237
213304
213314
213321
213344
213358
213385
213390
213400
213435
213439
213463
213478
213483
213489
213514
213525
213607
213627
213632
213671
213685
213761
213762
213771
213820
213846
213908
213926
213933
213964
214003
214039
214079
214091
214096
214112
214148
214161
214201
214289
214297
214324
214347
214370
214411
214420
214431
214455
214474
214488
214516
214568
214586
214601
214616
214618
214660
214675
214711
214736
214780
214782
214816
214821
214871
214897
214924
214947
214987
214996
215052
215067
215076
215097
215149
215154
215176
215185
215218
215229
215237
215243
215288
215371
215387
215394
215455
215466
215499
215507
215523
215529
215558
215594
215613
215639
215640
215677
215718
215763
215794
215842
215844
215853
215928
215945
215954
215990
216041
216065
216077
216090
216186
216202
216205
216224
216232
216269
216300
216316
216339
216398
216424
216449
216457
216465
216536
216561
216571
216592
216599
216653
216700
216707
216739
216773
216794
216816
216848
216933
216953
216971
216994
216996
217024
217037
217057
217065
217131
217157
217160
217180
217205
217224
217235
217263
217286
217291
217330
217370
217381
217392
217430
217436
217438
217484
217530
217575
217582
217618
217632
217637
217683
217691
217719
217745
217763
217783
217844
217862
217877
217881
217901
217907
217961
217974
217980
218000
218008
218044
218049
218054
218106
218145
218169
218208
218230
218263
218334
218373
218383
218421
218435
218464
218480
218502
218534
218555
218575
218580
218602
218624
218633
218641
218692
218718
218738
218774
218782
218822
218827
218842
218865
218870
218882
218902
218924
218932
218943
218971
219000
219108
219165
219173
219212
219224
219252
219275
219350
219381
219387
219394
219434
219436
219468
219477
219502
219525
219574
219577
219620
219640
219675
219693
219737
219770
219775
219792
219809
219820
219822
219890
219906
219926
219934
219951
219967
219993
220008
220047
220059
220092
220111
220119
220153
220165
220206
220246
220264
220278
220301
220364
220399
220420
220460
220478
220504
220529
220554
220568
220570
220582
220600
220625
220663
220713
220723
220729
220794
220809
220843
220845
220857
220915
220938
220943
220988
220990
221000
221033
221061
221092
221103
221140
221163
221217
221221
221248
221301
221324
221326
221343
221446
221471
221589
221623
221676
221706
221716
221735
221744
221758
221780
221782
221795
221845
221861
221943
221955
221964
221985
221999
222046
222078
222101
222112
222136
222162
222184
222198
222205
222225
222286
222303
222373
222385
222400
222411
222440
222449
222465
222523
222542
222548
222575
222623
222654
222670
222703
222723
222746
222770
222785
222795
222818
222832
222837
222845
222849
222872
222941
222944
222978
222990
223003
223044
223072
223077
223086
223117
223158
223182
223189
223211
223214
223259
223313
223336
223435
223437
223449
223469
223475
223507
223522
223567
223578
223599
223605
223655
223663
223688
223729
223741
223774
223776
223869
223885
223887
223890
223974
223980
224014
224027
224034
224078
224112
224132
224199
224221
224232
224268
224314
224351
224372
224387
224407
224471
224488
224540
224558
224680
224729
224750
224756
224824
224838
224857
224870
224877
224892
224955
225007
225024
225029
225083
225114
225124
225159
225166
225224
225240
225253
225309
225334
225384
225413
225432
225454
225519
225526
225541
225581
225591
225605
225618
225677
225740
225745
225782
225784
225789
225817
225900
225909
225932
226026
226070
226090
226096
226285
226287
226300
226310
226326
226339
226369
226400
226402
226421
226452
226487
226517
226530
226541
226582
226659
226671
226704
226750
226774
226799
226871
226884
226892
226914
226923
226965
226991
227006
227013
227030
227064
227109
227137
227159
227176
227240
227242
227268
227303
227317
227363
227372
227376
227415
227427
227435
227461
227482
227518
227525
227526
227538
227565
227573
227586
227621
227643
227652
227682
227689
227709
227752
227789
227823
227889
227921
227946
227959
227969
228052
228073
228091
228128
228137
228158
228207
228231
228238
228257
228288
228293
228309
228332
228390
228412
228431
228447
228521
228545
228562
228581
228622
228635
228637
228683
228685
228727
228736
228786
228814
228841
228869
228882
228904
228911
228935
228937
228944
228960
229009
229014
229039
229075
229077
229092
229127
229141
229176
229195
229217
229228
229252
229333
229352
229360
229367
229384
229457
229532
229547
229610
229647
229706
229768
229799
229806
229843
229867
229875
229883
229914
229939
229952
229969
230051
230067
230098
230109
230121
230198
230211
230286
230305
230312
230321
230393
230402
230407
230409
230429
230477
230514
230530
230541
230552
230623
230646
230678
230682
230695
230746
230807
230828
230851
230872
230910
230917
230929
230999
231011
231013
231020
231040
231051
231081
231126
231179
231203
231217
231275
231330
231378
231383
231411
231420
231426
231485
231507
231548
231573
231690
231701
231711
231764
231788
231800
231810
231815
231819
231843
231858
231884
231920
231951
231982
231992
232059
232095
232114
232117
232150
232199
232266
232286
232292
232330
232334
232368
232387
232403
232451
232477
232479
232502
232531
232579
232617
232632
232660
232662
232675
232713
232728
232739
232825
232847
232854
232866
232872
232933
232948
233006
233038
233056
233098
233158
233162
233192
233252
233295
233330
233390
233398
233472
233503
233508
233532
233581
233604
233615
233617
233637
233681
233694
233720
233728
233743
233765
233816
233818
233849
233851
233864
233888
233890
233947
233960
233971
233976
234022
234038
234050
234089
234094
234099
234111
234126
234166
234196
234244
234270
234275
234298
234389
234433
234473
234517
234568
234631
234645
234699
234710
234740
234816
234887
234903
234955
234979
234987
234994
235008
235023
235062
235108
235131
235136
235186
235259
235289
235302
235384
235399
235429
235470
235512
235519
235527
235563
235604
235611
235655
235672
235690
235694
235829
235870
235913
235934
235942
236010
236023
236049
236071
236102
236106
236173
236179
236214
236248
236259
236274
236321
236367
236394
236445
236450
236563
236597
236666
236691
236697
236712
236873
236907
236919
236942
236996
236998
237025
237043
237045
237056
237067
237091
237140
237156
237187
237193
237241
237279
237305
237316
237373
237388
237401
237477
237503
237531
237537
237542
237618
237646
237697
237740
237779
237798
237814
237892
237899
237917
237921
237962
237982
238041
238066
238108
238154
238183
238215
238253
238257
238320
238330
238360
238367
238449
238462
238485
238495
238541
238596
238607
238613
238625
238651
238670
238793
238863
238889
238894
238921
238960
239015
239029
239054
239075
239118
239146
239149
239187
239191
239224
239228
239242
239284
239290
239338
239363
239399
239451
239462
239502
239636
239667
239674
239685
239728
239733
239819
239821
239856
239893
239922
239973
239996
240023
240034
240093
240111
240148
240188
240195
240219
240247
240271
240316
240397
240415
240421
240457
240536
240545
240599
240634
240678
240790
240804
240886
240937
240939
240981
240987
240998
241028
241058
241092
241116
241127
241146
241165
241240
241255
241293
241312
241357
241384
241400
241433
241449
241528
241543
241658
241677
241685
241716
241732
241763
241813
241878
241943
241962
241982
242010
242029
242055
242080
242088
242098
242102
242135
242142
242152
242169
242189
242195
242209
242238
242254
242270
242282
242293
242311
242336
242371
242385
242396
242398
242404
242411
242417
242419
242441
242487
242513
242527
242564
242576
242625
242678
242703
242735
242736
242756
242766
242781
242785
242810
242836
242855
242868
242882
242893
242920
242935
242949
242957
242973
242994
243005
243011
243059
243068
243077
243080
243100
243126
243145
243179
243184
243199
243205
243228
243241
243246
243283
243308
243334
243357
243370
243399
243413
243442
243475
243487
243512
243544
243558
243589
243608
243630
243664
243677
243697
243723
243743
243787
243795
243815
243818
243834
243841
243846
243867
243882
243911
243982
244003
244030
244054
244152
244172
244185
244198
244201
244227
244257
244271
244282
244301
244308
244338
244399
244435
244440
244451
244453
244466
244499
244506
244533
244550
244567
244573
244620
244625
244650
244661
244683
244705
244727
244733
244737
244772
244826
244857
244902
244924
244982
245010
245022
245029
245031
245105
245141
245164
245183
245196
245217
245236
245241
245263
245301
245306
245321
245346
245395
245444
245480
245522
245584
245623
245650
245661
245672
245697
245728
245740
245765
245815
245842
245862
245868
245898
245936
245938
245961
245965
245979
246003
246102
246111
246167
246173
246218
246263
246264
246289
246315
246333
246394
246416
246440
246465
246469
246481
246530
246549
246562
246584
246592
246599
246600
246658
246719
246742
246787
246805
246831
246851
246864
246875
246947
247028
247032
247053
247060
247071
247082
247098
247115
247122
247169
247170
247205
247218
247230
247260
247275
247282
247317
247323
247327
247356
247400
247412
247445
247490
247499
247522
247526
247563
247591
247599
247611
247632
247639
247662
247714
247718
247743
247781
247792
247811
247813
247834
247838
247851
247855
247860
247895
247906
247944
247967
247990
247997
248013
248091
248103
248167
248186
248212
248233
248235
248260
248300
248310
248329
248342
248381
248417
248459
248504
248513
248518
248524
248532
248553
248603
248606
248618
248636
248638
248657
248684
248700
248729
248746
248768
248801
248839
248849
248856
248878
248882
248889
248911
248936
248943
248983
249011
249038
249051
249069
249096
249135
249140
249164
249173
249199
249227
249232
249273
249276
249323
249326
249354
249385
249399
249421
249450
249497
249545
249617
249663
249704
249706
249718
249743
249748
249780
249823
249825
249887
249897
249918
249928
249942
249960
250026
250071
250082
250133
250148
250157
250178
250235
250244
250313
250366
250388
250392
250397
250433
250438
250470
250475
250477
250482
250523
250547
250561
250566
250597
250663
250701
250721
250746
250758
250770
250785
250795
250807
250827
250862
250884
250900
250963
250972
251012
251073
251099
251149
251183
251186
251234
251264
251361
251392
251431
251448
251471
251473
251506
251533
251562
251582
251654
251661
251669
251692
251730
251765
251787
251826
251831
251851
251881
251940
251967
252000
252010
252040
252045
252074
252085
252110
252138
252179
252202
252213
252230
252283
252285
252307
252334
252356
252383
252386
252407
252457
252464
252484
252510
252515
252517
252533
252554
252590
252626
252641
252651
252699
252737
252785
252801
252824
252880
252925
252939
252959
252967
252972
253022
253026
253066
253088
253096
253126
253161
253190
253244
253270
253280
253291
253311
253326
253345
253390
253400
253409
253410
253433
253445
253449
253529
253544
253552
253602
253637
253641
253689
253703
253727
253753
253758
253768
253784
253805
253825
253832
253887
253952
253991
254022
254050
254073
254139
254148
254166
254190
254202
254236
254247
254269
254271
254281
254303
254349
254354
254360
254375
254411
254426
254433
254510
254523
254534
254552
254608
254612
254639
254649
254678
254703
254741
254761
254788
254810
254881
254886
254941
254962
254964
254969
254990
255019
255055
255075
255082
255108
255174
255183
255189
255194
255208
255213
255263
255283
255316
255357
255392
255399
255414
255434
255464
255498
255529
255536
255572
255574
255578
255608
255632
255686
255694
255698
255731
255812
255825
255844
255859
255931
256025
256041
256064
256109
256121
256148
256171
256193
256251
256255
256298
256305
256351
256360
256406
256422
256477
256507
256518
256535
256575
256602
256607
256697
256702
256710
256716
256744
256819
256839
256855
256891
256913
256932
256966
256972
257006
257011
257047
257074
257078
257131
257150
257154
257198
257247
257350
257370
257378
257436
257458
257473
257499
257504
257511
257544
257558
257564
257566
257610
257637
257693
257713
257729
257751
257763
257786
257791
257835
257894
257905
257933
257945
258019
258028
258053
258054
258072
258091
258134
258157
258183
258211
258217
258239
258252
258260
258264
258278
258310
258385
258387
258399
258580
258600
258645
258654
258701
258723
258752
258759
258779
258787
258803
258816
258838
258874
258895
258919
258946
258983
258996
259058
259060
259072
259091
259097
259183
259185
259246
259251
259272
259287
259302
259311
259341
259366
259368
259415
259418
259424
259465
259506
259532
259551
259647
259673
259720
259730
259732
259753
259809
259830
259878
259894
259901
259917
259927
259967
260032
260049
260060
260062
260086
260126
260187
260222
260234
260248
260313
260330
260352
260396
260404
260436
260471
260509
260543
260569
260618
260632
260728
260743
260767
260781
260811
260829
260857
260957
261006
261033
261037
261084
261126
261165
261172
261208
261215
261249
261313
261320
261329
261341
261370
261388
261408
261423
261445
261472
261493
261528
261552
261566
261595
261612
261620
261668
261675
261709
261714
261745
261786
261797
261813
261819
261882
261894
261899
261916
261998
262023
262029
262094
262127
262165
262178
262203
262226
262231
262307
262324
262361
262388
262420
262459
262482
262493
262519
262540
262551
262572
262583
262596
262612
262617
262665
262722
262741
262760
262789
262841
262863
262925
262936
262968
262973
262988
263008
263025
263062
263109
263150
263192
263201
263247
263252
263286
263303
263364
263394
263453
263469
263519
263557
263569
263583
263595
263616
263639
263644
263662
263695
263724
263744
263768
263794
263805
263846
263866
263887
263947
263992
264019
264058
264093
264114
264136
264204
264228
264236
264270
264277
264315
264336
264358
264401
264422
264507
264565
264593
264603
264623
264666
264674
264693
264721
264743
264774
264807
264846
264852
264879
264911
264948
264989
264995
265010
265021
265033
265061
265138
265169
265185
265188
265216
265248
265317
265337
265355
265383
265396
265398
265408
265501
265511
265522
265546
265580
265642
265657
265669
265701
265748
265824
265831
265857
265889
265925
265961
265990
266009
266019
266055
266061
266156
266180
266195
266203
266210
266273
266290
266318
266391
266416
266420
266429
266445
266520
266595
266636
266685
266708
266716
266726
266781
266794
266849
266878
266903
266908
266947
266984
267000
267029
267100
267140
267202
267205
267226
267280
267307
267344
267389
267411
267422
267486
267498
267518
267525
267533
267615
267630
267646
267660
267697
267699
267746
267779
267816
267833
267883
267891
267909
267921
267935
267993
268010
268031
268048
268098
268153
268161
268223
268228
268274
268295
268331
268367
268413
268444
268495
268537
268544
268591
268637
268661
268668
268673
268731
268842
268881
268904
268911
268984
269021
269105
269120
269147
269152
269156
269187
269193
269234
269262
269274
269315
269348
269354
269368
269386
269408
269425
269466
269485
269506
269538
269546
269585
269629
269642
269686
269700
269759
269781
269808
269840
269849
269857
269864
269876
269900
269925
269954
269970
270022
270032
270052
270063
270122
270157
270171
270206
270246
270322
270346
270466
270472
270477
270501
270507
270516
270556
270571
270596
270619
270626
270698
270726
270753
270779
270814
270822
270841
270877
270883
270909
270980
271000
271087
271149
271170
271183
271211
271264
271277
271284
271343
271395
271416
271463
271498
271524
271582
271596
271604
271673
271695
271702
271704
271721
271800
271879
271891
271914
271985
271987
272058
272126
272151
272181
272203
272236
272270
272291
272321
272343
272371
272422
272443
272465
272486
272499
272545
272594
272624
272634
272680
272695
272703
272752
272796
272804
272826
272853
272861
272892
272981
272988
273018
273056
273067
273083
273107
273114
273130
273149
273174
273234
273260
273281
273307
273359
273363
273369
273372
273385
273453
273475
273488
273505
273547
273556
273587
273609
273640
273667
273684
273695
273717
273735
273769
273799
273887
273888
273929
273953
274000
274004
274013
274028
274039
274072
274125
274147
274214
274219
274230
274314
274332
274371
274396
274436
274463
274475
274523
274605
274614
274644
274675
274692
274708
274726
274788
274824
274851
274858
274945
274979
275014
275024
275054
275103
275131
275137
275167
275173
275195
275261
275300
275334
275341
275364
275397
275419
275482
275512
275552
275590
275615
275616
275655
275692
275694
275776
275807
275846
275851
275952
275999
276000
276054
276066
276100
276130
276384
276418
276429
276468
276482
276502
276505
276529
276534
276541
276579
276610
276631
276641
276719
276783
276822
276827
276867
276893
276931
277016
277036
277170
277175
277219
277253
277279
277330
277377
277381
277399
277424
277454
277479
277511
277520
277539
277554
277570
277595
277616
277669
277726
277743
277758
277789
277810
277831
277841
277873
277931
277948
278009
278010
278043
278058
278076
278108
278127
278157
278195
278201
278203
278248
278272
278279
278310
278333
278364
278378
278472
278493
278500
278537
278655
278669
278722
278747
278804
278839
278862
278947
278974
278986
279041
279059
279106
279154
279165
279202
279226
279239
279259
279330
279396
279452
279535
279543
279549
279573
279610
279665
279684
279740
279782
279810
279822
279847
279857
279883
279947
279971
279974
280045
280134
280152
280176
280198
280235
280277
280287
280363
280369
280425
280466
280546
280571
280594
280597
280617
280707
280773
280809
280812
280854
280916
280995
281038
281044
281112
281134
281172
281360
281375
281401
281440
281478
281524
281557
281609
281624
281662
281749
281785
281787
281878
281887
281892
281928
281941
281963
282048
282065
282107
282169
282207
282223
282269
282310
282320
282329
282340
282350
282383
282419
282433
282435
282514
282549
282567
282588
282593
282613
282615
282624
282641
282661
282686
282691
282725
282746
282761
282773
282808
282824
282840
282865
282867
282891
282902
282941
282968
282990
283039
283054
283071
283081
283120
283133
283134
283164
283179
283184
283202
283207
283241
283253
283269
283301
283304
283312
283338
283359
283376
283378
283384
283400
283412
283492
283522
283552
283560
283599
283614
283661
283680
283687
283708
283723
283734
283756
283764
283796
283839
283872
283882
283895
283917
283922
283945
283971
284003
284020
284031
284054
284116
284131
284151
284156
284175
284181
284233
284317
284328
284333
284345
284358
284440
284445
284501
284547
284566
284609
284628
284637
284666
284668
284673
284693
284698
284714
284759
284823
284839
284853
284862
284879
284883
284929
284931
284960
285000
285011
285028
285068
285101
285107
285120
285148
285167
285170
285212
285221
285330
285353
285409
285456
285490
285523
285531
285557
285616
285639
285668
285673
285680
285737
285773
285779
285817
285850
285853
285868
285870
285899
285948
285974
285976
285985
285993
286022
286078
286088
286117
286133
286170
286248
286278
286306
286313
286338
286357
286373
286384
286401
286443
286464
286471
286515
286526
286600
286634
286665
286742
286747
286749
286775
286777
286784
286824
286857
286860
286867
286875
286907
286916
286921
286937
286939
286984
287022
287084
287107
287113
287136
287250
287317
287341
287351
287366
287384
287394
287404
287424
287434
287461
287463
287488
287503
287543
287569
287574
287610
287669
287676
287735
287769
287782
287807
287830
287837
287869
287900
287924
287944
288032
288059
288067
288091
288106
288128
288186
288201
288204
288221
288222
288227
288260
288267
288289
288311
288330
288385
288416
288441
288444
288452
288464
288490
288511
288538
288559
288568
288591
288661
288667
288682
288689
288706
288720
288756
288764
288775
288787
288818
288854
288869
288881
288901
288928
288932
288988
289010
289031
289066
289078
289100
289104
289124
289154
289174
289181
289242
289247
289281
289295
289331
289336
289372
289399
289408
289416
289445
289465
289492
289512
289535
289596
289684
289741
289772
289793
289815
289818
289824
289855
289869
289927
289947
289954
289973
289984
289993
290013
290042
290053
290093
290141
290188
290198
290219
290266
290290
290315
290317
290374
290383
290402
290421
290452
290467
290502
290545
290558
290578
290584
290596
290683
290699
290721
290745
290798
290803
290866
290881
290896
290930
290955
291013
291110
291138
291192
291205
291231
291237
291244
291255
291295
291303
291335
291338
291383
291422
291491
291527
291531
291570
291590
291622
291626
291652
291673
291693
291696
291721
291771
291789
291793
291852
291864
291904
291924
291984
292015
292021
292027
292040
292068
292120
292180
292182
292188
292227
292287
292298
292304
292344
292370
292376
292384
292396
292415
292436
292451
292453
292473
292487
292517
292602
292609
292614
292647
292652
292654
292665
292739
292748
292752
292757
292780
292808
292818
292864
292880
292909
292921
292964
292968
292993
293022
293027
293043
293047
293143
293152
293238
293258
293277
293321
293343
293348
293389
293430
293452
293477
293478
293488
293499
293525
293552
293561
293589
293670
293675
293726
293736
293741
293767
293772
293792
293812
293830
293856
293871
293894
293925
294003
294029
294078
294088
294107
294127
294147
294158
294239
294308
294313
294333
294346
294349
294446
294478
294523
294551
294557
294564
294570
294587
294625
294657
294719
294756
294762
294787
294807
294828
294844
294901
294908
294912
294935
294937
294968
294988
295025
295080
295095
295100
295124
295149
295160
295174
295289
295311
295326
295331
295379
295382
295384
295445
295471
295477
295500
295511
295523
295530
295599
295741
295812
295820
295824
295846
295884
295893
295923
295970
295995
296031
296051
296073
296101
296112
296148
296167
296197
296251
296264
296274
296360
296394
296457
296474
296476
296528
296542
296568
296575
296590
296611
296625
296706
296718
296733
296774
296817
296831
296837
296859
296885
296901
296947
296960
296962
296982
297005
297034
297112
297120
297131
297133
297172
297183
297197
297272
297346
297391
297421
297431
297448
297455
297463
297496
297526
297529
297567
297589
297606
297634
297664
297669
297677
297713
297744
297787
297800
297815
297854
297882
297895
297901
297946
297963
298026
298034
298082
298122
298127
298149
298170
298188
298218
298248
298269
298280
298290
298299
298303
298329
298396
298428
298466
298521
298547
298550
298573
298589
298627
298629
298644
298689
298694
298702
298726
298774
298777
298838
298873
298893
298903
298943
298959
298969
299026
299070
299095
299143
299182
299196
299225
299246
299257
299269
299282
299327
299338
299345
299380
299406
299423
299430
299484
299543
299588
299614
299637
299641
299654
299684
299722
299728
299742
299776
299792
299819
299854
299873
299902
299922
299995
300023
300036
300081
300097
300111
300136
300146
300201
300273
300323
300359
300385
300437
300450
300499
300501
300527
300551
300568
300614
300628
300635
300688
300698
300733
300795
300804
300825
300830
300892
300952
301008
301041
301059
301176
301190
301216
301240
301259
301281
301313
301414
301418
301442
301486
301535
301571
301586
301677
301686
301723
301735
301788
301847
301870
301874
301876
301902
301923
301985
302029
302080
302115
302127
302245
302317
302347
302422
302426
302474
302580
302586
302599
302647
302658
302664
302713
302729
302739
302787
302808
302842
302901
302948
302967
302970
302997
303024
303029
303091
303104
303113
303141
303156
303177
303223
303228
303291
303329
303341
303363
303393
303409
303471
303525
303570
303599
303612
303617
303632
303648
303689
303715
303740
303758
303788
303813
303829
303850
303874
303903
303998
304036
304048
304055
304099
304123
304150
304201
304208
304276
304303
304311
304350
304406
304423
304478
304494
304501
304540
304542
304558
304580
304598
304678
304685
304770
304871
304875
304893
304912
304938
304950
304965
304982
305017
305030
305061
305106
305129
305141
305181
305191
305228
305258
305280
305299
305348
305389
305396
305478
305493
305531
305563
305605
305652
305657
305679
305699
305761
305786
305825
305839
305899
305933
306043
306089
306118
306159
306181
306214
306224
306246
306275
306315
306353
306371
306399
306414
306434
306474
306528
306580
306587
306609
306627
306762
306820
306832
306896
306943
306963
307086
307095
307194
307227
307273
307280
307304
307322
307379
307419
307430
307473
307493
307500
307515
307544
307579
307606
307620
307641
307651
307685
307698
307704
307718
307738
307752
307762
307802
307808
307859
307890
307904
307906
307931
307982
308037
308046
308075
308135
308155
308176
308201
308223
308228
308246
308256
308302
308378
308406
308468
308476
308488
308530
308543
308645
308671
308679
308703
308741
308746
308769
308782
308802
308815
308829
308933
308967
308973
308982
309031
309069
309076
309086
309161
309170
309185
309218
309232
309264
309334
309355
309385
309403
309508
309555
309598
309641
309675
309721
309739
309753
309833
309835
309879
309889
309902
309915
309942
309954
309992
310027
310051
310056
310066
310106
310180
310274
310316
310411
310432
310447
310519
310534
310547
310560
310582
310631
310635
310665
310680
310695
310709
310732
310780
310808
310841
310856
310868
310876
310935
310940
311016
311026
311038
311124
311129
311205
311299
311342
311354
311373
311440
311496
311517
311538
311586
311603
311678
311685
311758
311786
311812
311831
311911
311970
311991
311998
312044
312066
312076
312107
312112
312116
312141
312156
312171
312206
312227
312264
312330
312335
312376
312500
312513
312596
312609
312619
312695
312704
312716
312736
312759
312787
312803
312818
312902
312904
312916
312923
312955
312974
313058
313076
313080
313108
313150
313165
313183
313276
313313
313320
313355
313396
313409
313452
313476
313527
313538
313569
313588
313600
313608
313629
313675
313693
313716
313776
313791
313828
313937
314033
314048
314058
314180
314220
314227
314235
314277
314299
314342
314395
314425
314437
314448
314489
314505
314524
314556
314577
314629
314661
314673
314683
314696
314747
314849
314875
314890
314897
314933
314976
314996
315048
315102
315140
315248
315263
315271
315319
315370
315382
315432
315470
315499
315522
315552
315573
315593
315643
315685
315704
315719
315747
315839
315842
315856
315903
315908
316045
316052
316075
316118
316122
316149
316175
316227
316308
316317
316355
316376
316405
316504
316590
316600
316613
316707
316753
316797
316815
316830
316855
316883
316900
316921
316939
316987
317015
317036
317041
317121
317125
317138
317206
317224
317240
317342
317346
317371
317453
317460
317498
317523
317587
317609
317663
317710
317753
317773
317800
317831
317834
317864
317878
317954
317956
318015
318062
318090
318104
318119
318155
318162
318188
318197
318283
318308
318338
318392
318414
318443
318451
318487
318546
318562
318569
318607
318626
318679
318684
318741
318744
318783
318818
318915
318933
318989
319024
319071
319101
319113
319169
319226
319275
319281
319298
319332
319344
319357
319416
319438
319525
319532
319553
319614
319644
319657
319679
319682
319731
319750
319835
319863
319896
319994
320003
320031
320108
320123
320214
320233
320257
320262
320271
320295
320356
320375
320420
320469
320487
320503
320524
320566
320568
320688
320709
320738
320765
320822
320915
320923
320959
320995
321113
321175
321218
321293
321335
321356
321364
321413
321429
321488
321495
321572
321588
321682
321775
321800
321834
321886
321918
321936
321951
321996
322019
322033
322046
322048
322111
322138
322173
322285
322299
322319
322341
322351
322541
322572
322589
322596
322623
322649
322699
322706
322742
322747
322764
322797
322845
322858
322888
322893
322896
322906
322919
322920
322931
322969
323001
323011
323022
323043
323054
323061
323071
323086
323136
323174
323189
323216
323225
323233
323325
323359
323364
323379
323408
323420
323466
323475
323490
323504
323519
323523
323535
323551
323565
323574
323596
323602
323641
323697
323713
323741
323748
323756
323761
323766
323797
323827
323835
323867
323876
323880
323891
323908
323943
323960
323974
323977
324030
324035
324037
324078
324115
324126
324135
324163
324219
324263
324268
324290
324347
324377
324424
324441
324491
324548
324573
324586
324641
324649
324667
324685
324715
324720
324772
324791
324812
324848
324863
324867
324909
324937
324956
325000
325027
325045
325056
325077
325107
325111
325116
325144
325153
325177
325182
325206
325294
325315
325339
325380
325406
325413
325433
325445
325449
325488
325527
325546
325557
325578
325628
325641
325666
325712
325745
325765
325802
325807
325840
325869
325883
325896
325916
325952
326038
326080
326100
326119
326141
326157
326164
326171
326176
326246
326248
326293
326344
326378
326420
326424
326445
326470
326554
326597
326627
326692
326720
326753
326806
326849
326899
326948
326963
326968
326994
327001
327037
327039
327100
327143
327162
327254
327270
327297
327332
327347
327354
327429
327444
327528
327554
327565
327575
327583
327614
327624
327655
327676
327682
327695
327709
327758
327766
327781
327810
327830
327846
327893
327912
327923
327945
327948
328007
328053
328116
328123
328135
328153
328165
328175
328200
328211
328217
328246
328258
328281
328307
328367
328370
328465
328519
328525
328550
328576
328581
328591
328626
328633
328671
328697
328708
328714
328732
328762
328773
328791
328802
328820
328841
328859
328880
328896
328916
328925
328959
328970
328992
329025
329039
329048
329062
329089
329108
329117
329127
329176
329180
329189
329199
329238
329296
329323
329342
329347
329375
329382
329476
329502
329512
329534
329581
329603
329638
329683
329717
329782
329799
329823
329835
329846
329881
329909
329930
329957
330092
330097
330110
330115
330117
330164
330197
330233
330238
330287
330290
330340
330348
330355
330374
330405
330455
330506
330537
330550
330559
330603
330621
330663
330691
330742
330761
330762
330769
330774
330848
330857
330881
330892
330915
330961
331046
331068
331088
331108
331115
331138
331177
331191
331215
331229
331244
331260
331355
331358
331374
331424
331435
331461
331467
331530
331542
331588
331599
331620
331651
331664
331689
331720
331730
331758
331792
331837
331847
331867
331889
331956
331972
331984
332031
332055
332099
332130
332153
332185
332187
332216
332244
332256
332281
332313
332326
332355
332384
332398
332456
332487
332542
332593
332618
332624
332678
332714
332743
332754
332802
332812
332872
332885
332905
332921
332938
332945
332989
333007
333041
333099
333103
333118
333120
333170
333172
333196
333221
333246
333271
333283
333306
333339
333346
333371
333377
333379
333428
333446
333450
333483
333501
333526
333529
333537
333556
333566
333606
333649
333688
333702
333756
333822
333846
333859
333871
333964
333966
334029
334036
334041
334054
334063
334091
334097
334118
334123
334139
334234
334237
334269
334337
334383
334390
334400
334480
334494
334499
334533
334576
334607
334625
334626
334632
334672
334697
334711
334738
334752
334796
334808
334827
334861
334871
334901
334942
334977
335012
335035
335068
335126
335132
335181
335191
335203
335211
335266
335292
335301
335315
335369
335420
335435
335462
335491
335529
335547
335555
335658
335684
335721
335725
335761
335766
335773
335779
335821
335963
335976
335983
336012
336020
336039
336054
336114
336141
336190
336203
336250
336270
336317
336318
336435
336455
336509
336512
336520
336524
336587
336623
336654
336690
336699
336717
336721
336743
336756
336801
336824
336836
336858
336863
336873
336953
336969
336998
337018
337030
337096
337186
337201
337247
337260
337285
337301
337350
337375
337384
337423
337459
337491
337536
337584
337633
337704
337731
337739
337761
337794
337836
337855
337865
337898
337907
337940
337968
337981
338024
338059
338102
338130
338158
338204
338212
338219
338239
338288
338310
338335
338355
338426
338428
338448
338473
338527
338538
338573
338613
338634
338691
338721
338739
338849
338851
338868
338899
338933
338958
339000
339014
339046
339117
339195
339245
339278
339295
339314
339330
339357
339367
339412
339422
339436
339454
339482
339510
339545
339547
339596
339604
339611
339742
339845
339864
339879
339907
339945
339999
340013
340050
340066
340073
340103
340115
340121
340208
340244
340246
340255
340267
340269
340295
340351
340396
340471
340547
340583
340640
340648
340668
340698
340754
340759
340761
340801
340809
340879
340881
340885
340910
340933
340998
341016
341046
341070
341122
341148
341154
341175
341188
341217
341220
341275
341285
341288
341375
341385
341388
341423
341448
341500
341510
341555
341568
341596
341615
341622
341629
341715
341721
341739
341813
341844
341856
341870
341977
341993
342098
342133
342177
342194
342200
342230
342234
342263
342344
342352
342439
342451
342490
342496
342621
342633
342655
342670
342689
342727
342747
342777
342800
342870
342882
342902
342923
342948
342959
343012
343022
343050
343079
343128
343133
343171
343192
343212
343239
343251
343255
343275
343372
343422
343449
343498
343528
343553
343555
343572
343577
343674
343703
343713
343718
343729
343784
343862
343883
343889
343896
343926
343941
344109
344116
344153
344171
344178
344226
344250
344282
344369
344370
344386
344407
344468
344487
344512
344528
344552
344573
344578
344611
344620
344668
344687
344715
344737
344773
344775
344844
344866
344943
344960
344968
344972
344990
345017
345050
345061
345073
345088
345102
345108
345169
345208
345236
345274
345290
345359
345395
345401
345402
345437
345473
345488
345527
345538
345619
345635
345667
345715
345756
345796
345831
345860
345916
346014
346082
346120
346142
346161
346184
346204
346236
346271
346277
346301
346323
346346
346370
346462
346470
346479
346489
346573
346597
346620
346629
346673
346684
346734
346755
346798
346805
346903
346930
346982
347065
347122
347154
347237
347248
347256
347269
347287
347289
347368
347402
347432
347452
347457
347473
347519
347535
347558
347578
347628
347699
347752
347772
347783
347800
347805
347854
347888
347895
347997
348028
348052
348095
348128
348148
348158
348188
348210
348218
348242
348258
348263
348310
348390
348445
348470
348480
348511
348547
348583
348588
348608
348615
348636
348641
348671
348686
348834
348880
348933
348942
348977
349029
349057
349081
349156
349238
349287
349354
349374
349381
349419
349434
349444
349547
349563
349605
349618
349631
349640
349725
349747
349775
349822
349837
349875
349990
350041
350057
350072
350087
350153
350155
350165
350178
350197
350213
350272
350300
350306
350311
350353
350385
350445
350502
350520
350533
350724
350814
350844
350851
350902
350944
351087
351115
351154
351161
351229
351235
351251
351267
351287
351297
351373
351446
351459
351474
351491
351527
351540
351560
351611
351640
351661
351679
351711
351727
351791
351804
351843
351864
351909
351917
351966
352021
352031
352106
352129
352199
352224
352231
352268
352283
352378
352422
352437
352472
352524
352559
352626
352652
352708
352737
352750
352757
352858
352889
352948
352961
352990
353021
353076
353082
353106
353116
353140
353161
353175
353197
353223
353251
353318
353329
353342
353361
353412
353501
353505
353516
353520
353525
353540
353623
353679
353724
353770
353837
353861
353956
353962
354031
354070
354098
354144
354223
354228
354245
354256
354300
354306
354356
354400
354423
354480
354529
354625
354653
354674
354708
354761
354784
354796
354822
354847
354922
354935
354976
354986
354992
355015
355078
355126
355177
355179
355264
355271
355277
355293
355332
355358
355399
355506
355543
355558
355600
355655
355667
355703
355729
355744
355790
355847
355868
355906
355928
355956
355997
356058
356106
356156
356185
356219
356303
356308
356360
356403
356428
356436
356468
356488
356495
356544
356604
356670
356697
356749
356810
356852
356861
356872
356882
356953
356965
357033
357044
357059
357073
357089
357158
357193
357229
357249
357309
357336
357350
357481
357521
357606
357632
357655
357706
357727
357748
357811
357837
357846
357887
357926
357934
357978
357985
358041
358045
358059
358113
358116
358131
358188
358208
358252
358277
358281
358296
358310
358345
358372
358435
358450
358474
358545
358558
358638
358651
358683
358714
358756
358768
358789
358806
358838
358850
358872
358904
358986
358994
358996
359019
359079
359125
359205
359241
359252
359254
359274
359290
359360
359395
359420
359432
359467
359479
359558
359612
359617
359635
359686
359733
359738
359749
359794
359866
359868
360004
360009
360058
360086
360088
360139
360153
360168
360193
360208
360219
360264
360317
360327
360377
360379
360424
360431
360452
360499
360619
360659
360679
360732
360810
360840
360853
360934
360997
361162
361254
361293
361339
361341
361362
361413
361505
361562
361631
361656
361700
361721
361921
361970
361981
362006
362054
362125
362231
362257
362272
362342
362395
362413
362454
362490
362620
362655
362690
362717
362764
362789
362800
362808
362832
362867
