89120
479001599
479001597
479001442
479001452
479000267
479000266
479000011
479000241
479000123
479001299
479001307
479000253
479001427
479000276
479001562
478989586
478989575
478989585
478987065
478986682
478986671
478987074
478986920
478989270
478989272
478989539
478986657
478987076
478988134
478988123
478988395
478998515
478998546
478998561
478998655
478998642
478987966
478998681
478998522
478987987
478987953
478988086
478988118
478988264
478989418
478989431
478988263
478998827
479001174
478999878
478989403
478988218
478988375
478989683
478988109
478988371
478998813
478998932
478998930
478987039
479000226
479000094
478989285
478989550
478988120
478989571
478998814
479001450
478986631
478998670
478987952
479000106
478988217
478986655
478906403
478906532
478906414
478905238
478904975
478905223
478906255
478906256
478906281
478906520
478905105
478882787
478882786
478882640
478882641
478878250
478878777
478882270
478878815
478882253
478878824
478882781
478881477
478881179
478881439
478902071
478902057
478880945
478902271
478902323
478902557
478881473
478902273
478882511
478882532
478881343
478905971
478906001
478878514
478902431
478902403
478881332
478881187
478906017
478906361
478878269
478904695
478880924
478878669
478881454
478881321
478906018
478906529
478878537
478904933
478878670
478881416
478894544
478894533
478894654
478892039
478892037
478891638
478894234
478894259
478894631
478894496
478894630
478894233
478977825
478977682
478977815
478973819
478977245
478977284
478977644
478977645
478973734
478973348
478973336
478975187
478974750
478975182
478890706
478890185
478974605
478890671
478974653
478890137
478890310
478890261
478975066
478975038
478894127
478890557
478973423
478894100
478890533
478894146
478975170
478894613
478973829
478891499
478891494
478890296
478973694
478891496
478974773
478975065
478975017
478894618
478894649
478973286
478973698
478890260
478893058
478893079
478903919
478903474
478903509
478903655
478892962
478892911
478893309
478903638
478892961
478976483
478997051
478997573
478997098
478976193
478976458
478976249
478975953
478879751
478985230
478985213
478985229
478879566
478879703
478985181
478985226
478879894
478879847
478879843
478985491
478892795
478903338
478997203
478985441
478985479
478893029
478997586
478903457
478997322
478975943
478976214
478880107
478985493
478985167
478893317
478903637
478893191
478893188
478906114
478906139
478891775
478904803
478891748
478906122
478894410
478891724
478976387
478977547
479001065
479001044
479001046
478999711
478999721
478973576
479001034
479001043
478882378
478989130
478985567
478985621
478878395
478878378
478879964
478989137
478986488
478985562
478974931
478890454
478890395
478890391
478902150
478998383
478987817
478902166
478881077
478976339
478985588
478894349
478998407
478986509
478985586
478976358
478894409
478891714
478878379
478894361
478894399
478893068
478894509
478906506
478904927
478891605
478891871
478894243
478906244
478977799
478997492
479001539
479001404
479001405
478973841
478975967
478977275
478997345
479001535
478879737
478985729
478987017
478987014
478879604
478985333
478987016
478974923
478881066
478998629
478902285
478881425
478879866
478989392
478903362
478878523
478894110
478989175
478902188
478999734
478902284
478893320
478906542
478903508
478891725
478906246
478894231
478903749
478906518
478976230
478977549
478977811
479001593
478997086
478999738
478975988
479001317
478879760
478882770
478989557
478989165
478986501
478882222
478882242
478974933
478974787
478890715
478890154
478902141
478881414
478975015
478985492
478890583
478902462
478904670
478975003
478892780
478879880
478881186
478890163
479001413
478987973
478336187
478336184
478336293
478334698
478334721
478334866
478336028
478334827
478334855
478336151
478336042
478336303
478334732
478324439
478324437
478324292
478321749
478321750
478324042
478321614
478324018
478321775
478321374
478321641
478324302
478323117
478322855
478322851
478333283
478333270
478322718
478333641
478322803
478333638
478333377
478323102
478333231
478322963
478324174
478324150
478333496
478333498
478321487
478321506
478333519
478324163
478333653
478321363
478333388
478334819
478333651
478334948
478323104
478324435
478333654
478335921
478324039
478321509
478324125
478146238
478146236
478144619
478144642
478144903
478145935
478145972
478144895
478144627
478144629
478144630
478110585
478110440
478105307
478104646
478109932
478105115
478105175
478109920
478105161
478110592
478110394
478109265
478108977
478140220
478140940
478108619
478140923
478140259
478108617
478140223
478109120
478109111
478110296
478145500
478145504
478144258
478110328
478109252
478110321
478109131
478145564
478144579
478108588
478145900
478109248
478109145
478110439
478104981
478105150
478140620
478146196
478110391
478134346
478134202
478134344
478131275
478131273
478133951
478134174
478131570
478131585
478134198
478300667
478300523
478300534
478295398
478295325
478300019
478300005
478294712
478300468
478294736
478300540
478299993
478297629
478297630
478128412
478297307
478128606
478129026
478128371
478129024
478297902
478128944
478133626
478128896
478131028
478297876
478300210
478134287
478134152
478131645
478294688
478297592
478129054
478134286
478295218
478131688
478300002
478132999
478143551
478143299
478143283
478143330
478132986
478132990
478132734
478143547
478299081
478331038
478330379
478330365
478330960
478330738
478330703
478330343
478330341
478330996
478299352
478330363
478318426
478318487
478318708
478318446
478318449
478319142
478318422
478107694
478298922
478330594
478330564
478142899
478318818
478132699
478143131
478330624
478107256
478330327
478319122
478330770
478143262
478298889
478132868
478132879
478143443
478145792
478144487
478144486
478143427
478132854
478299202
478335632
478295056
478330867
478300343
478299151
478295132
478300342
478300384
478319000
478323772
478321115
478323726
478104920
478323774
478107772
478297738
478128815
478140556
478322406
478332978
478140559
478108810
478140487
478297751
478108856
478332990
478332991
478108852
478134018
478297750
478107775
478330902
478131412
478330866
478134321
478134188
478145829
478145828
478143450
478144507
478133927
478143175
478300400
478336240
478334323
478334795
478299976
478336243
478110186
478110416
478318475
478321127
478321592
478109891
478108871
478333209
478140643
478140640
478333207
478300243
478128911
478330619
478330614
478297604
478323044
478140777
478104907
478144504
478132869
478145817
478131703
478144914
478131286
478131405
478144782
478145926
478144770
478132724
478300413
478299056
478336300
478330833
478334326
478334728
478298674
478295191
478107560
478318424
478318738
478105158
478105290
478321372
478108881
478108845
478128415
478333276
478129027
478322800
478128943
478145530
478144254
478321504
478298011
478299308
478132364
478333528
478336132
478241133
478241264
478239923
478239826
478240988
478239790
478241108
478239811
478239934
478239789
478217372
478213031
478213017
478213029
478216985
478213367
478216966
478213415
478213001
478213365
478216186
478215923
478236725
478237301
478237018
478215610
478215607
478216137
478236749
478216135
478215609
478215893
478216040
478237163
478239430
478239427
478237147
478213265
478213232
478216173
478216171
478241213
478213519
478237031
478213280
478217253
478215932
478237161
478239898
478239689
478237016
478811385
478810185
478810064
478811218
478810053
478810054
478811359
478775854
478775721
478769939
478770520
478770592
478770466
478770392
478775207
478770568
478774559
478774279
478806227
478805566
478805971
478773892
478773856
478806199
478805973
478775587
478806107
478806028
478770334
478809467
478770292
478774355
478806103
478774354
478809464
478805552
478805553
478810120
478769903
478809861
478809991
478775731
478806224
478811356
478770562
478810180
478769863
478805972
478774353
478787615
478787625
478787756
478783738
478787231
478783601
478783661
478783245
478787218
478783736
478205639
478205615
478199626
478200285
478200340
478200224
478200220
478205432
478200208
478199674
478201665
478201091
478201089
478782478
478781740
478782407
478781817
478781950
478781933
478201606
478205084
478787024
478199770
478199752
478199807
478201469
478205080
478205097
478205444
478199633
478783192
478204919
478783724
478201654
478205633
478787596
478783065
478783198
478200197
478204961
478787560
478786435
478807557
478807553
478807259
478785845
478807234
478785899
478806991
478807543
478806994
478204283
478204053
478235985
478235332
478235735
478203619
478203640
478235301
478235323
478771919
478212232
478211705
478771186
478212179
478771840
478771841
478211709
478203749
478806898
478235435
478785713
478235434
478806823
478771353
478211959
478235279
478235272
478785832
478785761
478211962
478786420
478235278
478771581
478771843
478203977
478786282
478810928
478783495
478809611
478786247
478807399
478787453
478205339
478204148
478240595
478240616
478239295
478200070
478204144
478775326
478771757
478212893
478770064
478770044
478771715
478775284
478201349
478773967
478782208
478236580
478236581
478782155
478215475
478201342
478774001
478775312
478782191
478807352
478212857
478775308
478782212
478782140
478805648
478240541
478212895
478786149
478807005
478783763
478783517
478810003
478811193
478807003
478205468
478239280
478203632
478240941
478771773
478775819
478771889
478211555
478212208
478212881
478213355
478774493
478201637
478216127
478216125
478782436
478200979
478215593
478781908
478775552
478787056
478240676
478213219
478235443
478775548
478201640
478215993
478787584
478235705
478787457
478806968
478783783
478809658
478810037
478811213
478205635
478204149
478235865
478200283
478235720
478239808
478775729
478217488
478213012
478213354
478771713
478771316
478201087
478774517
478216126
478215928
478805957
478771592
478217212
478806824
478240678
478239364
478771352
478782189
478235805
478811309
478199815
478769897
478226350
478229003
478228976
478228978
478226598
478228989
478228988
478228977
478312533
478308011
478308533
478308467
478312025
478312019
478311969
478312366
478308008
478309871
478309870
478225437
478224845
478309385
478309342
478225031
478309374
478309329
478224846
478309784
478312158
478312134
478225282
478225244
478226178
478308137
478308142
478312103
478308173
478312377
478312508
478225293
478308018
478308419
478308413
478229202
478309916
478312161
478312554
478309868
478226345
478225018
478309376
478796987
478796986
478796867
478796862
478799589
478799490
478965815
478965825
478959947
478960000
478959945
478960546
478965268
478960532
478959993
478960664
478965886
478963318
478963305
478962875
478962652
478962604
478794309
478794310
478963139
478963136
478963138
478798978
478796291
478796334
478794174
478796288
478962896
478794213
478793672
478960626
478796920
478796922
478796788
478963294
478965942
478799488
478796326
478959942
478799188
478965750
478122478
478121948
478121937
478117964
478122281
478122329
478870760
478865637
478870256
478865495
478870844
478865494
478870714
478864964
478866947
478866897
478117186
478116610
478866220
478866293
478116657
478866887
478116658
478866824
478870367
478870361
478121812
478117787
478870312
478121756
478117006
478865036
478866932
478117917
478118441
478117169
478866808
478870901
478121745
478116514
478865578
478118500
478864901
478119826
478119441
478795149
478795277
478119383
478795265
478795146
478868279
478868226
478223718
478867619
478223716
478867809
478867569
478961458
478306751
478961338
478307219
478961320
478961393
478961277
478961537
478119131
478119130
478306828
478961524
478794954
478306866
478223392
478867732
478961553
478867829
478119820
478306602
478867558
478795624
478223405
478122082
478799108
478118123
478796466
478796408
478868123
478870470
478870496
478228739
478865164
478865170
478870451
478868140
478965371
478311868
478960073
478960121
478311839
478311893
478116726
478224779
478116738
478793782
478962724
478309232
478122006
478224755
478228673
478224749
478226032
478118045
478122076
478307890
478226045
478799056
478122071
478799577
478118465
478796802
478119689
478228727
478229188
478864931
478867590
478870864
478965767
478965896
478306588
478307920
478961313
478312349
478962777
478963253
478309847
478309242
478309313
478793896
478866776
478119155
478794992
478865057
478226152
478226154
478866380
478312089
478799440
478308522
478795545
478119308
478796573
478868134
478867868
478226686
478226704
478867616
478870210
478868073
478960077
478960541
478308436
478866942
478963313
478309468
478225372
478793781
478961552
478117038
478794994
478794956
478225240
478796333
478226224
478960253
478870374
478965545
478117170
478309233
478961288
478227813
478238586
478238590
478227635
478227679
478227765
478238362
478238227
478332298
478332095
478310671
478310707
478332323
478332077
478332295
478214469
478320030
478214350
478214303
478320474
478214349
478214301
478214566
478227551
478320173
478238062
478331909
478320162
478214550
478238059
478214598
478320203
478238579
478332305
478310658
478332041
478320045
478214446
478310958
478227773
478227513
478238098
478238225
478320079
478310646
478798307
478798315
478808878
478808575
478797887
478798271
478808842
478798314
478964375
478995658
478963906
478995979
478996012
478964303
478963966
478963941
478772838
478984437
478983760
478983990
478772531
478984026
478772764
478773232
478964194
478984171
478964164
478984170
478772902
478773203
478964323
478797645
478984156
478808202
478984002
478963924
478797978
478984137
478808806
478984006
478772503
478964562
478808440
478121159
478121122
478142278
478142219
478141975
478141949
478142009
478120831
478142237
478141687
478869583
478901207
478900617
478900979
478901003
478900576
478869523
478901275
478876787
478876785
478105900
478105973
478876797
478106620
478876781
478869005
478120423
478900672
478877188
478869055
478877241
478120487
478120819
478900553
478876951
478869274
478877253
478120822
478877181
478142008
478120612
478785105
478130386
478130339
478129955
478785053
478784661
478785058
478784717
478130334
478202997
478889386
478889003
478202526
478889344
478888953
478296131
478971885
478295993
478971969
478296046
478971838
478971881
478784387
478888864
478129685
478296250
478784381
478784651
478129727
478888852
478129722
478784441
478888858
478971966
478129936
478972101
478120758
478130074
478808291
478130083
478120721
478869155
478202682
478889056
478237979
478227342
478296419
478964105
478310539
478972222
478331639
478964039
478995727
478964044
478772645
478214166
478214154
478877062
478772644
478964057
478964059
478889075
478130057
478296414
478877071
478120708
478995726
478141876
478877059
478120696
478784839
478120842
478798259
478808814
478808551
478797863
478808815
478797774
478202562
478228005
478238560
478237963
478296679
478296155
478310896
478310901
478310639
478106589
478772699
478772778
478983893
478319800
478877105
478320402
478296287
478320139
478797593
478808152
478877107
478214407
478228001
478141696
478130097
478808818
478784554
478129819
478888735
478900881
478238332
478995789
478331686
478332292
478971994
478214428
478319757
478105914
478319769
478772765
478296271
478202407
478784422
478120494
478141570
478141578
478296667
478773197
478120818
478983873
478808801
478900950
478229110
478240856
478239563
478239559
478240847
478239535
478240846
478229094
478311104
478312259
478312258
478332166
478334470
478334467
478335751
478312229
478312289
478312265
478217075
478217094
478321210
478321218
478213139
478217117
478309650
478333097
478225127
478322539
478225126
478322563
478335740
478334418
478239499
478225146
478309625
478214710
478215764
478323847
478333148
478240829
478213159
478320295
478335750
478799335
478808722
478811123
478811118
478809779
478798135
478796696
478809752
478964467
479000938
479000908
478960408
478999591
478960376
478773080
478775482
478988987
478984276
478775406
478770178
478986344
478774127
478987732
478987702
478805790
478998298
478774087
478963027
478963026
478799296
478799300
479000884
478808670
478774160
478775431
478989022
478808692
478989007
478122176
478142146
478142084
478120963
478120966
478120985
478869431
478901074
478904500
478865351
478869460
478106507
478106447
478877362
478878112
478104728
478878104
478882061
478866695
478108690
478866689
478880818
478880776
478880815
478140365
478901903
478108678
478870595
478116907
478120948
478905833
478144315
478118177
478144316
478106479
478877350
478880816
478901876
478144348
478877323
478133807
478783349
478131164
478787298
478133766
478889188
478889260
478891307
478199886
478893971
478205168
478893990
478205212
478300085
478977106
478294811
478296509
478782010
478889980
478128484
478782017
478974479
478974461
478202807
478205180
478784912
478784910
478133753
478131119
478300146
478202813
478891318
478974476
478132445
478807163
478143031
478795350
478203882
478203871
478223854
478892627
478903186
478903182
478867939
478867972
478298794
478306943
478996906
478330475
478975792
478975798
478975817
478107426
478211795
478211794
478985044
478961683
478223789
478795338
478975818
478223813
478795408
478795360
478142096
478145663
478143042
478131151
478799310
478202828
478229063
478901092
478239484
478199920
478235575
478965631
478312219
478977137
478984247
478984244
478985068
478104738
478321193
478321194
478321196
478962991
478309576
478140377
478774096
478106455
478203893
478128512
478799308
478140380
478905845
478119572
478122210
478799333
478131154
478809797
478143032
478144362
478870614
478905850
478903208
478891327
478239532
478205167
478300123
478312252
478977151
478996976
479000878
479000909
478217068
478323880
478109994
478215760
478322524
478140382
478333078
478201207
478203860
478119500
478794065
478799297
478321228
478241229
478238219
478238214
478239549
478228964
478226589
478229358
478310948
478312280
478336256
478334933
478334935
478332211
478312385
478214853
478217106
478323899
478212978
478213379
478216937
478213508
478225161
478322791
478309349
478322658
478225005
478214591
478217202
478331933
478213247
478321470
478216013
478214851
478312278
478333616
478213245
478226477
478334802
478798173
478808456
478809786
478797899
478811203
478796960
478996293
479001524
478999936
478959981
478960507
478965260
478999604
478964344
478984293
478984412
478984288
478770191
478770414
478989251
478772812
478794323
478988323
478806189
478805922
478773847
478987722
478963146
478794188
478797635
478797631
479001128
478986736
478809491
478998751
478794080
478998753
479001522
478805924
478963950
478775167
478122199
478142252
478142129
478144859
478144721
478120603
478141989
478869455
478869451
478901255
478906353
478865601
478901251
478110533
478882595
478876833
478109872
478877489
478106488
478116921
478117159
478881143
478140413
478116631
478108557
478116497
478866791
478881268
478881271
478902389
478904636
478866680
478109085
478881140
478882591
478905881
478904637
478905161
478105951
478121908
478787711
478134167
478131173
478131521
478133814
478205457
478891965
478888976
478200308
478296695
478972412
478294852
478299957
478201101
478974726
478782424
478890251
478300223
478784428
478890508
478783086
478199780
478300216
478130368
478894601
478973409
478119561
478119402
478132713
478119271
478132577
478132974
478204267
478223687
478867576
478235587
478867996
478298817
478306579
478330977
478996967
478961303
478298639
478299028
478211524
478985153
478318614
478771209
478771336
478785731
478985416
478794978
478142875
478298901
478867841
478786384
478235585
478132843
478143402
478783481
478796432
478119665
478228703
478226059
478865204
478223946
478868104
478965391
478331668
478334272
478296424
478106216
478216804
478962755
478962750
478902131
478902125
478902127
478775299
478977498
478141852
478134033
478811105
478118478
478131523
478132580
478869570
478205587
478894341
478894603
478903844
478200045
478905030
478965393
478312276
478330976
478336252
478330712
478963949
478110534
478217332
478983885
478213144
478876962
478984013
478866390
478225396
478128355
478901994
478805921
478998617
478215616
478965521
478119140
478985420
478333480
478229383
478227776
478241118
478238588
478239910
478228975
478229215
478312555
478312390
478331828
478332165
478308322
478334981
478334806
478310648
478308309
478214734
478214468
478323849
478213510
478321269
478213026
478324037
478213410
478217322
478309617
478224907
478237006
478333373
478322669
478237038
478217214
478324114
478214552
478309891
478320309
478239894
478336001
478796863
478796815
478964481
478996304
479000865
479000074
479001292
479001316
478775457
478989712
478983764
478770594
478986610
478989268
478770450
478989304
478963042
478774422
478965559
478774386
478989448
478995898
478998796
478998273
478809522
478996004
479000092
478121025
478122343
478142276
478146046
478118482
478144637
478118323
478146197
478869320
478901134
478904505
478864942
478868936
478901240
478882137
478882113
478109933
478876916
478866657
478881172
478108558
478866355
478110274
478869032
478140749
478865083
478869536
478110425
478145637
478904517
478865443
478902304
478868876
478129856
478131701
478787226
478133781
478202865
478205634
478205458
478889193
478202314
478891888
478972401
478977820
478973145
478300469
478297582
478128489
478890712
478202420
478787022
478888868
478894084
478201257
478888856
478294685
478786030
478795353
478806982
478143545
478785906
478795627
478203873
478204014
478867567
478893304
478975918
478306675
478330697
478997356
478771473
478771326
478318702
478211514
478306879
478794955
478903384
478211805
478903852
478985320
478298645
478120738
478132901
478783494
478132853
478870486
478869164
478868071
478227368
478300409
478997500
478295057
478961791
478110142
478110173
478983848
478323749
478878376
478770042
478989136
478962787
478309255
478128761
478773954
478997452
478104881
478787325
478132889
478796455
478144341
478144865
478795255
478889360
478893208
478241070
478200318
478891996
479000212
478772780
478319129
478320404
478770534
478771230
478774014
478108865
478309843
478890021
478771626
478310768
478129700
478322909
478806042
475009895
475009785
475008598
475008295
475008562
475009651
475009630
475008453
475009883
475009749
475008441
475008560
474997880
474995387
474995386
474994998
474995267
474997594
474995252
474997989
474997856
474997990
474998010
474996417
475006830
475006871
475007015
474996322
474996319
475006999
474996306
474996405
474996586
475009470
475007099
474995099
474995130
474995108
475008179
475008200
475009486
474997734
474997761
475009871
475009737
474995123
474995118
475006987
475006989
474997998
475009735
474996716
474997737
474998011
475009902
474995251
474914865
474914722
474914876
474913557
474913259
474913258
474913400
474913387
474913535
474914863
474914710
474890987
474890973
474890974
474891104
474886565
474887099
474887026
474887000
474886997
474887129
474889534
474889519
474889522
474910907
474910857
474910655
474910613
474910879
474889253
474889781
474910327
474889631
474890816
474910727
474912995
474886867
474890792
474910783
474890843
474889511
474890840
474910892
474886593
474910628
474914549
474910625
474910771
474890842
474889510
474910785
474914818
474886893
474887155
474889208
474913385
474887131
474891055
474902843
474900306
474900354
474900202
474902574
474900333
474902819
474902948
474902601
474986026
474986132
474986001
474981669
474982042
474982053
474986093
474985967
474985616
474986021
474982136
474983075
474983110
474898450
474898493
474982931
474983057
474898461
474983105
474985739
474902465
474981802
474899777
474898859
474899804
474983326
474985757
474983492
474983097
474982146
474900294
474982967
474900296
474986105
474986022
474986010
474982940
474898857
474901679
474911841
474912234
474911938
474901283
474912199
474901269
474911807
474901245
474901638
474984571
474984801
475005417
475005941
475005658
474984311
475005631
474984779
475005943
474888034
474993545
474887885
474887946
474887933
474993498
474993670
474888022
474993534
474911663
475005522
474984377
475005526
474888441
474984786
475005551
474911781
475005647
474901218
475005379
474984521
474984822
474888031
474994042
474901673
474993547
475005561
475005646
474911933
474984774
474901544
474901510
474914454
474900055
474913114
474913136
474901506
474985891
474984668
475005761
475008011
475008029
474984644
475009355
475008032
474888320
474888294
474888342
474993917
474994870
474994822
474886733
474886712
474983202
474889366
474996130
474898769
475006751
474910458
474910469
474983191
474983231
475009337
474886723
474900035
474994830
474888319
474889378
474901541
474983192
474888283
474984642
474912095
474914466
474900319
474901256
474902718
474985988
475009595
475008536
474984545
474888332
474891069
474997841
474994857
474995207
474887922
474993657
474889485
474996389
474910871
474910337
474910602
475006950
474890803
474890804
475005539
475009460
474899791
474981764
474985721
474994051
475009374
474886747
474913145
474984282
474985590
474901654
474901412
474911792
474900093
474913290
474914586
474900331
474986011
475005416
475009769
475008557
475005670
475008569
474891070
474888297
474997846
474995393
474993680
474888285
474898495
475006738
474898591
474910590
474898725
474983193
474996665
474996526
474914286
475007093
474912982
474898855
474984380
475005908
474886878
474985579
473679346
473679332
473679201
473677737
473677907
473679058
473677879
473677895
473677892
473679079
473667479
473667476
473664429
473664822
473667080
473664702
473667297
473664705
473664428
473666158
473665859
473676707
473676451
473665714
473676403
473676450
473676438
473665854
473667214
473667187
473676562
473676558
473664575
473677591
473676548
473665976
473667203
473666011
473676296
473679174
473664801
473677989
473664667
473677859
473677628
473664404
473667202
473676561
473679178
473664406
473679090
473665844
473394227
473394080
473394214
473392917
473393935
473392751
473392627
473392629
473392904
473393937
473394091
473346575
473346716
473340118
473339313
473345927
473345919
473346633
473339967
473339974
473340104
473345385
473345395
473386755
473387374
473344523
473344595
473344587
473344594
473345379
473386831
473346455
473346431
473387506
473387422
473387467
473339823
473346447
473392088
473394020
473392835
473392567
473387348
473392703
473392568
473392834
473339239
473392875
473392755
473344592
473392767
473393409
473382203
473382333
473382334
473379717
473379275
473379669
473379538
473379573
473379692
473379704
473382342
473631838
473631815
473625155
473625153
473625231
473625104
473624415
473625081
473628803
473629146
473628753
473374883
473374882
473375314
473375274
473628711
473375361
473628394
473629016
473381566
473381543
473378835
473624759
473624816
473629059
473375538
473631654
473375733
473381555
473382135
473624826
473624399
473624391
473374938
473631702
473375541
473378925
473624442
473628404
473381001
473381023
473380590
473380607
473391286
473380631
473381034
473630251
473672745
473672667
473672751
473672458
473672407
473672723
473672722
473344031
473660866
473660067
473660001
473660398
473660829
473660470
473343663
473630071
473660531
473660607
473390807
473390718
473630031
473343803
473344038
473380691
473380689
473671914
473391117
473343247
473671915
473630470
473630085
473630478
473660613
473380731
473343283
473380587
473391159
473391443
473379415
473392522
473392487
473391426
473380902
473672540
473672619
473624939
473624887
473672588
473631483
473677244
473343894
473346298
473664046
473339715
473339672
473344955
473344954
473628894
473665363
473387243
473675871
473387203
473630335
473380815
473665339
473675900
473678519
473624919
473677196
473628910
473339671
473628848
473382319
473380748
473391575
473394186
473392607
473391311
473379546
473379440
473391175
473631801
473631800
473672727
473677951
473624960
473664753
473664750
473339939
473664615
473339931
473660457
473664752
473666670
473345083
473374931
473387229
473676627
473628915
473631402
473672339
473390778
473672331
473378883
473392075
473391447
473664031
473631006
473382093
473382223
473394078
473379667
473380640
473392770
473630480
473679351
473672672
473624443
473625019
473672589
473346670
473660745
473667339
473663961
473664675
473660828
473666637
473345382
473387634
473387326
473676435
473629015
473375590
473387502
473676502
473378839
473665971
473391381
473391116
473379369
473393886
473584317
473582723
473582722
473582842
473582852
473584279
473584053
473584315
473560559
473560556
473556598
473556585
473556593
473559971
473559970
473559968
473560499
473556041
473560498
473558935
473579830
473579819
473558675
473580079
473558911
473559107
473580226
473580164
473556331
473556269
473583749
473556296
473560234
473560281
473560387
473584257
473579804
473556323
473583992
473556320
473584255
473559094
473560399
473580334
473584301
473583765
473556583
473582993
473580092
473556463
473584145
474724652
474723443
474723213
474723323
474724510
474723453
474723476
474677266
474677120
474677121
474669887
474669879
474676402
474676467
474677063
474669861
474676401
474670592
474675946
474675655
474675657
474717323
474675082
474675607
474717915
474675791
474675823
474723923
474718035
474670323
474670407
474670388
474670412
474676930
474676999
474675669
474718055
474670403
474723129
474717911
474717903
474677235
474675814
474676977
474677119
474670642
474675164
474676483
474717920
474724515
474701012
474701014
474696545
474696549
474700511
474697053
474697016
473536785
473536775
473530066
473529983
473536707
473536581
473532299
473532293
474694437
474694354
474693827
473532753
473532221
474694378
473536205
473536247
473532646
474700223
473529665
473532620
473536181
473529639
474696284
473536203
473532693
473532284
474694407
473536649
474700245
473530193
473535977
474693896
474696927
474699455
474699451
474720837
474720539
474720569
474720801
474699658
474720775
473535442
473577627
473576914
473534673
473577703
473576839
474672725
474673259
474672729
473553159
473553147
474672441
474672706
473553869
473534885
473534947
473553607
473553687
474720047
473577149
473534859
474672970
473577103
473535155
474672753
473553131
474720227
473553391
473577387
474720031
473534625
474672747
473534938
473535197
474699411
473534681
474720555
474720680
474724246
474720677
474722914
474696788
474722923
474696785
474696752
473536495
473535310
473583495
473583502
473582170
473582180
473535262
474673163
474673181
473559675
473559680
474670066
473532574
473532535
473579483
474717581
474717603
474673148
473535283
474699495
473577527
473583461
473577519
474722863
473535305
473583497
473582165
474670123
474699692
474720815
474720285
474699161
474724471
474723152
473535451
473529363
473529368
474672767
474676736
473559747
473559752
473556515
474676427
474670485
473560469
473532559
474675413
474693609
474717659
474675101
474675891
473536232
473560203
473560208
473559019
473556245
474675896
474699423
473583705
474696795
474699416
474699549
474723437
474722925
474720272
473536762
473536771
473582979
473582967
473535991
473553080
473556051
473559946
474676397
474693610
473579823
474675077
473558667
474675149
473532643
474698888
474718006
473580142
473556327
473556267
474676713
474699368
474722865
473572307
473572294
473569798
473569401
473569655
473569400
473569388
473655587
473655464
473651110
473655010
473655053
473655009
473655569
473652906
473568479
473568413
473568473
473568083
473652370
473652899
473567946
473652905
473652779
473652776
473568322
473571881
473569211
473569206
473652767
473652764
473569208
473652539
473652534
473651229
473569343
473568330
473569605
473655413
473655570
473572433
473651241
473651634
473568058
473655534
474712762
474710231
474709870
474710123
474712470
474712511
474709832
474955799
474954922
474961606
474961580
474962175
474955796
474961521
474955712
474959742
474706235
474706233
474705922
474958914
474958953
474958917
474706160
474712043
474706155
474955311
474961914
474961995
474706295
474712700
474709467
474710058
474706170
474959727
474959601
474959708
474712899
474705524
474709474
474955618
474961602
474955770
474709461
473370333
473366506
473366457
473369927
473366381
473370416
473366325
474867225
474860674
474866567
474860612
474867275
474867351
474867327
474863333
474862858
473363878
473362995
473363343
473363337
473363069
474866831
473369603
473365642
473363681
473369627
474860168
473369626
474863255
474863249
473363060
473370261
473365707
474863265
473363084
473366499
474859961
474862582
474862544
473365701
473367394
473367426
473367306
474708909
474708383
473367821
473367389
473565831
474863842
474863838
473565789
474864239
474864303
474957845
474958378
473648195
474957555
473648937
473648909
473565310
474864101
473648535
473648542
473367041
474864653
473367755
473648943
473565299
473565774
474708870
474957993
474864317
474708165
473367303
474708375
473370035
473370054
474712331
474708764
474709702
473367641
474709700
474864584
473565683
473571615
474860310
473568999
473568980
473571558
474866931
474961846
473650779
473654741
473648861
473363483
473363478
473363475
473363393
474862979
473363454
473567663
473565639
473652137
474958242
474705788
473567662
474860309
473565653
473370297
474708405
473366106
473369903
473369900
474708402
474864573
474864296
474860343
474860579
474866516
473568992
473572350
474961856
473655507
473655512
473651027
474955605
473654789
474862818
474959301
473568393
474705461
473567991
473652342
474961940
473363691
474712067
473651154
474709419
473363468
473565285
473651157
474709731
473367279
474708944
473365962
474864574
474866913
473572299
473572287
473569347
474859950
474863840
473571958
474962381
474959218
473567866
473652363
474959669
474959566
473363658
474712121
474860182
474709433
474961913
474862977
473370258
473565776
474955745
473569599
473581665
473570683
473581643
473571066
473570850
473581627
473675398
473653685
473653737
473654213
473654273
473674834
473557523
473662991
473662929
473663074
473557330
473663058
473662937
473663121
473557655
473557651
473653878
473570551
473674942
473570538
473557601
473557639
473654231
473557482
473674985
473570663
473581353
473654225
473557486
473653845
473654238
473663515
473570553
473581101
473653710
473581637
474721751
474721746
474711162
474711199
474721881
474711282
474721845
474960814
474960802
475003235
474960195
474960251
474960283
475002483
475003053
474674638
474674590
474990635
474673794
474990987
474674554
474991350
474674327
474674326
474991171
474721319
474960594
475002879
474674601
474710791
475003271
475003263
474673806
474722071
474991137
475002522
474722103
474991027
475003038
473369159
473390217
473368571
473368619
473368853
474865759
474908267
474907486
474907473
474907447
474866031
474907450
474865995
474883725
473341967
473341901
473341961
473342669
473342739
474883905
473368359
474907690
474865421
474884187
473342719
473368347
473341931
473389929
473342167
474883639
474907689
474883987
474908237
473368611
474698397
474698349
474697865
473377991
474697857
474698334
473533715
473533761
474895998
473533671
473534151
473627867
474978947
474978946
473627787
474978701
474979018
474979541
473533631
474697551
473377522
473627394
473627475
473627826
474697587
474896333
473377779
473627039
474978718
474896393
473533277
473377935
474697545
473368710
474698094
474711029
473389877
473389847
474698071
474865642
473570287
474896043
474896050
474907847
473570274
474907831
473627549
473674599
473674539
473674546
473653423
473342314
474674057
474884039
474990905
473368675
473662687
473570267
473627559
474960486
474884035
474710986
474990859
474711015
473369109
474721619
473389703
473377962
474711139
473389867
474697961
474907963
474865191
474907965
474960533
474978723
475002995
474960223
474961011
474674094
473662707
473662905
474884465
474674310
474979119
474895835
473663165
473674914
473389435
473533877
474896357
473390223
473369154
474711274
473389821
473389974
474697834
474711161
473368614
474865770
474896395
473581198
473580837
473570703
474979282
473674521
474960197
474978703
474674225
473557834
474990825
473557647
474991114
474895783
474991121
473368302
473342718
473557089
473378049
475002473
473570987
473570947
473581522
473583920
473581508
473572127
473582575
473570938
473654146
473655308
473655332
473651311
473655275
473655274
473655305
473560112
473663387
473664246
473666903
473666946
473652694
473558839
473665567
473676149
473560124
473663347
473570924
473666915
473579934
473582538
473568186
473677460
473557750
473560159
473665606
473581541
473569529
474711443
474711442
474722000
474724350
474723078
474723059
474709976
474711438
474962099
474962098
475003160
475007799
474955511
475007779
474955510
474676832
474991223
474997160
474994559
474994602
474676796
474674422
474676827
474959459
474706054
474717802
474717719
474717714
474705999
474960896
474711383
474997203
474711379
475009071
474709923
474711378
474962094
474991279
474709971
474955506
474997195
473390141
473392387
473392388
474867095
474865879
474914060
474860458
474867007
474865899
473346131
473342597
474890327
474886275
473342535
473342537
473339504
474888970
473363571
474863043
474863127
474863107
474914019
473366168
474863132
473342623
473368942
473368983
473390079
474860453
473363552
474700643
474700638
473381804
474696677
473534026
473533978
474902156
473533995
473627744
473631281
474985359
474981323
473624621
474982678
474898186
473375163
474982661
474898158
473536343
473533962
474979376
474899502
474898218
473532411
474694040
474896206
473379183
473533937
473367538
474708690
474864403
473565491
474911446
473534991
473629955
473629949
473648669
473648645
473343498
474672857
474672862
474887602
473553507
474993219
473660346
474958123
474887643
474993251
473577263
473390982
473565510
473343507
473343487
473565569
474911386
473577281
473368974
474700603
473391041
473392343
473392337
474696644
473533991
473572087
473581458
473535051
473654060
475005135
473342573
473553536
473560076
473339540
473343519
473532407
474959431
474959430
473363562
473652606
473532399
474865853
473631270
474712587
473676104
475007742
473381827
473390098
473379154
474709985
473535032
474902203
474908142
474911444
473583915
473569450
474912726
474896215
473655327
474955445
474981379
473678787
473342598
474887600
474890322
473556118
473339502
473663331
473363574
474982639
473558799
473378179
474910098
475006457
474899503
473570831
473571091
473584139
473584268
473572004
473570826
473655561
473655431
473678813
473679167
473677497
473677973
473677495
473560151
473560148
473557770
473667419
473664294
473667020
473664645
473560145
473652522
473666097
473568197
473676263
473568041
473665830
473653855
473663225
473676524
473556281
473558828
473655318
473675370
473651205
474711309
474724749
474709999
474724487
474723295
474712878
474961053
474962228
475003173
475009827
474955523
475008513
474954967
474960259
474676871
474674610
474997952
474994919
474676431
474991290
474674487
474959481
474675547
474996363
474706035
475006927
474995910
474674348
474706143
474721343
474709446
474674491
474996368
474723063
473370443
473368867
473368869
473366347
473392727
473369129
474865895
474907460
474912755
474866527
474914791
474865743
473342735
473342205
474886545
474884489
473346651
474889451
474889447
473387093
473387091
473345067
474863225
473363708
473369651
473387441
473365683
473365685
473342463
473392064
473363709
473363048
474860193
474890503
473378373
473379258
473379521
473534135
473536617
474895575
473530151
474899874
473530014
474900140
473533731
473631293
474979532
474986073
474981581
474979007
473627319
474694026
474693591
474693857
473627456
474985679
474700196
473624778
474899739
473625042
473367799
474699402
473380713
474699305
474720259
473535431
473577669
474901191
474911755
473630453
474957875
473648721
475005607
474957867
474887673
473553378
474993270
473553113
474864150
473553639
474901067
473672295
473672299
474673267
474993991
474900869
473370047
473366083
473391403
473577534
473580860
474912015
473630324
474961829
473653455
473678501
474676700
473559711
474993860
474993857
473555753
474676695
474862962
473375431
474910433
474958266
474675380
474979266
474914393
473582153
473367560
474699537
473380845
473382163
474721733
473379175
474697843
474896251
474902779
473582157
473571999
473648960
473675247
475005344
475008377
474676701
474677225
473660336
473344941
474889446
474910302
475006793
473367008
473380184
473572279
473569522
473569783
473569630
473570708
473581244
473678805
473651313
473651575
473675132
473677901
473677889
473655055
473667473
473664309
473556462
473559190
473676269
473580090
473558662
473580318
473559058
473655175
473581126
473581100
473677637
473569219
473582442
473654228
473667437
473664273
474722134
474724750
474712519
474712867
474960921
475009834
475009887
475007805
474955711
475002968
475003040
474960861
474997875
474997221
474670197
474676438
474676458
474995247
474675513
474996447
474718150
474717894
474958915
474675606
474674336
474675798
474706099
475007139
474724002
474722598
474711512
475009863
474722997
474723390
474711116
473390264
473393649
473392649
473366323
473370153
474867190
474914859
474859930
474866479
474913383
474865232
473346658
473346689
474884516
473345866
474884325
474862855
473363071
474889515
473386841
474910851
473387357
474863263
474890770
474910719
474910101
474910887
473365903
473387345
474700858
474697014
474700506
473379533
473377988
474697940
474899943
474900142
474895988
473533941
474981405
474979496
473631749
473628609
473532246
474694030
474983067
474694350
474898954
474898971
473532042
473627458
473631437
474985678
473375597
473377520
473377556
473628977
474979377
474697916
473529654
474693882
473630993
474699406
474708427
473380997
474720430
474708499
474708379
474864417
474900874
473576910
474911931
473565525
473648383
473553513
474888459
473659997
474864127
474993730
474708079
473577126
474719958
475005495
473390765
474984783
473672181
474720030
474912171
473672441
474698132
474699582
474721628
473393813
474722946
474866926
473535306
474901503
473529886
474913119
475005795
473650843
474981903
473342312
473557124
473666657
473339662
473664041
474675366
473652115
474705754
473344913
473652139
474700686
473662688
473387213
473378360
473392341
474712459
473535450
474901383
473577297
473580872
473530158
474907964
474961855
474984807
473678549
474981369
474673170
473346305
474994545
473556378
474890535
473666069
473344553
474890799
474995067
474344495
474344614
474343315
474343184
474344375
474343148
474343292
474343031
474343171
474344373
474344349
474332603
474329675
474329674
474329706
474329962
474330092
474332349
474329699
474332361
474329720
474332337
474331399
474341986
474341550
474341982
474341698
474341694
474341723
474331125
474341962
474332459
474331267
474344238
474342874
474329827
474342894
474342898
474341815
474332587
474332720
474344231
474330078
474343136
474332327
474341709
474331410
474341575
474332457
474332599
474341984
474329842
474330067
474343138
474154547
474154400
474153238
474152975
474154271
474153103
474154281
474154390
474152960
474154411
474118917
474118772
474112907
474112960
474113483
474113434
474118245
474118708
474113636
474117295
474149207
474149205
474148979
474148942
474149001
474149263
474117592
474117466
474118652
474153868
474153874
474152539
474149111
474152552
474118624
474154353
474152567
474112941
474118223
474116913
474118636
474149254
474112942
474153196
474113503
474116900
474153064
474113611
474142665
474142534
474140038
474139986
474139906
474139616
474142542
474308867
474308973
474303052
474303646
474303573
474308927
474308792
474303688
474303513
474305963
474305913
474136660
474136737
474136991
474136662
474141947
474141944
474303322
474303268
474141966
474141968
474137238
474308819
474308588
474306210
474142604
474303009
474303664
474136972
474308950
474142006
474136736
474303054
474303249
474141359
474141357
474141058
474151518
474151869
474151607
474151883
474151483
474151903
474151471
474307666
474339055
474306947
474339321
474307600
474307003
474307660
474326818
474115619
474327004
474327426
474116202
474327070
474116260
474307246
474140620
474140663
474338910
474151186
474151182
474338923
474140644
474151218
474307240
474116238
474338651
474306967
474339040
474151581
474307245
474339354
474338650
474115615
474327165
474141200
474151787
474151784
474151734
474139739
474151746
474154135
474142386
474308695
474308708
474339224
474343906
474343955
474342583
474339188
474308656
474307516
474118475
474118498
474327346
474329459
474329432
474329430
474332050
474306055
474117155
474306042
474330775
474341267
474306016
474137086
474330702
474339174
474151708
474329419
474342607
474306064
474116110
474307542
474327271
474148880
474329422
474303378
474148844
474142360
474141067
474154376
474151890
474152927
474139758
474151628
474151771
474307533
474308959
474308831
474343967
474338672
474342640
474307528
474308301
474116135
474116132
474332085
474329442
474113224
474113457
474306079
474117282
474136696
474341659
474330969
474118603
474149092
474152526
474342844
474331230
474137360
474149228
474142543
474139773
474153198
474140960
474152817
474142267
474307664
474338674
474342657
474343180
474343288
474344596
474118770
474327334
474332554
474112962
474116073
474326768
474117318
474149230
474341992
474341944
474136927
474115976
474141982
474141991
474329848
474329800
474115940
474153858
474116109
474142471
474149250
474344584
474329836
477669719
477670774
477670867
477671000
477669716
477670737
477659147
477656122
477656070
477656121
477656360
477658715
477658712
477656373
477658751
477656490
477658750
477659142
477657803
477657802
477668385
477668351
477668086
477668121
477667987
477658871
477657679
477670640
477656203
477656214
477668227
477670639
477658890
477659123
477668372
477670988
477669403
477656348
477657417
477658725
477659122
477657536
477657669
477670593
477668132
477670998
477385761
477384335
477384331
477384561
477385627
477384575
477384308
477384310
477338266
477338252
477338254
477331799
477330922
477331715
477331791
477338175
477331796
477336814
477337039
477378513
477378525
477336243
477336987
477336994
477336249
477337035
477338099
477338132
477379179
477331447
477385091
477385090
477338103
477336932
477338123
477379173
477385701
477383787
477383791
477379027
477337568
477337047
477338230
477379161
477385041
477331003
477336992
477338179
477373895
477373614
477373989
477373859
477371374
477623504
477616126
477616107
477616114
477622719
477616700
477616892
477622713
477616103
477622725
477367438
477367425
477620003
477620787
477367422
477623070
477620698
477367306
477373247
477367215
477367259
477367256
477620732
477623466
477367287
477616871
477371310
477367011
477367017
477370916
477623514
477623338
477620468
477373161
477370918
477373611
477367257
477366596
477372707
477372706
477372415
477383229
477372323
477372271
477383263
477372670
477663555
477621322
477664091
477664167
477622111
477664137
477621394
477335314
477335754
477651767
477652539
477334962
477651714
477334950
477335459
477652251
477664035
477652247
477652243
477382450
477335327
477652515
477382473
477652123
477664119
477651763
477663558
477663957
477382930
477382995
477371877
477335275
477372560
477373771
477372539
477385471
477622031
477623216
477670222
477664275
477664263
477668840
477670159
477335627
477337976
477331402
477655635
477655674
477331318
477335543
477331316
477336643
477620562
477336646
477667523
477367126
477620571
477367151
477667575
477371047
477668879
477371048
477383059
477335590
477383115
477384118
477664266
477383103
477372575
477372571
477385734
477384186
477384285
477372294
477384284
477385735
477623349
477664412
477670823
477664149
477663619
477658352
477331746
477331743
477334938
477337983
477367399
477378471
477379002
477338083
477335466
477373211
477669234
477383756
477373206
477338347
477658809
477366608
477384279
477621378
477372585
477371395
477384153
477371263
477384462
477384426
477372404
477373855
477622174
477623229
477663644
477664221
477670767
477656379
477656331
477331770
477337074
477367173
477657795
477378910
477379302
477668127
477373210
477331446
477331506
477621716
477373951
477385830
477382928
477480827
477479480
477479492
477480923
477480921
477479494
477480931
477445319
477445162
477445295
477439306
477439365
477439904
477439828
477439888
477439905
477439304
477445288
477443987
477475012
477475414
477475639
477443320
477475675
477443662
477445055
477445031
477480292
477475475
477478906
477439703
477478948
477480260
477475543
477478904
477443855
477445039
477445040
477478965
477439339
477439869
477480751
477445282
477443960
477475676
477480940
477478905
477439375
477475412
477478953
477480261
474059506
474058042
474059218
474059243
474059242
474011985
474011843
474011972
474005397
474004515
474011122
474005259
474011192
474005241
474010401
474052827
474052114
474052881
474010331
474009885
474010544
474011707
474011710
474058719
474005131
474005043
474057380
474005096
474011959
474059435
474058111
474005231
474052623
474058112
474058711
474011823
474011697
474059367
474057321
474009800
474011119
474059223
474005109
474023721
474017939
474018592
474018460
474023805
474023675
474018574
474023217
474018524
477433427
477432623
477432635
477433419
477433222
477428080
477428086
474017265
477427288
474016539
474016607
477428139
477432707
477432748
477432776
474023055
474017727
477427943
477426104
474017056
474016455
474016461
474018515
474017852
477426166
474017854
474018459
474018387
474016604
477427941
474022293
474021820
474021859
474053932
474022487
477432103
477474358
477474274
477474087
477474081
477431763
477474082
474006719
477438711
477438058
474005843
474005915
477437848
474006455
477431416
477438367
477438411
477473692
474053362
477431375
477431368
474053443
477432040
477432043
477438675
474053493
477431251
474054151
474021748
474006682
477432100
474006381
474021681
474053955
474022402
474058835
474018331
474057502
474023536
474023542
474057500
477480167
477474135
477474188
477431900
477426550
474011312
477438563
477444526
477438580
474006555
477427888
474017015
474016931
477474799
474016924
477431915
474009991
477443175
477444483
477480087
477439207
477438544
474010016
474006511
474004651
474023535
474058125
474018427
474021872
474053944
474018320
474058843
474023704
477432095
477432093
477480873
477480872
477431303
474006575
477444507
474005325
474005900
477444567
477438027
477427879
474010000
477443649
474010599
477432736
474021739
474058652
474057327
474023044
474010004
477432741
474023835
474058839
474059380
474057537
474018439
474057994
474053540
477433423
477480874
477480795
477480687
477431288
477478821
474006704
477445311
474004665
477438034
477444574
474011176
477439347
474017013
474052900
477443259
474010516
474058636
477439695
474017779
474006549
474023791
474058773
477439995
477469076
477466391
477466254
477466295
477468668
477466294
477468633
477469050
477635266
477629380
477629987
477629972
477634720
477629428
477634665
477632362
477463726
477632050
477463086
477632082
477632344
477632602
477635000
477463592
477465772
477629651
477465774
477629699
477629648
477463590
477635346
477463113
477629706
477465767
477466228
477466233
477469002
477635212
477632625
477463064
477463352
477466300
477634690
474044603
474044590
474047216
474047229
474044574
474044588
474289715
474296327
474296240
474290493
474297027
474297032
474290301
474294462
474041026
474040955
474040642
474293997
474294390
474296675
474296698
474044122
474290067
474290094
474046796
474046798
474047553
474041007
474290103
474040619
474047156
474041010
474296277
474296721
474047607
474044914
474044547
474040592
474293662
474290370
477350277
477344985
477344267
477349540
477349616
477350128
474107036
474099562
474100415
474101098
474101087
474101080
474101086
477343679
477343659
477343011
477343005
477342933
474101555
474106354
477343463
477343539
474099695
477344200
477343468
474099747
477343474
474106367
474106964
477350061
474099573
477344775
477350188
474107020
474101024
477349401
477342884
477344967
474041626
474042287
474041915
477346926
477347188
477461686
477462393
477461991
474103518
477462429
477461638
474291105
477627987
477628047
474291088
477628000
474291759
474103684
474103734
477346791
477346842
477628312
474291124
474104322
477628751
477628083
477462009
477347235
474041878
477461769
477461632
477347459
474042202
474046955
474042196
477344530
474044262
477344576
474044310
474106619
474099951
477465596
477634599
477634580
477629235
477634535
477629302
474293740
477343230
474040306
474101274
477631876
477634551
477462272
474042140
474046888
477344519
474044250
477631936
477468210
474106563
474293816
477347422
477634518
474040292
474099988
477344547
477462292
477349866
477350096
474047435
477344589
474044529
477344819
477344588
477347488
474104372
477468995
477465951
474103583
474100388
474291808
477634587
477627980
474289844
477463713
477342966
477632015
474294272
474294270
477461792
474290043
474101577
477347211
474100384
477344811
474047476
474046953
477344310
474100258
477466251
477465621
474106230
474296385
477635379
477629379
474293769
474040966
474040156
477343002
474106374
477628378
474046774
477468387
474044152
477465723
474294052
477461612
474099969
477344250
477463371
477346892
477467745
477467482
477478318
477467359
477467325
477633778
477633803
477665759
477665416
477634003
477633417
477633808
477633381
477442266
477653147
477653805
477653860
477653483
477442018
477441942
477442600
477653874
477442017
477442411
477633634
477442363
477442410
477653543
477477616
477442408
477634027
477467423
477478242
477441983
477441978
477665347
477634024
477442627
477653602
477633370
474046315
474056434
474056614
474046271
474045921
474337239
474294923
474337683
474295715
474337995
474008963
474008951
474326067
474008565
474008955
474295350
474325855
474045490
474337594
474337602
474009011
474325854
474009319
474325879
474056075
474337727
474045835
474325725
474326118
474295383
474326155
474046299
474045838
474294918
474056835
474046263
477348298
477348287
477379903
474105419
474147167
474147939
474104883
474104839
474147130
474147609
477332387
477332386
477332308
474111639
474111585
474111454
474105059
474105052
474105019
474112051
474147256
474105379
474147280
474147615
477348868
477333103
477348610
477379773
477380367
477348279
474021227
474020829
477368092
477368286
477368044
474021166
477368082
474136077
474135202
477429951
474136031
477429921
474135990
477618167
474301606
474301593
477617494
477430066
477617836
474301998
474020398
477367887
477367960
474301931
474301559
474302343
474135215
477368013
474020490
477430719
474301552
477617574
474020397
474136072
477368283
474020373
477368455
477380207
477348484
477380206
477348508
477466927
474147479
477477483
477466926
477633286
477633251
477633283
477664876
477664923
477664924
474295054
477332722
477653015
474008607
477332632
474111850
477430459
477380154
474337327
474008623
474295134
477368451
477477454
477664890
477368439
477348906
474045645
477368063
477368476
477368325
474105402
474135243
477466951
474147543
477429971
477467277
474295727
474295461
477633993
477665667
474294927
474337171
474008884
474008889
477653067
477653128
477653790
474295327
474009018
477442323
477379791
477430756
477348117
477367929
477664950
477617406
477477964
474020937
477380169
474045916
474021163
474056440
477430762
474135991
474147162
477478263
474301591
477665674
477665091
474295000
477617371
474008625
477333042
474111873
474326104
474111966
474135331
474325840
477467043
474105378
474111486
474056068
477467283
477480563
477478158
477466170
477466151
477479216
477467575
477670304
477629818
477629783
477633868
477669031
477669056
477670303
477444920
477655806
477439564
477444848
477439592
477444850
477657178
477475228
477632488
477635082
477635084
477653704
477478110
477479167
477466098
477439604
477467554
477657128
477658447
474046151
474047336
474057763
474057799
474057778
474046158
474295667
474295630
474343823
474342527
474342523
474295582
474009200
474004947
474329298
474329324
474331962
474040774
474040735
474052522
474040722
474330595
474296807
474046099
474052494
474059031
474052491
474341179
474046098
474010232
474046179
474341120
474004966
474059079
477348788
477344699
477383896
477344707
477348752
477380479
474105583
474152363
474152410
474153723
474152422
474112160
477331138
477331108
477337647
474112760
477336412
474101422
477378568
477378574
474101403
477336339
477336395
474106699
477380420
477380416
474101463
477385251
477344650
477378620
474147784
474023430
474023432
477368555
477370691
477368578
474023428
474141795
474141884
474139239
474139198
474139220
474141798
477618082
477618028
477622784
474302235
474302848
474302896
477618022
477620142
474016835
477366707
474016828
474136518
477427736
477432964
474023396
477616204
474139170
477430587
474302238
477370659
477372022
474053766
474053800
477382543
474140482
477462171
474151074
474140562
474151075
474291538
477628447
477628456
474306815
477663691
477438274
477651899
474326602
477335091
474291527
477462139
477371975
474042004
474053752
477335055
477438271
477347319
474140494
474291486
474021066
477368588
477373343
477382588
474042066
477433002
477431695
474135911
474135908
474135903
474291548
474308171
474338536
477616215
474009152
477337686
474112139
477653655
474331895
477443511
474040703
474330568
474016840
477621510
474112135
474152392
474022160
474023446
474056692
477383898
474104132
474105538
474135859
477473938
477478131
477426415
477466143
474296824
474308203
477629775
477616231
477332958
474011596
477331050
474329296
477655827
477657171
477366727
477431648
474141811
477380418
477480483
474112806
477467733
477468800
477466159
477480643
477478026
477466004
477634055
477665732
477670965
477630081
477669383
477634700
477445269
477655840
477653454
477656048
477463763
477463758
477632320
477657631
477480246
477480248
477629687
477632584
477635118
477667724
477439725
474046172
474057791
474044565
474059204
474046290
474059107
474295772
474295771
474343833
474342963
474290347
474295647
474008937
474325341
474008535
474332277
474294043
474010365
474331087
474341651
474052075
474294306
474045499
474341778
474057351
474294440
474046809
474044715
477385244
477384259
477349579
474105575
474147812
474100159
474153155
474154208
474099608
477332973
477332968
474118112
474112828
474118172
477332967
474118173
477336407
474101063
474101061
474117507
477378975
474105028
477338060
474118563
474112023
477385048
474118564
474106996
477343640
477384519
474118171
474021090
477368728
477371327
477371195
474020550
474018548
477430653
477433386
474142455
477432599
474135258
477430371
477618215
477617552
474308195
474303635
477617547
474016866
474016863
477366765
474136919
474305608
474136917
477617819
474308514
477367228
477426126
477370527
477370532
474141930
477623442
477433252
477373173
474018543
477425992
474022247
477382605
477382804
477382941
477383203
477372642
477473514
474151110
477462043
477462039
474151435
474291563
477621856
477628755
474306868
474006009
474006664
474115475
477437877
474327388
474115527
477431411
474115926
477663964
477663963
477346804
477431704
474022143
474054183
477473512
474041919
477368467
474056195
474056190
477371059
477349840
477431936
474142328
474104223
477623183
477628627
477332692
477441855
477653060
474332008
474016963
477631926
477462964
477430504
474045627
474329371
474022508
477350238
474042189
477373831
477383073
477431708
477430375
477466941
474154470
474139555
477432595
477622843
474307461
474343228
474339008
474011944
474115472
474332536
477439197
477331590
474005876
477475263
477667533
474306139
474118566
477468375
474058672
477468802
477469051
477479358
477478016
477468631
477480525
477635395
477633812
477665684
477670702
477665480
477669568
477656050
477439962
477439858
477444654
477439617
477443982
477657166
477667665
477443290
477668116
477467074
477439746
477632551
477467048
477467420
477670329
477667972
477478962
477629407
477669400
474056828
474044599
474057930
474045898
474056709
474295532
474337222
474342970
474343167
474009356
474011601
474326001
474329667
474330087
474341194
474325870
474044203
474057366
474010458
474046831
474056792
474290205
474329679
477348825
477348956
477385912
474106879
474147814
474100402
474153154
474104912
477332444
474118101
477331053
477331768
474113487
477337006
474101683
474117291
477343341
474118611
477385054
477344203
474106963
474111488
477380421
474152373
477348212
474118215
474021214
474023874
477368601
474018153
477371194
477368577
477430665
477433258
474142515
474142491
477623356
477618164
474308782
474303039
477620872
474017274
474136605
477619996
477620788
477617840
474301916
477367964
474303243
474303003
477432570
474022246
474042093
477346903
477346963
477372304
477432078
477462202
474151834
477473877
474103555
477621928
474307407
474306849
474339279
474339015
477651748
477438054
477437970
477335422
477652252
477664036
477382533
474338643
477438018
474115575
474023586
474042151
474056194
477344575
474105320
474105284
477474198
474099955
477468235
474142359
474295100
474307515
477668896
474308655
477337972
477653036
474117159
474148798
477617924
477444486
474118479
477652384
477347491
477383248
477371356
477344815
474141327
477474210
474139209
477633992
474308955
474343959
474325953
474016845
477667912
477632011
477617804
477628375
477443778
474052710
477670552
477616480
474249441
474249331
474249332
474248135
474249319
474247988
474249320
474249322
474225813
474225824
474221291
474221681
474221733
474225249
474225646
474224507
474224482
474245639
474245050
474223925
474245599
474223977
474245073
474223989
474225550
474245507
474247745
474221588
474249031
474245503
474225563
474224371
474245612
474249407
474245085
474247733
474247951
474248081
474224369
474249403
474224216
474249461
474245576
474221347
474248237
474819680
474819695
474818215
474819575
474819667
474819800
474819802
474819537
474784198
474784053
474778919
474783538
474778780
474778233
474778904
474784036
474782614
474782841
474814546
474813880
474782183
474782215
474814288
474814279
474782805
474782181
474782836
474783910
474814424
474819106
474819148
474817835
474819139
474814390
474817820
474782591
474782587
474782589
474819160
474818447
474783503
474814264
474782854
474814425
474778843
474783535
474783511
474782804
474783861
474796065
474792101
474791963
474795550
474795536
474795549
474795917
474795525
474213824
474208600
474208606
474213292
474213272
474208648
474208521
474213225
474209410
474209459
474790780
474209273
474790204
474209399
474209321
474790592
474790636
474791392
474791453
474790607
474209795
474209852
474790115
474792040
474208612
474795476
474795477
474790109
474209854
474795393
474208661
474792046
474791980
474790076
474794481
474815345
474815333
474794171
474815613
474794698
474815553
474212637
474212338
474243586
474211979
474211972
474211967
474244303
474780238
474779645
474779697
474220547
474220485
474219952
474219839
474779935
474779915
474212047
474794062
474220252
474243730
474815213
474794032
474815177
474212099
474212309
474815273
474815536
474243775
474212308
474220257
474794752
474219862
474779503
474211901
474779563
474794603
474794599
474819311
474819305
474819286
474795752
474794597
474213694
474213668
474244162
474247547
474247576
474212435
474212431
474247616
474220403
474225154
474778390
474780028
474782315
474790456
474814031
474790471
474780067
474814004
474208355
474244123
474212440
474209710
474782348
474213665
474794596
474795742
474244126
474247541
474791788
474783595
474795911
474819644
474791555
474791552
474212492
474213921
474249525
474243632
474208504
474212608
474221807
474220007
474783473
474782817
474209429
474224443
474813832
474782332
474783869
474220267
474225499
474814367
474814364
474247672
474208108
474212609
474794608
474814365
474208113
474248069
474795813
474815576
474795487
474818345
474212505
474212372
474243656
474247996
474248140
474213883
474780081
474784193
474225166
474779554
474225304
474778709
474209434
474224500
474814289
474782201
474213403
474224344
474247678
474778625
474779960
474212312
474795871
474819761
474247948
477574639
477574675
477575734
477574508
477574652
477574664
477575709
477552237
477551711
477548084
477552177
477548264
477552233
477550905
477550619
477571973
477571774
477550387
477550595
477550593
477550594
477571904
477574111
477551909
477574088
477575434
477552200
477571895
477575453
477547711
477548111
477550361
477551669
477550749
477575469
477574089
477548215
477548110
477575693
477548131
477550856
478716335
478714882
478715143
478716179
478715131
478714870
478668947
478668814
478662345
478661481
478662203
478662212
478662356
478661542
478709879
478709079
478666807
478709530
478666831
478667507
478668656
478709720
478715663
478668607
478667499
478667613
478668787
478716263
478662323
478714347
478714935
478666819
478667505
478668790
478667360
478715674
478715661
478714365
478716171
478666808
478668739
478688169
478692164
478692179
478688734
477528321
477521075
477521067
477527679
477521660
477528393
477521063
477528394
477524507
478685243
478685525
477523719
478685573
478685265
477523714
478685266
477524381
478685987
477521259
478685926
477524355
477524492
477528281
478692503
477521811
477523701
478692497
477521818
478688691
477521717
477523640
478692159
477523712
478691397
478691361
478712506
478711985
478690835
478690829
478691071
478712242
478691381
478712193
477527155
477568515
477569134
477569091
477527073
477569355
478664937
477545627
477544833
477545619
478664147
478664189
478664991
477526631
478690523
477568811
478711637
478690541
477526543
477526623
477545361
477569339
478711901
477569069
477527098
478664455
477545337
477569129
478712170
478691230
478714570
478688453
478691207
478691237
478715947
477527026
477528188
477521615
477573883
477521607
477573863
477575167
477575168
477569223
477575119
478668430
477551420
478661770
477547427
477547419
477551384
478664799
477524189
477550127
478709314
478667087
477528151
477545468
478715861
478714539
477575143
477527021
478664803
477571222
477521554
477573881
478709312
478711961
478716155
478688720
477568575
477521841
477521835
477521707
477574460
477527007
478668764
478668765
477552021
477552152
478661811
477545489
478668759
478667579
477550111
478709337
477571955
478685555
477571685
477571689
477526603
477568844
477571823
478687927
477526605
477569369
478712487
477548191
478714827
477571688
478692583
478692571
478711976
478688722
478692163
478716197
477569384
477575991
477521842
477574594
477573849
478668953
478664446
477551445
477544844
478661745
478662269
477551703
478664144
478685842
477550899
478709338
477571995
477521287
477575427
478667345
477545469
477571887
478716257
477521815
473489146
473487694
473487791
473487790
473489108
473489109
473487801
473448345
473447698
473448227
473453632
473452051
473452282
473483267
473483920
473483926
473451645
473483299
473452036
473488547
473483836
473448019
473448022
473453300
473483839
473453467
473489200
473489204
473448083
473487623
473488603
473452174
473453337
473489248
473487622
473451584
473488984
473447671
478049878
478050896
478050921
478049591
478050920
478051195
478003653
478003676
477997059
478002803
477996933
478003460
478002058
478002083
478001475
478001479
478044319
478002009
478044595
478002203
478002202
478003375
478049002
478002143
478050363
478003371
478003643
478044575
478051107
477996249
478050979
478049871
478049715
478049061
478051023
478015559
478015424
478009600
478009545
478010075
473441627
473435067
473435151
473435000
473440966
473435132
473435014
473440965
473436466
473435740
473435817
478008082
478008292
473435735
478008279
478008886
478014743
473434499
473434419
473434468
478009484
473436455
478008815
478015472
473434480
478009527
478009533
473434947
473435084
473440893
473441620
478015474
478009611
473435068
478008296
478014814
478014879
478014227
478045186
478045245
478013579
478045883
478045216
478045221
478014232
473482677
473482593
473482327
473439627
473481843
473482663
477997738
477997515
473446377
473446240
473439700
473446735
473446691
478045119
473481975
473446684
473439767
473440096
478014147
473481815
473440095
473481814
478045839
473439556
473446963
478014079
478010015
478049143
478009984
478010012
478049194
478015288
473440304
473488486
473488462
473434810
473488448
473488483
477998243
477996328
478002935
473452774
478043860
473483116
473483171
473483163
477998227
473440228
478014015
478015211
473488412
473482467
478045699
478002991
478008608
478045755
473447479
478014212
478045772
478010111
478045891
478049804
473440293
473440148
473482527
473434875
473482651
477997708
473452833
477996213
477998367
478008919
473483915
473451568
478008124
478013420
473453287
478044395
473434455
473446891
473452232
478044393
473487213
473446351
478045623
478049608
478009989
478050916
473488401
473434893
473487742
473481848
473446160
473447619
477996940
473452971
473448327
473446172
473436475
478008657
478044592
473483979
473435650
478044316
473453367
473434462
478008751
477998360
478013432
478014751
473483847
478050388
477996381
473447655
473487747
473465387
473461557
473461013
473461426
473461364
473461001
473461425
477534407
477534417
477534920
477534916
477534932
477534395
477535076
477536339
473460225
473460160
473459697
477536327
473459698
473460161
477539807
473460104
473460028
477534545
473460041
473460101
473460836
477540165
473464845
473459680
477540298
477535856
473465512
473460033
477535073
473459686
473464924
473460873
478023466
478022951
478026881
478026908
478022924
478023285
474201923
474201922
474202064
474194687
474201202
474201255
474201992
474195321
474197590
474197577
478020219
478020299
474197507
474197505
474197571
474201488
478022621
478026617
474197972
474197969
478020695
478022667
474195281
478023255
478019960
478027287
478022866
474195341
478680693
478675426
478680179
478680164
478680820
474771435
474764900
474766360
478673434
474766246
474766175
474766240
474766299
474766882
474771580
474771635
478674015
478674032
478674034
474764972
474771645
474766352
478674215
474765047
474764848
478680087
474771639
474766304
478680807
474765556
474771436
474765568
478021425
478021558
478022093
478021439
478676860
474767818
473458835
473458323
474767549
474767565
473458037
474196799
477533014
474195916
474196713
474196708
474196791
474767699
474196192
478675995
478676081
478021277
474196073
478676259
477533211
473458845
473458839
477533031
474196209
474767764
478022074
477533021
474195989
474767740
478676744
478674964
478680236
478026749
474768202
474771730
473460682
473460677
473460737
474771759
477533603
477539542
474194747
477534203
474194728
474196659
477539494
474197380
478020106
474766427
474766421
478673638
477535516
474766481
474768148
473458707
474194752
477534219
478022728
478674944
474196589
473458780
473459360
474765124
478675023
477535532
478680777
478027235
478022879
478022801
478675367
474768333
473461467
474765527
474767540
474771459
473464709
474196652
474201400
474194607
477534272
477539548
474766497
478674179
478019975
474766491
474196247
474767668
478679984
478026568
478674701
473460017
474196245
474196769
473465296
477534465
478023399
473460940
478676187
478022944
478680118
478680237
478676276
474767806
474765178
474771509
474767744
474201406
474196136
477534201
478673649
478673518
478673637
474767674
477533228
478020616
474765053
478022680
474767612
474201357
477536367
477540291
473464653
474194620
473461347
473463895
473485301
473463634
473485013
473463874
473463633
477539023
477570707
477570441
477538696
477570417
477538702
473449133
473449138
477546887
473449018
477546424
477546419
477546898
477546369
473449084
477538445
477538471
473463532
477570185
477538439
477538433
473449111
477546263
473485240
477546917
473449636
477538972
473449642
477539033
477546295
477570117
473448982
478025818
478047239
478046971
478026055
478025849
474200758
474200723
474242187
474242651
474199963
474200674
477999706
474219225
474218446
474218711
474219177
477998915
477999099
477999699
474200225
478046362
474242431
474242427
477999683
474200431
478025313
474218409
474242141
474242675
474200691
478025765
474219235
478025770
474242469
478047231
474218707
477999103
478710465
478678786
478678823
478710928
478679179
478678846
478679476
474770697
474812439
474813155
474770171
474770194
478663019
474776867
474777525
474777580
478663659
474776716
478678639
474770247
474812542
474776763
474812368
478662844
474812563
478710321
474776935
478011585
478011593
478010878
478686844
478011525
478010926
473437781
473437007
473436946
473437707
473436945
477523197
474207274
477522388
477522394
473437132
477522593
474206771
474206823
474788735
477522580
473437192
478010793
478011509
478687353
477522340
473437119
473437726
477522521
474206477
478010931
474207281
478011519
478011329
478678918
473437499
474770434
473484443
474789149
474770386
474200023
477538162
477569835
474242296
477522891
478663150
477998987
474218499
474218512
477546099
477998969
478663143
473437463
474770392
478011247
478687084
474200031
474770428
474207034
477538241
474207017
477546103
478011319
478679453
478011035
478025779
478046565
478678797
473485233
473463587
473463583
477569967
477538295
474207316
477999040
474777533
474776747
474776877
474777532
478663611
473437097
477522628
478010763
477538421
473463451
473484567
477570100
473437095
477538229
474218371
478046373
477569969
477546343
478011333
478710893
478678798
473463369
473484706
473463603
474200097
474207322
474206611
477522849
477538359
478663661
477999712
474777593
477522595
473449371
478678637
474218932
473463459
474200428
473449635
474812637
474812369
477570387
473464040
473485186
473487395
473487389
473487401
473461270
477540058
477570508
477570514
477570551
477573992
477570559
477540064
473449522
473453050
477546755
477551504
477546764
473447768
477536071
477550258
477550216
473483399
477536059
473483467
473449508
473449505
477551543
477551536
477547579
477540089
477546823
477551542
473485180
477575333
477547555
477540017
478025986
478025947
478047107
478023211
478023149
478023209
478049324
478050635
478023176
474248720
474195123
474195187
477999521
474219099
477996543
477999500
478003067
474219017
474197855
478001767
478020491
478044070
474244779
478044031
474200559
474201754
474195209
478023130
478020512
478027107
478680571
478711040
478675294
478675288
478675271
478714471
478715815
474770839
474819020
474765431
474817699
474765416
474770859
478668226
478668268
474778048
474783335
478668212
478668219
474766735
474766732
474766687
478666935
474771976
478680488
478675211
474817651
478666947
474770794
474765448
478015025
478687232
478687300
478687277
478691998
474789315
473434541
474795219
473441223
473434544
477522988
474213167
477521211
477521195
474207856
477521216
473435951
477523781
478685458
478685375
474790000
473435871
477527753
478008407
478685427
473437587
477523006
477523796
478692027
478009683
474207809
478013707
478021859
478045331
478045313
478676536
478013635
478021853
478690678
473439910
474793923
473439819
473439843
474211755
477568732
474243443
477526414
474243451
477997805
474779441
478664248
477997786
477544936
474243459
474211780
477997807
477526457
474243437
477997783
478679324
478025912
478687264
474771995
473485103
474817663
473437623
473463977
477526475
477540003
474243500
474247408
477573931
478663480
477551488
474219029
478666915
474209171
478709159
477536044
474196505
478001756
474795244
477534725
477547531
478011430
478050640
478023208
474795199
473465223
473485102
473461287
473461227
474813065
474207139
474243502
478668269
474779360
473447746
473447799
474224980
474766697
478008367
478043998
477571299
474209131
478673945
478021808
478025896
474243464
473447787
474221044
473465481
473487895
473485025
473488735
473465345
477574003
477534380
477551564
473448297
473447639
473448992
473448165
477552029
473452259
473460201
473459536
473483452
473459669
473451595
477538483
473463508
473483801
477575392
473460863
473464817
477538485
477540077
477551901
473485288
478025972
478049333
478023308
478046949
478047211
478027397
474249507
474195199
474248193
474194651
474195303
474201249
474242179
477999695
474219093
474219207
477996227
477996879
474197843
478020801
474245019
474197285
474224165
478002161
474224300
474225491
474245415
474245417
474221527
474198080
478022907
478049679
478711172
478714821
478714952
478679368
478680141
474819035
474818435
474771491
474812949
474817712
474784113
474778835
474778828
478662856
478662861
478674203
478673955
478709199
474814203
478673956
474814209
474766868
474770308
478709668
478662015
478662991
474784111
478715613
478710507
474818428
478714815
478666772
474783451
478015496
478686753
478010213
478014839
474789453
474788663
473434299
474788925
477528268
474213740
474207873
477523845
478008419
474209187
478008233
474209255
473441036
478691847
474209776
473437768
474206537
478685444
478686747
474791308
473436976
478045853
478013512
478021457
474768321
473458087
474815787
474815069
474767523
477533483
477533479
477569320
474195963
477526287
477998337
474779489
474767656
474779891
473458223
477526551
474768316
474779623
478687148
478692383
478674995
478014040
473441431
473482487
474819224
474819223
474795725
474201380
474196624
477539523
474248847
474242307
477521540
474221129
473446840
478685776
477550055
478709273
474813939
474244895
478008628
477571171
473451464
474789184
477550052
478011571
478688421
478688683
474772145
474789189
477539529
474242968
477570687
477521203
474211892
477999568
473446184
478662281
478664132
474197836
478673957
478044532
478709537
477524311
473488749
473487953
473460994
473488713
473489105
477575992
477575968
477534802
477573945
477574342
477538364
473453098
477546825
477552076
473448956
473452961
477535867
473459635
473483433
477546692
473488589
473448089
473448017
477575428
477546920
477575800
473459683
478050609
478051169
478049818
478046912
478047069
478051157
474200734
474200492
474249567
474195319
474200408
477999561
478003517
478002077
478043985
474197239
474245355
474200206
474201514
478044461
474245475
478022683
478049026
478022659
474221583
474200696
478026631
474248211
474248079
478711196
478716328
478674895
478716208
474772029
474812422
474818170
474771490
474812888
474765691
474783381
474778899
474778053
478668160
478662812
478663461
474766303
474766701
474814215
474814515
474766870
478668652
474782715
474817774
478668261
478667344
478709193
474778743
478011068
478015005
478688686
478688692
478692160
478015481
474789345
474792099
473434349
473434937
477523124
474207214
474208539
477523112
477523857
477523984
474209463
473435609
473437136
474209782
474206744
478685956
474795339
478009457
477523833
477528280
478685296
478013698
478691092
478021627
478690798
478021615
478045217
474794487
473458831
474794211
474244311
474243489
477526804
474219693
477997517
474779511
473446169
474779631
477526624
478021351
478711900
478013489
478011296
478715884
478049177
478011260
473440246
474771727
474794619
473487161
473440217
474200074
474208330
474200012
478664836
473452817
478668340
474782343
474813963
478673635
477528148
478011248
478043909
474244947
478676731
478710656
478050597
478688584
478680115
473482529
473488665
473461339
474207080
474242924
477552016
474778719
473452229
474244959
477571684
474766843
477526600
478008785
474242396
474221535
474237692
474237322
474234942
474237669
474234945
474237310
474320864
474316918
474316858
474320326
474316773
474320819
474316889
474317795
474233745
474233219
474233741
474233298
474233302
474233349
474233361
474317789
474233214
474318082
474320430
474233603
474237125
474316474
474234546
474233576
474237162
474318215
474318090
474237657
474233204
474235013
474234887
474320297
474317685
474320718
474237581
474235025
474234929
474807947
474805184
474807539
474805172
474807906
474807777
474805316
474807910
474974264
474968266
474968788
474973607
474974204
474971639
474971637
474802667
474802666
474970926
474971567
474971565
474971236
474973858
474802547
474802540
474968550
474804580
474807248
474804584
474807250
474971613
474973871
474807280
474804851
474807486
474802530
474804644
474971218
474968994
474804585
474968922
474802208
474807544
474130785
474126298
474126704
474126646
474126812
474126689
474873958
474878506
474878552
474878565
474873825
474879100
474875213
474125446
474124991
474124919
474874541
474124972
474125513
474875212
474875146
474125363
474126178
474125327
474126148
474130073
474878636
474873428
474879041
474130720
474873237
474874592
474874589
474873896
474130197
474875134
474125494
474124856
474873429
474878573
474126640
474127763
474127751
474803470
474803458
474127577
474128094
474128141
474803541
474231765
474232420
474875884
474232391
474231702
474969777
474969789
474314993
474315532
474314997
474969863
474876022
474315124
474315196
474803262
474127493
474876053
474127487
474127686
474315184
474127553
474231976
474969742
474315582
474875921
474128003
474130352
474807371
474803804
474126390
474804790
474126377
474126437
474126416
474803813
474876462
474232306
474234342
474237006
474232252
474232278
474973688
474320147
474315436
474968444
474973679
474970114
474125068
474802103
474233045
474802096
474317518
474971081
474973700
474234359
474236994
474878813
474807424
474232229
474315402
474128130
474803855
474807416
474804861
474126657
474127733
474876572
474879191
474237513
474234609
474320672
474968939
474968272
474320273
474973732
474968276
474124806
474802133
474233685
474124805
474125334
474318032
474802481
474231882
474130085
474969897
474974082
474314910
474127600
474126430
474804905
474803817
474130254
474127700
474237688
474237292
474876524
474973749
474320728
474968938
474316780
474968445
474969644
474802601
474317656
474125061
474874602
474875118
474315200
474803264
474234478
474968525
474875070
474969908
474974093
474320692
474807357
474804845
474802253
477561462
477561294
477563672
477561321
477563673
477647266
477647132
477642730
477646685
477647084
477647273
477644589
477559571
477559762
477559709
477560111
477644061
477644507
477559966
477646817
477646820
477560022
477647226
477646868
477563577
477559601
477559605
477560939
477646703
477644489
477644505
477646870
477644240
477559628
477560949
477563717
477643122
478704587
478701946
478704186
478701934
478704594
478701777
478953946
478953932
478947394
478953195
478947263
478947335
478953861
478954047
478951042
478951389
478697999
478697199
478697193
478697205
478950598
478950627
478697994
478951419
478951280
478953630
478697842
478703799
478697816
478701143
478953591
478701164
478697972
478703793
478946634
478701740
478704119
478954023
478697854
478697192
478946670
478953238
478951352
477362027
477358197
477358007
477362093
477357647
478859039
478851646
478852353
478852299
478852415
478855073
477354767
478854202
477354941
478854267
477354969
478854274
478855011
477355340
477357399
477355421
478854915
478858493
477357393
478851891
477355004
478858181
478852239
478854519
478852421
477355028
478854272
478700627
478700105
478700577
477358943
477359459
477359058
478700634
478700062
478856003
477556641
478855602
477557115
477557106
477557121
478855947
478949529
477639803
477640150
477640619
478949501
478950034
478949583
478949723
478855806
477640194
477556930
477556938
477358659
478699833
477556665
477640097
478700151
478856331
477359033
478949710
477640233
477640590
477556989
477556721
477640221
478704070
478704047
478701431
478704018
477357752
478704022
478858616
477557295
478852019
478852011
478858558
478953545
477646402
477640515
478946891
477640487
477640517
477642502
477646397
478950857
478697379
478854599
478697406
477643757
478856204
477359300
477646434
478697441
477642479
478851975
478697442
478950908
477640518
477359379
478697446
478703986
478946946
477559316
478704015
477359492
477362109
478704059
477357620
478855979
477557367
478852383
477557094
478858199
477561261
478953881
477647055
478946627
478949303
477640529
477646665
478854669
478854497
478697453
478855841
477358698
477563501
477556959
477357354
478953534
477355377
477644024
477361737
478700048
478701821
477361582
478704021
478700060
478704413
478856241
477556702
477561075
477563667
478858230
477646461
477642723
478953257
478697458
478697385
478697542
478950641
478854462
478858482
477640196
478697777
477357342
477560919
478854522
477563571
478704377
473474710
473474600
473476955
473474334
473474348
473643574
473638280
473643052
473638295
473638281
473641067
473641062
473472119
473471386
473640405
473640417
473471454
473476660
473474098
473640875
473643244
473474074
473643316
473640933
473471428
473638391
473638389
473474286
473640392
473640393
473477190
473641076
473477326
473640416
473643030
473472068
478039305
478039184
478038923
478039136
478036530
478039290
478282043
478282042
478287975
478287995
478281381
478282184
478286157
478285750
478285311
478285278
478285355
478031922
478035879
478288319
478288389
478285736
478039227
478035870
478035872
478039098
478032585
478039167
478035837
478285280
478038838
478288317
478036251
473353318
473353162
473357915
473353292
473358460
478098573
478091243
478092033
478097927
478093427
478093420
473351986
473351115
473351121
478092647
478092556
473351925
473351127
478092771
478098059
478093232
478093276
473352442
473352455
478093220
478091434
478098027
478093413
478098512
473358376
478097985
478098568
473351974
478092028
473351336
473353102
473357733
473355561
473355251
473355484
473355249
473470791
473470398
478095203
473470746
478095993
478283505
478282635
478282707
473636446
478283499
473636308
478283123
478283051
473355119
473636638
473470066
473355087
478283115
478096000
473355474
478033559
473355207
478283463
473355148
478282810
473636721
473636238
478033234
473470330
473470312
473355879
473636250
473352874
473352894
473355748
473355820
478095946
473470664
473476582
478095863
473476578
478283363
473637623
473637615
473642848
478281464
478092970
473640195
473351526
473471272
478031982
478283332
478091651
473637591
478033818
473355736
473351516
478035934
473642850
473355932
478038644
473352604
473352609
473355275
473355928
478039242
473470767
478092066
473474673
478091703
473474535
478091276
478288727
478282120
473642968
473637692
478285480
473640273
473471315
478093259
478098008
473351814
473351811
473470108
473476653
478281729
473474668
478285292
478038843
478034024
473353270
478036660
473353182
473353110
478095680
478091278
478091982
473643579
478281465
473638275
473636252
478285708
473640285
473640663
473643315
478033222
478283337
473355152
473358378
473474079
477457174
477453173
477452648
473548666
473548652
473542660
473548606
473548648
473544191
477451258
477451325
473544645
477451389
477451780
473542810
473542799
473548073
477452504
473548137
477456527
477456520
473542679
477451361
477451769
477452564
477456537
477453232
473543261
474035735
474031793
474031773
474035698
478193600
478187157
478192883
478192942
478186341
478193739
478186364
478189798
474028563
474028611
474029069
478189601
478186623
478186604
478189575
478189582
478193697
478189769
474034955
474029127
474031187
474030989
478186967
474035144
478186304
478189796
478186629
478187153
474031714
478186605
478193145
474683206
474683723
474683853
474688955
478763997
478757385
478757264
478763187
478763783
478756582
478756592
478758646
474681815
474681814
478758586
478758514
474682427
478756732
478763248
474688336
478763320
478758033
474681735
474681872
478756724
474688348
478758561
474682544
474683001
474681812
474030472
474684466
474684472
474030417
474684599
474029801
478759505
477449794
478759239
478759181
477449801
478188465
473541339
473542007
473541399
473541988
478759318
473541459
477449847
474684328
474684334
478759433
478188412
474030387
478187627
478187619
477449729
478188401
474684651
474684454
474684333
474035098
474031079
474031072
474684989
478763408
477452447
477452444
478193024
473541915
478186420
473542534
473541867
473541916
473543859
474681952
474028409
478758167
473543895
473547821
477450395
474031055
474688540
473541857
474030339
478186469
474683337
474683152
474031588
478759481
478763936
477456975
478759223
478763147
477453152
473543313
473543183
473547932
473543176
478193079
478757993
474681699
477451108
478188927
473544100
473542781
478186551
478189196
477449913
478186481
474683025
474683151
474035554
474030273
474030404
474031137
474029926
474035224
474030416
478759845
477449720
477450381
477452434
478756517
477453099
478763201
478193752
473547939
473543247
478186336
473544651
477451251
478188916
478188988
478758526
473542786
474688289
478763921
474035668
478186612
473542851
477454511
473473439
473472849
473473038
473472977
477453982
473472861
473473385
477454498
473546026
473545643
473545631
473545306
477558126
477558129
473545377
477558174
473639741
477641459
473639152
477641938
473639752
473639314
477453899
473472778
473639286
477641542
473545456
473545497
477641946
477453885
473473367
477558772
477558294
473545637
473639694
477641290
473639034
478034817
478034915
478034778
474032661
478034913
478034814
478190718
478191070
474231117
474231027
478190310
478191034
474230238
474313467
478284047
478283986
474314273
478284442
478284390
474230525
478034511
478190507
478190502
478190583
474313793
478191059
478191057
474032634
478284790
478190705
478034554
478034878
474686122
474686514
478698611
478698604
478698873
474685846
478760914
474801339
474966947
478948006
474967011
474967000
474966813
478948348
474967283
474685674
478698519
478948311
478948389
478760884
474685715
474967623
478699227
478760490
474967264
478948390
478948122
474686463
478699239
474800956
474967209
474967602
477356219
477356206
473353901
473354560
473354044
478094693
474123665
478093883
478094163
478853757
478853080
474872553
478852887
478852894
478853171
478853158
473353757
474123454
477356020
473353840
478853213
477356127
477356789
474872109
474871829
478852961
478093894
474685986
474032382
478034632
478034693
477356417
478094357
474123750
474123747
474800823
477453702
474800742
478190452
474872238
474230403
473545174
473638907
473638899
477641135
478948186
473638900
478760752
478760754
478094285
474967103
473638913
474800759
478853357
478094356
478853285
477557986
478034687
473354584
478094705
474123351
474123357
478760507
473472630
477453749
474872223
474230439
474230651
474872584
478948077
474313413
477641387
473639009
473639013
477453815
478034488
473472690
478853345
477558225
474313674
477356295
477356481
474033064
478034686
478034944
478761305
477453681
473473354
474800477
474230385
478852962
478284832
474314188
473639031
473545443
477453819
474032272
478094010
473354550
474685905
477557985
474800489
477456776
473473282
473474165
473474178
477456738
477452780
477563384
477560764
477560770
473548204
473545834
473639597
477641840
477646612
473643184
473640491
473544257
473640486
477643900
477643926
473471590
473471586
473639574
477643955
477646568
477641812
473637863
473637857
473473230
473545840
473545877
477641862
473471528
477642594
473545829
478035224
474031338
478036126
478038786
478190962
478193363
478186674
478193276
474236922
474314120
474320079
478281671
478281608
478189349
474232875
474028703
474232918
478288223
474314091
478032167
474236859
474031314
478036061
478189400
478190926
474230981
478035195
478186757
474031395
474031335
478703938
474683406
478703884
478699138
474683432
474688708
478699110
478763554
478757003
478756974
474801198
478948640
474967462
474973400
474968200
478946795
474967474
478948587
478758275
474970791
478697332
478948616
474967499
474686298
478697307
474804450
474682132
478950754
474970760
478697264
474801136
474968158
473354507
473358070
473358068
477361475
477361496
473357998
473352716
478098161
478094540
478858295
474878440
474874487
474874397
478092819
474124660
478094549
473354423
474123988
474125969
477356657
474124724
474129916
473352711
478033444
477358793
478699902
478759638
474127319
474803153
478095483
478188004
474875723
473541591
474231556
474875735
478187998
473636530
473636507
474314728
477639959
477639941
474314754
473355340
473541677
474969462
474969450
474684723
474686327
473352736
478761161
478094573
473470244
478094571
478188056
474875783
474236855
478855707
474967487
474320012
477643887
474232895
478189328
478288194
473358015
474129952
477563369
473355380
477358808
478033436
478036120
478763542
477456747
473476863
478094538
478188008
474875782
477563374
474234214
478851750
474234256
473639559
478946758
477639956
477354822
474232900
474682085
478189312
473351442
474970817
473548215
477451491
478038700
477454413
473473413
473477201
473474297
477453053
477453188
473545617
477558815
477558688
477561268
477561404
477563910
473643525
477642717
473638244
473638240
477646601
477641309
473544138
473544665
477644565
473471399
473544005
473643258
477641579
477559952
473544532
473643654
477451737
473472056
473542821
473474296
473471660
474031391
478036617
474031385
474031616
478038863
478038774
478191093
474237627
474237632
478192914
478190298
478284689
474314252
474313463
474320267
474316697
478189751
478032263
474233273
478189743
478031862
478190562
478284413
474034911
474233540
474316431
478191089
474237105
478036611
478034931
478704392
478699290
474688744
478761335
474801212
474807741
478756986
478757214
474801210
478948655
474966992
478953867
478758311
474682511
474682509
478697927
474967256
474973794
474967251
474804568
478756683
478760673
478763289
474689103
474807868
478701093
478760536
473354085
477356192
477361484
477357525
473357879
478094207
478091261
478093935
478098519
478858828
478852365
474124715
474125429
478093247
478097996
474878621
478091392
474126092
473358051
477355353
474129988
478091397
474123640
478033973
478033583
478700164
474030065
478095618
477450191
474127679
473469947
473470731
478759623
478188426
474876507
474875853
477556650
477640599
478949439
474029639
474231819
477450184
474315117
474875849
473354214
477359315
474688576
478759859
473470601
474804707
473470602
474804704
477557308
474873474
478186448
478284149
473636924
474315375
478281471
473642860
474971019
477451071
478031993
478031994
478285436
473640224
478035951
473355765
474033088
474035704
474029900
478704125
478760805
474800537
473542028
474232352
478851762
473542683
474878490
478288077
478288732
473639607
473642865
478951361
473544135
474317752
473640879
474123510
478035820
477457182
477453190
473474573
477457134
473546014
473643581
477647260
477643312
473639024
477647212
473544186
477643966
477559425
473471398
477644038
473640341
477644572
477641552
477646810
473542806
477641540
477452550
473474069
477641948
477559473
473542941
477643264
474032708
478038729
478039157
474031206
478193361
474234994
474237291
478187010
478193538
478284681
478288258
474316125
474320319
478285581
474318219
474317397
478032658
478189002
474028614
474032324
478034504
474233559
474234466
478286009
474233607
478186701
474031317
474235011
474313700
474807939
474800480
478757350
474804525
478757178
474807903
478948774
474974194
474966872
478946668
478953280
474682542
474970834
474681718
474802671
478697253
478697908
478950640
474681810
474682378
474807291
478756734
478760612
474686036
478699101
474807879
478701736
474973563
473354096
477358000
478094625
474126303
478093942
478091897
478853625
474872614
474872552
478851556
474873742
477354694
477355024
478098053
474130054
474126171
477356024
473353772
478098117
478091249
473353097
473355429
477359446
474029742
478700236
473355485
478095677
477450190
478855737
473542074
474232023
474875733
474876123
473636266
474969465
478759374
473636669
477449890
474231855
473636273
477639969
474128079
473470721
477359356
478704004
474031090
477357748
477361696
477453680
474800806
478756782
478756842
473473937
474232275
473542530
474967088
474970179
473642866
477640540
478949896
478758114
474874815
474317494
474233031
478188282
478760756
473638916
473355533
478700080
474031194
473357885
478760816
474878823
474231044
478187082
474873903
474871928
474875907
478949968
474969501
474966824
474315567
477646533
474968799
478854369
473471309
474802215
477355372
478032509
474246942
474246690
474236347
474319521
474340619
474319030
474318989
474319019
474319229
474319495
474340642
474222618
474328389
474222737
474328385
474328750
474319162
474328499
474328474
474340283
474340223
474246426
474235819
474319151
474319243
474223158
474328521
474328757
474328363
474328518
474319161
474340146
474246557
474328366
474246641
474222655
474235821
474246521
474806337
474817187
474816755
474816894
474806226
474816765
474806193
474972694
475004637
475003906
475004565
474972227
474972256
474972223
475004601
474972287
474781110
474992097
474992314
474780892
474992349
474780887
474781086
474992710
474972510
474781247
474992455
474816460
474992443
474805924
474805930
474972520
474781283
474781518
474805960
474806301
475004589
474817120
474816859
474816523
474781555
474806596
475003902
475004326
474816928
474992287
474129215
474129211
474129201
474150070
474150275
474150317
474877879
474908867
474909580
474877246
474114370
474114953
474885179
474885165
474114221
474114297
474877330
474114631
474128818
474128740
474885569
474877384
474877373
474885141
474909275
474150257
474128877
474114682
474885163
474149877
474114295
474877198
474150556
474877241
474793438
474793386
474793434
474138177
474792899
474793421
474792982
474138174
474210874
474897705
474897046
474897322
474210642
474897304
474897249
474304445
474980812
474980213
474304595
474210737
474792774
474980417
474980477
474304576
474304989
474304463
474792964
474897258
474304324
474792965
474792729
474138118
474138172
474897665
474211241
474793139
474129042
474129031
474138402
474793109
474816667
474793169
474806062
474211018
474897407
474210983
474235687
474246295
474877516
474897378
474972431
474318862
474339958
475004044
474980551
474972352
474304732
474318893
474885390
474992230
474328085
474328074
474793099
474909138
474816595
474793097
474885439
474222502
474318894
474235697
474806068
474138679
474150551
474816738
474816741
474793397
474211283
474897679
474897436
474246489
474235931
474909547
474305001
474980836
475003917
474972235
474114549
474885126
474328725
474992033
474328325
474992694
474114647
474885522
474340206
474909016
474781228
474877341
474980838
474885127
474816652
474138280
474793039
474138703
474150594
474128886
474138259
474806585
474210907
474897643
474909190
474246904
474235930
474972429
474304474
475003918
474318964
474319492
474885822
474114882
474114630
474222880
474897127
474137983
474340276
474138007
474980565
475004321
477562499
477562519
477572946
477562354
477562487
477562390
477645693
477666539
477645425
477645394
477645897
477645418
477645393
477549587
477549550
477655185
477549006
477549539
477549537
477549149
477666682
477654883
477666631
477645509
477549163
477562257
477572819
477572813
477562339
477549317
477645910
477562474
477667014
477549535
478713791
478702866
478702867
478713573
478952458
478952483
478994206
478951959
478994961
478994995
478952410
478666314
478982235
478982723
478665442
478666235
478666233
478952358
478702451
478713007
478702431
478702435
478982806
478665970
478952709
478983083
478702927
478982835
478994946
478713483
478994679
478702926
478666282
478666017
478982311
478994982
478713567
478713009
478702863
478982275
477360823
477381431
477381369
477381694
477381653
477381657
478857419
478899945
478899155
478899951
478899658
478856835
478857627
478856914
478875407
478875321
477333562
477333587
478875653
478875339
478875401
477360007
478899365
477334091
478857175
478899417
478875629
477360219
477333609
478875403
477360795
478899941
477381363
478899634
478899677
477333631
478689678
477369670
478689489
477525839
477525786
478887267
478887285
478887666
478887239
477525387
477619559
477619017
477618677
477618947
477618754
477619103
478887459
478970777
478689222
478689987
477369273
478970658
477618713
477369270
477619014
478689201
478887226
477369483
477618942
477360407
478702711
478713310
477369767
478702697
477525538
477572518
477572530
478887726
477619235
477619289
478994470
477666245
477666199
478875711
478982530
477654347
478982537
478952178
477548771
477369725
478713219
477334006
478875799
477360387
478982587
478713226
477381647
478702821
477525407
477525402
477562449
477562711
478899114
478899117
478899903
478856879
477666461
478970671
478994669
478994667
478994455
478665863
477334025
478875789
477549117
478665459
477525275
478857139
478689246
477666599
478702422
477525797
477549115
478983055
477666990
477333595
478702815
477381954
478713778
477360270
477381525
478703225
478888063
478899513
478899870
477562359
478971151
477666543
478994729
478952669
478875801
478982662
477549135
477619099
477334110
477645555
477654891
477562186
478994513
478952441
477645639
477654759
473486637
473475798
473642385
473674067
473673811
473641732
473450949
473662198
473662192
473450260
473450925
473661490
473450944
473641998
473641963
473485924
473450563
473450565
473661923
473661919
473661498
473641990
473450566
473661523
473486620
473486170
473486332
473450661
478037983
478048113
478048295
478048247
478048521
478048122
478048282
478037730
478287201
478287213
478328907
478329451
478329370
478328891
478329442
478000642
478317753
478317754
478000198
478000551
478316958
478317574
478317483
478047759
478329234
478329283
478317519
478000767
478287071
478037643
478048211
478317006
478000725
478316959
478317489
478048539
478317439
478329285
473357278
473357275
473388923
473388256
473356996
478139287
478139603
478097307
478097314
478139551
478103998
478103207
478103913
478103920
473340633
473340645
478103908
473341135
478096660
473356402
478103727
478096725
478103959
473357195
478139559
478096528
473356971
473356449
478139632
478103923
478012523
473376610
478012451
473376664
473439106
478126965
473438313
473439063
473625892
473626485
478293203
478293334
473626467
473626162
478012047
478127094
473626509
478294026
478127687
473625712
478127682
473438439
473438716
478012041
478127086
478293342
473356835
473376779
478037296
478047827
478047826
473388511
478037298
473475286
473485763
478139191
473485810
473626219
473626288
478328979
478329055
473340994
478103550
473661400
478103526
478286771
478293762
473641559
473376723
473450164
473475210
478286742
478103599
473661319
478037295
478139188
473388507
473357231
478012218
478012876
473388247
473485833
478138797
478127478
473439075
473626519
478287400
473642051
478329383
478293375
478287135
473341031
478103154
473340599
473341122
473450647
473673594
478047695
478138923
478127061
478037919
478329249
473450251
478037692
478048108
473388654
478012207
473485797
473438239
478096602
473438769
478097310
478294063
478328854
478293343
478329436
473450518
478316956
473450259
478103322
473661783
473661850
473673675
478047712
478000684
473641923
478317796
478139298
473673759
477455613
477476731
477476963
477476722
473547059
473578756
473547052
477440825
473554546
473554607
473554673
473554733
473554749
477441352
473578445
473578469
477441023
473578447
477441079
473555003
477455200
477476392
477455279
477440657
473546769
473578978
473578373
473554714
473546757
477440755
473547017
474055498
474054993
478192399
478192137
478191562
478234403
478234399
474008025
474007505
478210827
474007179
474007227
474007245
478210570
478234067
478234109
474007683
478210613
474007731
478210083
474054755
478233827
474055211
474033821
474007737
478192433
478192114
474054705
474055275
474687535
474719255
474687103
474687177
478761887
478804635
478761885
474671992
478768479
478768528
474671915
474671194
474671663
474687039
474718726
474718655
474671647
474671650
478761939
474671721
478804845
474671171
478804581
478762342
474671923
474718774
478804108
474671119
474719235
478761933
474019907
474019329
474695686
474695170
474695152
474019241
477429479
478780306
478199031
478198372
473530773
473531434
477428759
474019119
477428734
473530972
478198973
474019833
478780559
478780553
477428613
473530791
473531441
474019371
478780540
478198361
474019594
474695419
474695429
474718948
478762109
478804331
477476206
478804355
477455019
478804327
477476170
478233947
473578174
478191695
473531164
478191771
474007378
477440475
478210259
474007287
478768744
478191719
477440527
474687219
478233953
477476128
474007342
478198685
477454996
473578186
478780828
474034101
474019219
474719455
478762353
477455531
477476381
478761819
478804063
478192367
478192365
478192363
473547007
478233807
473578231
477441267
477440549
478210245
478210049
474007696
474019085
478198467
473554923
474686980
474671275
478762348
473554531
477455524
473578425
474055215
474687557
474718929
474055024
474695695
477429475
477476991
478804121
478761797
478192156
478198689
478198951
473578371
478769189
473555199
477455175
474718685
473546505
478780291
478804841
477476391
474695143
474033820
473462830
473462433
477464585
477464538
477465102
473566684
473567106
473566451
477537712
477537664
473649585
477630767
473650301
473649581
477630978
473462170
473566553
477464411
473462153
477631036
473462802
477464512
477630906
473649921
473649582
473567153
477464650
473462284
477464704
474043149
474043223
474043222
474043625
474199422
474198647
474198558
474198645
474293145
478305947
478305371
474292299
478305893
478305898
478305077
474292611
474292758
474198845
478023923
478305509
474292678
474292581
478023995
478023990
474198587
478024709
474292575
474198898
478305162
474292318
474042837
474198629
478677798
478678151
478677532
478677748
474769629
478792230
474769263
474956380
478959357
478958559
474956320
474957033
474769018
474768970
478958871
478958955
478958883
474706842
474769607
478792365
478792168
474707152
478958649
474706959
474768880
478677531
474956250
477345659
477345599
477346241
477346300
477345597
478115795
478115339
474102465
478864227
474861208
478863647
478863454
477345442
478115139
474102329
474861483
474102405
478115799
477345568
474861477
477345706
473364726
478024072
478677598
474707034
478792421
477464279
478792506
474769066
474769095
474198731
478863844
474292498
478958831
478958825
473649459
473649449
474861618
478677579
477345833
474707022
474956542
474198773
478024083
478792420
473364791
474707093
473364623
474043205
473462391
473462790
478792181
478115825
474769131
474861666
474861369
478863604
474292557
478958817
473649575
473649568
478305279
478305281
478023935
478115163
477464369
478305090
477630690
478677609
477345726
474768881
473462343
478115814
474769065
474198766
474861402
478222137
473566678
474861198
478222744
474956398
477631371
478305364
474956249
478305892
474956645
478222216
477464403
478958781
478024312
474043060
473462271
477476549
473475503
477455419
473486059
477537415
473566888
473578588
473546891
473578600
473546890
473650055
473673544
473673547
477631108
477440898
477440891
477440886
477548878
477631121
477645246
477666364
473486034
473673499
473546957
473650050
473462572
477562133
477666342
473546885
478024531
474034043
474034006
474043409
474055158
478047982
474043374
474199135
478192007
474235570
478234282
478234275
474235518
478305691
478329099
478000445
474222351
474327946
474327954
474222339
478222471
478329138
474339833
474199114
478191989
474033958
478048023
478047987
478191953
474687402
474719123
474719118
474719116
474687367
474805847
478804474
478804467
478762191
474972123
475003767
474956767
478959052
478665582
474780759
474780714
474991911
474780688
478665619
478762206
474805771
474719032
474671599
478959054
474780715
474805756
474707295
474719043
478994298
474671515
477346055
473388430
477381299
477381259
477360137
473356708
478096835
478115571
474149741
478139074
474128645
478857016
478864018
478899226
477333713
474114083
478103381
478103403
478875448
478856992
477381209
474861747
478115542
477381291
474695315
478012313
474019456
473438591
474792642
474137921
478780697
474137871
474137862
477525174
474210443
478887418
477618892
478293485
474980002
478970571
473625939
478012307
478780684
477618850
478293546
474019438
478012323
474019443
477346007
478012351
478677869
474695322
473388377
478702554
474769351
477429041
473462531
474137886
477525143
473546879
474877075
474896887
473566806
478959027
477645211
475003780
477631084
474114119
474780701
478875486
478000431
474102760
477525137
478286874
477537365
478780720
473376507
478012354
474043372
474055108
473388390
473462571
474149742
477525127
474199120
478222528
474235534
474896851
474956813
478959089
478970491
477666351
474991889
478210456
477654483
473356662
477360090
473376463
474805769
473475471
478329136
473462839
473462445
473475753
473486315
477455465
473547307
477562727
473566878
473642069
477645885
473649619
477667001
473642068
473661477
477548999
477548994
473450671
473641943
473566595
477464417
477476284
477537677
477645282
477455464
477562197
473578325
474034027
478048493
474043247
474055507
478024233
474043110
474236307
478234271
474246147
478305681
478305915
474339875
478328865
478305395
474007458
478210869
474222587
474222713
478287018
474328447
474319073
474007725
474222849
474340062
474687522
474719471
478702809
478702938
478792607
474816391
478761837
474956423
478994128
478951895
478994655
478994323
474956415
478768431
474991955
474992279
474780808
474991950
474956682
474992411
474992407
478712967
474718672
475004155
478665981
478666243
478792204
475004157
478804072
478768567
473357215
477360503
473388899
473356552
477381617
473364917
473356732
478096859
474129391
478139311
474862041
474877115
474877107
474909513
478103453
478103273
477334359
473356421
474149848
474114151
477345747
478115308
474114211
478012461
474695181
478781103
474138099
478780313
477525162
478198986
474211233
478887407
474896967
473530677
478294017
478971160
474980795
474980789
474694911
477369207
473376222
474793348
474896909
477428632
478024103
474718943
474054846
478713232
477429162
474128995
478127429
478139175
474793085
477525499
478857251
478958789
474980524
477619215
478665719
477333965
477654329
473554433
474102640
477630606
474222451
477645090
473356734
477345750
474042981
478713761
474707201
473356554
477455823
473486091
478096542
477537279
478887741
478958525
478329652
478103541
478210504
473554863
478317117
477666603
477465115
473475809
473486182
473462419
477455550
473566893
473566483
477562516
477573286
473578362
473546658
477631113
473649622
473673401
473649787
477440961
477549196
477654604
473554686
473546826
473649871
477645508
477562216
473642081
473661917
477654916
473475477
474034005
474043615
474043267
474199125
474246939
474198610
478234326
478329129
474340659
478329413
474340407
474007990
474007974
474328395
474007950
478305511
478329262
474054726
478287065
478317797
474328515
478677922
474687393
474706903
478703236
478762674
474769627
474806355
474816405
478804878
478958530
474972915
478994980
475003899
478951924
478952013
474781479
474805971
474816459
478994512
474956707
474687750
474816723
478665484
473356954
477360820
477345622
477346243
473356601
478115875
474128685
478138757
478139025
474102199
474861777
478856985
474908721
474909291
474877575
478876192
474885094
474884985
478096649
478103717
477346231
474114387
477381868
474908871
477370060
473376413
473376501
477428946
474792597
474792855
477428862
477525784
474210441
474210603
474210639
478293489
478970493
478970704
478970692
477428814
474019122
478127021
478012109
474694950
478689268
478293365
477369742
478702684
477360376
473461999
477476158
478887724
477572494
478293725
478329017
478994428
478665736
478103597
474780946
478210170
478768674
474198715
477536863
474877455
477455010
477654364
474034362
474043003
477381376
478048217
477455070
473475989
477476517
474816867
477525556
477573268
473530686
478305355
474972231
473341385
474780705
478210842
474992691
473438417
474706783
474236239
474249178
474234767
474249164
474249199
474319387
474340484
474316655
474342730
474316595
474340505
474342766
474344047
474225390
474328664
474332225
474221482
474329567
474223002
474225382
474317939
474224083
474330910
474341411
474341430
474317969
474245179
474233430
474223028
474224094
474225402
474224095
474332189
474247817
474319373
474224120
474233432
474246766
474234785
474817019
474805002
474817026
474805030
474805004
474974015
474972823
475004506
474968699
475004468
475004464
475009222
474781403
474783776
474992552
474994738
474778516
474778494
474778492
474994688
474971371
474782478
475006612
474814090
474814122
474971303
474814111
474782459
474802388
475006588
474819366
474994699
475007886
475007888
474971372
474782458
474997351
474814088
474968658
474819400
474130498
474150401
474126571
474129284
474154003
474878974
474914147
474873619
474912875
474914215
474118331
474890459
474113033
474113081
474113108
474874975
474874973
474910253
474125189
474125188
474125194
474910195
474874988
474117047
474885667
474890420
474909400
474114763
474890431
474909389
474873617
474791699
474795620
474793301
474138522
474211186
474897560
474899620
474208228
474211112
474897558
474902290
474308446
474981512
474985469
474209603
474305825
474305778
474790355
474898372
474898318
474136816
474305758
474305804
474308418
474902279
474902272
474899634
474980693
474304902
474790400
474793252
474897557
474138580
474303114
474803699
474151325
474151354
474876298
474243851
474900967
474911542
474901014
474212236
475005232
474315293
474779794
474779789
474887771
474993340
474220098
474779764
474993414
474779801
474315287
474984124
474900955
474984125
474220087
474815410
474793271
474819378
474151363
474877736
474876306
474236195
474246748
474247806
474909415
474970027
475005272
474316579
474981500
475007876
474118340
474328595
474328592
474221404
474994673
474220133
474874962
474910207
474305788
474130480
474897545
474778459
474129306
474803710
474815480
474126570
474818081
474900944
474246754
474234742
474234784
474912870
474970052
475004446
474344080
474981463
474969980
474972749
474320548
474779818
474993344
474225376
474874950
474996017
475006613
474341428
474781385
474220124
474223024
474316600
477561166
477561191
477561186
477561176
477563850
477645803
477646990
477670505
477670486
477670469
477670472
477549464
477551818
477658631
477655943
477655014
477549404
477551813
477644335
477550522
477657275
477644315
477550459
477644347
477666899
477667841
477561151
477574223
477549463
477657308
477563849
477666942
477547846
477655987
477667832
478716034
478713659
478701642
478713679
478716031
478953811
478953788
479000722
478994783
478947175
478999486
478999451
478994823
478999400
478982987
478982955
478986198
478661934
478661931
478709430
478709391
478667216
478982951
478994816
478661923
478947162
478994815
478951124
478987582
478709480
478715998
478994826
477361867
477384065
477360646
477361853
477381763
478857562
478858751
478905675
478904415
478858691
478899790
478852088
478899739
477337841
478875982
478877987
478881939
478877960
477336491
478880643
478901767
478880619
477378754
477355205
477334271
478857521
478880660
477381743
477385299
478901779
478857557
477361810
478899821
477385359
477378752
478689894
478689898
477369886
478688358
477370844
478689917
477373446
478893795
478893863
478891215
477527999
478891196
478971106
478971015
478973021
478976984
477620297
478889859
477622937
477373419
478688276
477369858
478692233
477525653
478685672
478893826
478973058
478688331
478700333
477382685
477382715
478690938
477382714
478856135
478903078
477526755
478949819
477663905
477663826
477663869
477640354
478879359
477545158
477335163
477359166
477372103
477663863
477663857
478856067
478690913
478879330
477359211
478975722
478879315
478712067
478700319
477359228
478690979
477373471
477382723
478856106
478893843
478905716
478891211
478904395
478856103
478893846
477621644
478971067
477670427
478999427
478994803
478879338
478982924
477655902
477644283
478889883
478974365
478858721
477355244
478709420
477547795
478701689
477360642
478892564
477568978
477573171
477521479
477525619
477622987
478975688
477670426
478668502
478668533
478876038
477651968
478877982
478854774
477355290
478889863
477559827
478998113
477524095
478892504
477667839
473475947
473477098
473486456
473486502
473486471
473488843
473477086
473643430
473677372
473642192
473638144
473643382
473666816
473662060
473664174
473450790
473447888
473640774
473471819
473471812
473483599
473640742
473450828
473665475
473665468
473666779
473483574
473638127
473487488
473662030
473477092
473673942
473638146
478039027
478049442
478037814
478037818
478329500
478335487
478329583
478287303
478003282
478003259
477996599
478320958
478320920
478001915
478285843
478322239
478285803
478001878
478038968
478048338
478036331
478320966
478001931
478001938
478032452
478329498
478036330
478049427
478320955
478037811
473357144
473358295
473393536
473357074
473393503
478145422
478091827
478097175
473345980
473341276
478103835
473339432
478104503
473345968
473341222
478093171
473351734
478108403
473344647
473357063
478139427
478104488
473344664
473357139
478091824
478108412
478015163
473381699
473381674
473376896
478015084
473381694
478015156
473438986
473438958
473434755
478127579
473438903
478127571
473631172
478293923
478299795
473631094
473436030
473436011
478297163
473628448
473628450
473436003
473438908
478015079
473381607
478293892
473436080
478008512
478127554
473355694
478013843
473390886
473355619
473380331
473380324
478013770
473440039
478142806
473470482
478095727
478132198
478330247
473672007
473672091
473636783
473629768
473672055
477997948
478107162
473446566
473343363
473355611
478013751
478318331
473482211
478045435
473343367
473660215
478033690
473672010
473482192
473446567
473357099
478037795
478049411
478036338
473353004
473440014
473487475
478095783
473626388
473629831
478294564
478323567
473447871
473447876
478008522
478108431
473665411
478140112
478285815
473470504
478318339
477996607
478009839
473380376
473381623
478049410
473390900
478133563
478145418
478130890
473474439
478288528
478298528
473642223
478003228
473341230
478107142
478109758
478323556
473344698
473451915
478128283
478332832
473640735
473629808
473358246
478127551
473390852
478335472
477456934
477480370
477476807
477479083
477456874
477479072
473578835
473548336
473555861
473559836
473555086
473558543
473579626
477475111
477451649
473544382
477443464
477451631
477456863
477456860
477455671
473582275
477444748
473578877
477439507
477479044
477479080
474034280
474055403
474058990
474055387
478192271
478234546
478186891
478239123
474011468
478210762
474004865
478212767
474004847
478212737
478189475
478215367
474052299
478236485
474052387
478189467
474011435
478193432
474028871
474035411
474055337
474028892
478210783
474035487
474683576
478762547
478804779
478809407
478804759
474671840
478775003
478769055
478769799
478769800
478769775
474669994
478769056
478773682
478805446
478805407
478805359
474671824
478775051
478757060
478804711
474687616
478762516
478763692
478769779
474683583
474700304
474018005
474018047
474023272
474696394
474023344
477429341
478786880
477426311
478780959
478780966
477429262
478198906
478199494
473536052
473536131
473532087
473532099
474023261
478780955
478780952
473529473
477429340
478200862
478199506
477426220
478780960
474700311
474022030
474030172
474698981
477431525
478759714
477431527
478785559
477431507
473541775
473576975
473541743
473534728
478771035
473553227
473553239
473553209
478188151
478203467
477450255
478771084
478759708
473553295
477438115
478759684
474057593
474720151
477431564
478759745
478804721
477473799
477473803
473529496
474672635
477441135
478775021
478212695
473532143
474016707
474028819
473579608
474052311
478759744
473577029
477475064
474055347
478757068
474021968
474030176
474053686
474058984
474722813
474687629
477432907
477473806
477426274
477479026
478810685
473536102
478188140
473576972
478186888
478239136
478204771
477438188
478211372
474004804
473555871
474004840
478200823
478781650
477451611
474717461
474021944
473558547
473559855
473462699
477464957
477468498
477464938
477537560
473567003
473571778
477537556
477631282
473654908
477629518
477629528
477632226
473652250
477463265
473567766
477463206
477632224
477634823
477631253
473654891
473566964
477464908
477535972
473652248
473571773
473461090
473569109
474047081
478023017
474199304
474199256
474195083
474195078
474194998
474201594
474199299
474296528
474289983
474296506
478309043
478309071
474293859
474293862
474293927
474292973
478225907
478228542
478222637
474047079
478026975
474712232
478675162
478675084
474707454
478675138
478678012
474769522
474771872
478796206
478798799
474769462
474961667
478965082
478959219
474961655
478959800
474959098
478793560
478962436
474959070
474707420
474955083
478798770
474961662
478796134
478962452
474961650
473369819
473369792
473365001
477344446
473364989
478121655
474099827
478864160
478870048
474866619
474101165
474101164
478116334
477343079
473363151
474101204
474861880
478116383
473365767
474862714
474866638
477349743
473364987
478866092
478021758
473367172
474041771
474708233
474041778
478021709
478794802
478118979
474767955
478118986
474196326
473565179
474864003
474957712
478961199
473648247
477628193
478306427
474957688
478118968
473458443
474041741
478021673
474291234
478223237
473565125
478794832
478676453
474047036
473458499
478119020
477464895
478796139
474196374
478870071
473566936
478225887
477533332
474296512
474291280
473654849
474293874
478866111
478866113
478020371
474197643
474292950
477632144
473365803
477349686
478676420
473365038
478027012
474767938
474765317
474106422
477539931
473565092
474860022
473569054
474296560
478961120
473650899
474296500
474197656
477343086
478309072
474101142
474291260
478959173
474765245
477454246
477454231
477467178
477477727
477558499
473581014
473545702
477641731
477665165
477665159
477442151
477442102
477546491
477546556
477653345
477538577
473557223
477454218
473570399
477653310
477546521
477641686
473473132
477653299
477454228
474045787
478046790
478046837
474032789
478035041
478227195
474242555
474242547
474200274
474295234
474337471
478284483
477999269
474218794
474218783
474218775
474008789
474313959
474337455
477999271
478319683
474337470
477999235
474710938
478710762
478699014
474710890
478679068
474812790
478963810
478948443
478948450
474960411
474990688
474777148
478797447
478710719
478948479
474686164
474710850
474967410
474686247
474812770
478983595
478963770
473368492
477380038
477356555
477348353
473389543
474105131
474123934
478141426
478120301
478141399
474865342
474872339
478900407
478868800
477332531
478105757
478876655
477332511
477332548
474883823
477380027
478141407
474883817
477380023
473368409
477332515
477348387
474147358
478900409
474020646
474697667
477368170
477368152
473437355
478784274
474135485
477430187
473533499
477522714
478888518
478971677
478295836
473627151
477617656
474206897
478202147
474135473
478888540
474697649
473533445
474206902
474301794
474020675
474032776
473377696
478046765
473389567
473437363
478120314
478784286
474135507
474200287
477538554
473627179
474978855
478331489
478971725
473342044
473557168
474990712
478319615
474770536
474135508
475002594
474686201
473377663
474721438
478094430
478120318
474788995
477454227
474200356
478853418
474206926
477538587
477617674
478995521
478331500
478963769
473557179
478214032
474865314
473377651
473674683
477454266
477467203
477452923
473487500
477538614
473571736
477575524
473569098
473642203
473653591
473678632
477669119
477641705
477546536
473447903
477547808
473666754
477550446
473567779
477657232
477644297
473558528
477551767
473666755
477480376
473543081
478027007
474043506
474057620
474201644
474246743
478237818
478225923
474199263
478240435
478287284
474313987
478331543
478335463
478003220
478216671
478319657
478003215
478189482
478285829
474010103
478020403
474052335
478215353
478285832
474218815
478228565
478329522
474031479
474687654
478704259
474721470
474722771
474683560
478680400
478763682
474812816
478796167
478959183
475002635
478999407
478952547
474783714
474783716
474990748
474997292
478769754
474781336
478673799
478793524
478667168
474961698
478962488
478999410
477349715
473388761
473352991
477385315
474102905
478120335
478117683
474872343
478900463
478904375
478870084
473345999
478103804
474114737
478877972
477343115
477355216
474125167
474111763
473365023
474153940
474113023
478015103
477373432
474696365
477368202
477430244
477432858
478784295
478780973
477528008
478888583
478893808
478891175
473536083
473627189
474303101
474304816
474209519
474790312
477366831
473375034
477430240
478971030
478781636
478013778
474030160
477382679
474720125
477473783
473439975
474196367
478223291
478892491
477557178
478949779
477438139
474315246
474699003
478996770
474684884
473358270
478687015
477368203
474708260
474710909
478675121
473438923
478784299
477455691
473487495
473570427
478199515
473543079
474967385
478305784
478335460
474220076
478982909
478987529
477657231
473465095
477476838
477465907
477538592
477573220
473583654
473569135
473545700
473643394
477647008
477666880
477642982
473638145
473654875
477442088
477549436
477654994
473664149
477451578
477657304
473579650
473676017
477537523
473652271
477645772
477475122
474034278
478035056
478049429
474044419
474199303
474200324
478228570
474242516
474247875
474249159
474319395
474320571
478311739
478334117
478287257
474320547
478214062
478317677
478320946
474218780
474052342
474341415
474028830
478287293
474688890
474707479
474709543
478713664
474801008
478796203
478808048
479000776
478947124
474956899
474783747
474992595
474671778
478962439
474782439
478805358
478758366
474782403
474676578
478810650
473369782
477344395
478141484
474154023
474153999
474152667
474865304
474914139
478904374
477332516
474890374
478104449
478876664
474862735
477336484
478108445
474125187
477334264
474105116
478901776
473377714
474018022
477368180
478015085
474793275
473434709
474139503
478204818
474895736
474208251
478293886
473626337
477524068
478200798
478297241
474790395
478008533
474902271
473355689
474021982
474708262
474021954
473482277
473439953
474196351
473577010
477568912
473629798
474326866
474326871
474006150
473355605
478223263
477346135
474699030
478713640
478023007
478763670
478130885
477533335
473541786
477574192
474957751
474960356
474978860
478975696
475004439
474883808
474222987
474778455
474693738
474898335
478140113
474246812
474248227
474248099
474237282
474235040
474249285
474319531
474342773
474340388
474316747
474332697
474221465
474332297
474225261
474225785
474317803
474224202
474233483
474233189
474245058
474330983
474317670
474222907
474233591
474237149
474340254
474342858
474329792
474222909
474233480
474328651
474340530
474344181
474316746
474807923
474819431
474806216
474818335
474807678
474972813
475009712
474968719
475007927
474973583
475004491
475008393
474781535
474783789
474992068
474778506
474778504
474992730
474995193
474997962
474971205
474996376
475007207
475007205
475006806
475006943
474996247
474814376
474995059
474996510
474781269
474807676
474816513
474968826
474129335
474130521
474150573
474154016
474152699
474126668
474130235
474152912
474914668
474909311
474913352
474873784
474877624
474114935
474885693
474113573
474114268
474113576
474118372
474117275
474148951
474874577
474117052
474910315
474118589
474114665
474873391
474890443
474909045
474909569
474154492
474126141
474142484
474138569
474138690
474897692
474902924
474213244
474213249
474210892
474980855
474980853
474986080
474303173
474982125
474303527
474308800
474898432
474209286
474790216
474209289
474305896
474209814
474897164
474137201
474981731
474304617
474211289
474790748
474898436
474208493
474791932
474127883
474803961
474803957
474815831
474140899
474803958
474211927
474212584
474338817
474315033
474116217
474887802
474327413
474219977
474307218
474984364
474901075
474243738
475005491
474212585
474232397
474803956
474315030
474794576
474130363
474803828
474806087
474816641
474817940
474213647
474213643
474897428
474901468
474914411
474902658
474307487
474320179
475004081
474342595
474992207
474221171
474993870
474116080
474782299
474223806
474802109
474996113
474910444
474304746
474125084
474222511
474909173
475006676
474142615
474791805
474816905
474914409
474908910
474246532
474247960
474897295
474911900
474980589
474340528
474343917
475003949
474968717
474316744
474985555
474779828
474784145
474114402
474997961
474779528
474983047
474801977
474148734
474790219
474153834
477572936
477561043
477561438
477575687
477574497
477561044
477645933
477666935
477670977
477642751
477669389
477670711
477669176
477549570
477547869
477655979
477551660
477559879
477559595
477571721
477550734
477550735
477559985
477668202
477642882
477562242
477550604
477657512
477670974
478716431
478714746
478714747
478702855
478715108
478954043
478946649
479000055
478953251
478994971
478951941
478952727
478668777
478983092
478661949
478662303
478668116
478697721
478998875
478998603
478666799
478987915
478998609
478667456
478702460
478998740
478701127
478999794
478952331
479000790
478994178
478986991
478715103
478986859
477360695
477381407
477385725
477384057
477384055
477358029
478858871
478899812
478899135
478851607
478906207
478906208
478876173
477331739
477331731
478878752
478882577
477336753
477355283
478881129
477378995
478902245
477355517
477361328
477355383
478878483
477331467
478857689
477338335
477379256
478878031
478905149
477354992
478689932
477369933
478688709
477369659
478688573
478887263
477619533
477616061
478977224
477623451
477620417
477523941
478685711
478889913
477366891
477525284
478685934
478974980
478887521
478894061
477521298
477521295
477524337
477622974
478888049
477521693
478700601
477372395
477382733
477383215
477527109
478892547
477556687
478903566
478903111
478950083
478949837
477664377
478996829
478949289
477545229
478879679
478985673
478985141
477652098
477358686
478699803
478997151
478949679
478976037
477639846
478997286
478689788
478692403
478712339
478688442
478858603
478904756
478953512
478946915
477668861
478952199
478953507
478664816
477337937
477654380
478989099
477331335
477331340
477524201
478987787
478856225
478692399
478887785
477670182
478986463
478692535
478700469
478712468
478688347
478701521
478700204
478856120
478899810
477572931
477521467
478953513
478970949
479001509
477668865
478875777
478984952
478988909
478982297
478878357
477334904
478881390
477378990
477523675
477620023
478875906
477572799
477616459
478973395
473486495
473474723
473487911
473487643
473474588
473474586
473487644
473643439
473642108
473679280
473674048
473673787
473661513
473447949
473664167
473667004
473667008
473664630
473450848
473676040
473676249
473471687
473471682
473483947
473452139
473643284
473678886
473664503
473475390
473640800
473665820
473673657
473447947
473640380
473474584
478037972
478039041
478049468
478051147
478286663
478282029
478287183
478317015
478321311
478321317
478323630
478322315
478044549
478032282
478285331
478322634
478032438
478000747
478322903
478038483
478329291
478037181
478037967
478334517
478032284
478282026
473358321
473356991
473394167
473353281
473392843
473388669
473358316
478098551
478139487
473341412
478103852
473340623
478109848
473341407
473344725
473351959
478108931
473345055
478145492
478091419
478091415
478140739
473356456
478144173
478145884
473381684
478010224
473376654
478014851
478014848
478012888
478127613
478131627
473441571
478293263
478293261
478294588
478299927
473630973
473436429
473374888
478128333
478008251
473375283
473375082
473628995
478008776
473381487
473626137
473441344
473628728
478297556
473376387
478294917
478131232
478013524
478013824
473440031
473440026
478142787
478143119
478143114
478283239
478298553
473636287
473671895
473672679
478282683
473629651
478107471
473380168
473439729
473343607
473636685
478299006
473390733
478045203
473355787
478045739
478009962
473356852
478096974
478132815
473488434
478091687
473487116
478286792
473642887
473637604
478295048
473678491
478104839
473666610
478128723
473387171
473387166
473628860
473631498
478032020
473661379
478134004
473488432
473352879
478045208
478035981
478036240
473441445
473486487
473489091
478092078
478139346
473626531
478287184
478328896
478295049
478295311
478282688
473341410
478107872
478321576
478093005
478286116
473344722
473375683
473665479
478044544
478107608
478104966
477480417
477452671
477453197
477480631
477453065
477479096
473548508
473584244
473543121
473583976
473583643
477444779
473560485
473555993
477439492
473554721
477445252
477451643
473579681
473580023
477475348
477444995
477456500
477476312
477480233
473580151
477441211
477474956
477439713
474034415
474055005
474055529
474031517
474035192
474035193
478192149
478186883
478186875
478239743
478192928
478234531
478239152
474011933
474005204
474011145
474029123
478236963
478189755
478215585
478193191
478210627
474054737
478234119
474057347
478192289
474011673
474011803
478217299
478239605
478210363
474724595
474719228
474719224
474722804
478762651
478811295
478757121
478810112
478775075
478769793
478769792
474675883
474681731
474717327
478773815
474717523
478773748
478758551
474682383
478806020
474723927
474717991
478761993
478763824
474687021
474722613
474019889
474696477
474696869
474019360
477429333
477433247
478787541
478783580
478787141
477428661
473536592
478205555
478199547
478200136
473536719
473532761
474016425
474016420
477427960
474023027
478199739
478780469
477428787
473536721
474017085
474018051
474699640
474684496
474022228
477450321
477450029
477431263
473534803
478188196
473542035
473577639
478203568
474672719
477438657
478771107
478771168
473553357
477431393
473577112
474719975
478187907
478806811
473553883
478807204
474718967
474696736
474695465
478756832
478809584
473536459
478205287
473578215
478200003
473535267
478769980
474670076
477427835
478201325
474717591
478759864
474016952
474057471
474687285
474695071
474720164
474021836
477457023
478811297
477426513
477426775
478759208
473531371
473584239
478191616
478775789
474004852
473555919
478236508
474687017
474034924
473465468
477465095
473461379
477534371
477534369
477537032
477634857
477630885
473650175
473649764
477634672
473650169
473460186
477463259
473568006
477631013
473571836
473569192
477465714
477539776
473649897
473650290
477534365
473568008
477466240
478024650
474043127
474044933
474044456
478026861
474195426
474201231
478222770
474293132
478312467
474289977
474296571
478020423
474293622
474294015
474201503
474201497
478309703
478222247
474044139
478026593
474294020
478312077
478224824
478022895
474198617
478680789
474712845
474709804
478799423
474765536
478799154
474765531
474961724
478965152
478960588
474766629
474959687
474705846
478793550
474959079
478677383
478796255
474706818
478965477
474706821
478798828
474955590
474766196
478799152
477350085
473370275
473370269
474102932
474106184
474860679
474860548
478863627
478870828
474101037
478866155
477343131
478116455
473363201
478866213
474861520
473369612
473365647
477343480
474102520
478866152
478116452
473363276
478676471
477347094
474708357
473367161
474708354
474767519
473458335
474864040
478867470
474863848
474291119
474291112
478961379
478306467
474196218
477628343
473366967
474041501
474196085
473458864
478024110
474044272
473370005
478121991
477468221
478118033
478118036
474198755
477536895
474860284
474864507
474292468
478965339
473649503
474955199
473654729
478020131
473363405
474101295
474102652
478863893
478021448
477344802
474710069
478795461
474102258
474861930
474292473
474296572
474961529
478673825
474705641
478793745
478116582
474291380
473460051
474194896
478117770
477467693
473484906
473484743
473485002
477477993
477538627
473571043
477570011
473581336
473545338
473639479
473639193
477641723
473653943
473675325
477641435
473675059
473449631
477442619
473662840
477441954
473663049
473663442
473545469
473570519
477538456
473545473
477454516
477477856
477538325
478025803
478034789
474056417
474056421
474045863
478034925
474200707
474242685
474295259
478331745
474337711
478310621
474009297
477999665
478284402
474032287
478310751
478227459
474218921
478320126
478190837
474295470
474218395
478319671
478034787
478710786
474711124
478698880
474685821
478797513
474812823
474812923
478797839
474966843
475003247
475002447
475002981
478964548
474777191
478983952
474776752
474967243
474685686
474777547
474812824
478797832
477356176
477380309
478094481
474105175
478121067
474105651
474123365
478869243
474907605
478900535
474907936
478852929
474907411
478106555
478876708
477332260
474111597
478877429
474111995
474884177
474907677
478868849
478010885
474698321
477430257
473436954
478129913
473437743
477522791
473534082
474896319
474895924
477522783
477617699
473627272
474301853
474979485
474979481
473627411
474020379
478972079
478784370
474895793
477430252
473627274
474301674
478888913
478784500
474056159
474056152
474123759
478190418
478227335
474907811
474242283
478964021
474337315
474295071
474008634
473557050
477653019
478772623
478678935
478808260
478687125
477368695
474045988
478784311
474147102
477453987
478797833
478202515
474895531
474908202
477570399
478238284
478868850
478284268
477633225
474313996
478331613
477665427
474777021
474990569
473662911
474674297
473465204
477467561
477480499
477538854
473546935
477534760
473569460
473583847
477635071
473655256
477666389
477642616
477629792
473666879
473666873
477439578
477547564
477551525
477443543
477475219
473665554
473544284
477546775
473572097
477572669
477642618
478023163
478025933
474199151
474235575
474195163
474247431
478288235
474320051
478334379
474290192
474009161
474219056
478217034
478317287
478317279
474224993
478001778
474223679
478044019
478285587
474219055
474688722
478679332
474770819
478763564
474962060
475009055
475003816
474955456
478953375
478665630
478988975
474783352
474682123
474782034
478697303
475006407
478758279
478663495
474782036
474707343
474804484
477346025
473368948
477360151
473390075
473354464
474152379
474129965
474865832
478858336
478899268
478851740
478905811
478875515
474112784
473344795
474863060
474106708
474114139
474908777
474021044
474021042
478009703
473379116
473438562
474795236
473434583
473434575
477430599
474210498
474899488
478199876
473536323
474302201
473631231
477427703
473628593
478974447
478974450
474137896
478893929
474139180
474699251
478690687
478033468
474053776
473458602
474151063
473439855
474875763
478223771
474911368
478975768
474779399
478107341
477544924
473541641
477556817
477382551
474687413
477358820
477369391
478047052
477344670
477429055
478098150
474807125
477480495
478144302
473531095
473578611
474246136
473529727
478965605
478311016
478330424
478879412
474890250
474331900
478020520
474982651
473387034
473462731
477476442
473487905
473548506
473584110
477574492
477634855
473655523
477670840
477629793
473675060
473679017
477439581
477439974
473451905
473665557
477474954
473568007
477657376
477644464
473464807
473571835
473483813
474043123
474056420
478046924
478227861
474246141
474235035
478186326
474295256
474337184
478308511
474343251
474008816
474219057
478212750
474329265
478285721
474028725
474330891
474040579
478329293
474249015
474707611
474724722
478702852
478762386
474806487
474818463
474967509
478947196
474968715
475002980
478668249
478768857
478775070
474776888
478989232
478998148
478805490
475006935
478698488
474721292
478756698
475008123
473354469
473388809
473394029
474129447
474154011
474123632
474860421
474873915
474877227
478876772
474113571
474124689
473386961
473351297
474100903
474874575
478857160
473387429
474914271
474020780
477369520
477370852
474019230
473437748
478787538
478127205
478887393
474897027
474895928
473626529
478977093
474209943
478008113
478128269
477620020
474981723
474708283
474041899
473470757
474151455
478785822
474196747
477557476
474231735
474958101
477621652
478330289
474957571
478319069
474029646
478223503
473390729
474700698
478046528
478674979
478701388
473463356
474803823
478804362
478808264
478143377
477536899
478223899
474248883
477666256
478946908
475007991
478668376
477440538
477378856
474236110
474246944
474246538
474248010
474249294
474319280
474340654
474342994
474316375
474320314
474343025
474332609
474329529
474225246
474332333
474221457
474223136
474332573
474317962
474224502
474245241
474341729
474223950
474341433
474318103
474225526
474225546
474235868
474233563
474340244
474320565
474233731
474246765
474344585
474316507
474819690
474806240
474807526
474805171
474974242
474972789
475007901
474968863
474972260
474972753
475009744
474781556
474784062
474997377
474997888
474994726
474992312
474780824
474971373
475007272
474802279
474814518
474996009
474971167
474781292
474972538
474807295
474819150
474778650
475007104
474973807
474971349
474782850
474992720
475009504
474804981
474818178
474802255
474154018
474154541
474150068
474128926
474126283
474878962
474879103
474908924
474873811
474118889
474885681
474113578
474887128
474117293
474148541
474910648
474117437
474908996
474912988
474875071
474891076
474909056
474148589
474152561
474118217
474793294
474791673
474139985
474138260
474213910
474213930
474897716
474899944
474897308
474210848
474980144
474303041
474308333
474303165
474981640
474790794
474982857
474790090
474136661
474790266
474790254
474898329
474210766
474303245
474141965
474209442
474902277
474139437
474981616
474900160
474128143
474794754
474815470
474140957
474128095
474151481
474212205
474243849
474911968
474876523
474984766
475005364
474307013
474780190
474115749
474219822
474993532
474993628
474326901
474779634
474888142
474307205
474794682
474900957
474815202
474339041
474984256
474793136
474794598
474130351
474152782
474817926
474878839
474248862
474897404
474304712
474980590
474985864
474339149
474222464
474113189
474993892
474802087
474910450
474983188
474795738
474912040
474127735
474816740
474139997
474818454
474130219
474211040
474237043
474902716
474873775
474308825
474980180
474783741
474887793
474993928
474221274
474886972
474783474
474898468
475006557
474897152
475004180
474151229
475009456
474791418
477563950
477573214
477574281
477573056
477562352
477574506
477563707
477670846
477667016
477642787
477645392
477646953
477551830
477548262
477654778
477656357
477656369
477658581
477657797
477657401
477563554
477563563
477572828
477642919
477574146
477656201
477644349
477550890
477552198
477563923
477573296
477656237
477656345
478716450
478701922
478994865
478951964
478953283
478953729
478665872
478668810
478988925
478986237
478982720
478989303
478667334
478697697
478987521
478709433
478950559
478987959
478987983
478951270
478666004
478989411
478998795
478986730
478994564
478953595
478951411
478989435
478994817
478661925
478998663
479001279
477362122
477360800
477357933
477357873
477358039
477385649
478857416
478857549
478899944
478906419
478856902
477333848
478875392
478878226
477330989
478878639
478878021
477354967
478901769
477336989
477338074
477385121
478878531
477338045
477354739
477331757
478690028
477373901
477370997
478688622
477373582
477525705
478888064
477521830
477521718
478970624
478970696
477622905
477616097
478973319
478685637
477366989
478975131
477620393
478975011
477367246
478685922
478689224
477373193
477528021
478974771
478891575
478700602
477383273
478712454
477358987
478856395
477526878
478903515
477526326
478950055
478976211
478975689
477663909
478996834
477335698
477335309
478879707
477651969
477652157
478949719
478903306
477358663
478856073
477640627
478880115
478700551
477545070
478879587
478692450
478700479
477369752
478715902
478893195
478894330
477572542
477525488
477575166
477623225
477640543
477642463
477666248
478875752
478882395
477658306
477655673
477333956
477620609
477550038
477367114
477571198
477620525
477550098
478977519
477658325
478903719
477373473
477381908
478716414
477372293
477528198
478903887
478851595
478905051
478970960
477640531
477666861
478999425
478970672
477334028
478880007
477552018
477331385
477654716
477658673
477559809
478998411
478668630
477568842
478947019
477642835
473489098
473474590
473475668
473486204
473678673
473638137
473643643
473450984
473662065
473667316
473664105
473664388
473452962
473451921
473665852
473483718
473640403
473451978
473450710
473483818
473673632
473637991
473483826
473451897
473475404
473471431
473673368
473483706
473474551
478039303
478039159
478037720
478036365
478050886
478037564
478287476
478288651
478329632
478281933
478334991
478329416
478335970
478003270
477996681
478002798
478320981
478031890
478332849
478287058
478288375
478037204
478001000
478001937
478333251
478282147
478321515
478049526
478285339
473358583
473358439
473394034
473388284
473392900
478145361
478138844
478144635
473346556
478104651
473340028
478105102
473351119
478140154
478140939
478108575
478097983
478109103
478145499
473388092
478091422
473345176
473346676
473356472
473388872
473339421
473357851
478015510
473377076
478009614
473379664
478010250
473439068
478131711
478127276
473434338
478293921
478299934
478293332
473628784
478297245
478008150
473375752
473436390
473441050
473631412
478297875
478130979
473438648
478298007
473381613
473624392
478014234
478034035
473381020
473440005
473470449
478143327
473439642
478283253
473629846
478282855
478282843
473671960
478318707
473660169
477997590
473439730
478283047
478298955
478033210
478013370
473343640
473380684
478330983
473356832
478037314
478009974
478035982
473434890
478131399
473636959
478299142
473642839
478293728
478330863
473343892
473661382
473447490
473339692
478323723
478093039
473628880
473451478
478140555
478092955
478001610
478288087
473631520
478297743
478131375
478014090
478038981
478048484
478050990
478098667
473474539
473626280
478300503
478335453
473677228
473625064
478107141
473661392
473667388
477997578
473435778
473375476
473351287
478293644
473481990
477476854
477453235
477479621
477479501
477476432
473578354
473582337
473582692
473578869
473582968
477441165
477439498
477439373
477441153
473544175
473579758
473543995
477443657
473554940
473578448
473580196
477452575
473547165
473558553
477476324
477439757
474055534
474055401
474031522
474055292
478193493
478193469
478187143
478240983
478233848
474005393
478213419
474005249
478215603
474009845
478215345
478193203
474052757
474030970
478189509
478193433
474035539
478216947
474683743
478762664
478811302
478809405
478757230
478761848
478809903
474676617
474669945
478769854
478768544
474670456
478758682
478773754
478805499
474717388
478757971
474671696
474675796
478763791
474019904
474695614
474700900
474017921
474696928
478787619
477426821
477428624
477429392
478787691
473536768
478205619
478205475
473532766
474016665
474017189
478781685
474693628
478781799
478781871
474019124
477426101
474019112
478200159
474022517
474720502
474021821
474698997
477431553
477474034
478759243
478807287
478188213
473535472
478187683
478235727
473534680
473534733
474006053
474005866
473553237
478759342
474684370
474053357
474684331
474021689
473534932
473542015
478211955
478785573
473534620
474685039
474022366
474696748
474696784
474033716
477431945
478804366
477450403
478762064
478204155
478233994
478186423
478200015
473578208
473582176
474670144
478770063
474670120
474694132
473579494
474028435
478189051
474004697
478783455
474719192
478763455
478807407
478757073
477452889
477455264
478763143
473536624
473578688
473582776
477439229
474669820
478189723
474010601
473536228
478771623
474029659
473560204
478237107
473465121
477465116
477466433
477466246
473571766
473571753
473569330
473569636
473571729
473572252
477629529
473651038
477630716
473655400
477463258
477463781
477632045
477632681
477539782
473655196
477463661
477464456
477629717
473567096
477630728
478027434
474044409
478026846
474047585
478022922
474199018
474201918
478221956
474297089
478312551
478312342
474289989
474292941
478224826
478224987
478309323
474040461
474198886
474296693
478224879
474195414
478226559
478680822
478680417
474709569
478677488
474769654
478799187
474768836
474769592
474961737
474955053
478965291
474962308
474959686
478963234
474706300
478793481
474958912
478674162
478958912
478963131
474955396
474765030
474771642
474961984
478796133
478675338
473365984
473366314
477349541
473364596
477349677
474106877
474100378
474099641
478115348
474106157
478117701
478121625
474860097
474866476
474861332
478866081
473363806
478866351
478866795
478870323
477345464
474860164
478866747
474102873
478870719
473365112
478676334
473367820
474041681
474041645
473458078
473458326
478119291
474196329
477533022
478306474
474291382
477346757
478119094
478223583
474196182
474196734
478867425
478119363
473565772
473565376
478676742
478021978
474042166
474768162
473462062
478122075
478792508
474201414
477539562
473571574
478228707
478868067
474956528
473649502
474955264
474961780
474101309
477462953
474768150
478024052
473364788
478023402
478680114
474100385
477466349
478115300
474103577
474198764
474864568
473569708
474956925
477631221
478305884
478307127
474289841
478311951
474959212
477632145
473460150
474197250
478117011
473651152
477454126
473464158
473472847
477467477
473484990
477538990
477538770
473581240
477641697
477665169
473675068
477442618
477546513
473557450
477653277
473448954
477546501
473449366
473545459
477442361
477653537
473557221
477477641
477453955
474032842
474045789
478046694
474032575
474045741
474200710
474200490
474230290
478227771
478238583
478227598
474313423
474218358
478214295
478319637
474295349
478227507
474242430
478284427
474242934
474711262
474711196
478797441
478808074
474812442
474812958
474800515
478948497
478996275
478663674
478772823
478983561
478984359
478983958
478964199
474710764
478995843
474770658
478678710
475002904
477380561
478094493
474105413
478121074
478121115
478121091
474147125
478853743
474865341
474871843
474908260
474865948
477332517
474112258
478105845
474111653
478876971
478869027
477356023
477332553
474105041
474020518
478129594
477429946
477429953
477523122
474895516
478296051
474978700
478010718
478202403
473377552
474697540
473627824
474301985
478202535
478972143
478678986
474721558
477380201
478025394
477430493
478784799
477466906
478141798
473533852
477538158
473570320
477569922
478237935
478284175
478972215
473674534
477332717
474777022
478214163
474990844
478284127
473557084
478120683
477356565
478698775
474711136
474789045
477453751
473472823
478142223
477558751
478852915
478868883
473639409
478331493
478310631
474218370
477653129
474777270
478972119
473653792
474991108
473486048
477479189
473566856
473572132
477570510
477570546
477646582
477645260
477666356
473637847
477641803
477440960
477444917
477551574
473666944
477655805
473558770
473471587
473665558
473579956
473641820
477629801
473556160
473487354
478024510
474032959
478024484
478036123
478229127
474247438
478286888
474290213
474337865
477996486
474220998
474317443
474040685
474028699
478210484
474221046
474234223
474686359
474688711
478715770
478713128
474688687
474807079
478811115
474956830
478994336
478768880
474991276
474670210
474780692
478774107
474995836
478709142
474801835
478950751
478710978
478811043
473358007
477356710
473368954
477381296
477349937
474123979
478091563
474100145
474913996
478901067
474860452
478904535
477337678
478109986
474112841
474124651
474148445
473344780
477348737
478145631
478865307
474021053
473376548
477373301
478012316
478784931
478127144
473437578
473533954
474213118
473529748
477618836
474980012
477622769
478008426
478782027
473536336
474207162
473376464
478676610
474030031
478690690
478033435
477382541
474720376
477450166
474151066
474875770
478223847
474911404
473648662
477663689
473648668
474958084
474006262
477651893
474993280
478771479
478013622
478306959
477651857
478795335
474033968
478045362
477370697
474104105
478133787
478091539
473474143
478282963
478964439
477333728
477440876
474219738
477439553
477523818
478673910
474995860
478998231
473463777
477468905
473487501
473487630
477537284
473566880
473569516
477574002
477570426
473654128
473654901
477665609
473641676
473450805
473662136
477439985
473556184
473554700
477548996
477451507
473472055
477443285
473640883
477644431
473651200
477669245
474044433
478022910
478190971
474236312
478187107
474248190
474199938
474295245
474320529
478329525
474289953
474340328
478316984
477996621
477997014
474325733
478215783
474341189
478312119
478331931
474248982
474344153
478049022
474687788
478701621
478680138
478762364
474806421
474812418
474804511
474973929
474968251
474966991
474961564
474783978
478769883
478982648
474673816
474971551
474814206
478950571
477346280
477348809
477381884
477383997
477384521
478094203
478121007
474147405
478091575
474153149
474147665
474872349
474860716
478904559
473346652
477332429
474891028
478882587
474112889
474101057
474106337
478117023
477379817
474023301
478009554
473437377
473441214
474139553
474213150
474303629
478781637
478128351
477432725
473536216
478014702
478133631
473380972
478759725
478132707
477450019
478855927
478204263
477997854
477545169
474887668
474993333
478855795
474708124
473382028
478674990
477371057
474806024
477478793
474200070
473566328
477575130
477616577
474674080
478875728
473660680
473436150
474016961
474306005
474028447
478031995
478140495
459043043
459041579
459041578
459041599
459041720
459042934
459041743
459042921
459043028
459041854
459042933
459041576
459031317
459031187
459031174
459028266
459028544
459030918
459030894
459030911
459030873
459031138
459028232
459029997
459040163
459040506
459029555
459029562
459029589
459040125
459040522
459040111
459031051
459031028
459042803
459028362
459028366
459042763
459042764
459040399
459031026
459029855
459031147
459043149
459043016
459041562
459028511
459029576
459041695
459042885
459029841
459040556
459043170
459028377
459040389
459040520
458948147
458946825
458946571
458946706
458947867
458947880
458948131
458924242
458919910
458923841
458920295
458924337
458924207
458920294
458923869
458919908
458924261
458923078
458944186
458944133
458922511
458923017
458943917
458944183
458943634
458924099
458947631
458947568
458920169
458946284
458947595
458947592
458944039
458924105
458922933
458924231
458947964
458946779
458920397
458920267
458946643
458922525
458923064
458924109
458943608
458948009
458946514
458946273
458923867
458922536
458923855
458936267
458936132
458936121
458933626
458933194
458935856
458933493
458936094
458933614
458936262
459019283
459014951
459014945
459015346
459014924
459019241
459015454
459019277
459016401
459016794
458932305
458931731
458931729
458931858
458932266
458931905
458932270
458932126
458933110
458932134
458932182
459016637
459019388
458932293
458935739
458936216
459015425
458933442
459015297
459016796
458932185
458935738
459014902
459015330
459016256
458935865
458931740
458934945
458934655
458934683
458945075
458945254
458934510
458945083
458945242
458934513
458945119
459017819
459017818
459038650
459038971
459017573
459017795
458921346
459026765
459026817
459027298
459026909
459027311
459027354
458921446
459027095
458934367
459038838
459027042
458944949
459027090
458921723
458921478
458934417
458934415
458945189
459038921
459017838
458934941
458934653
459026815
459017526
459017661
458936015
458934799
458947762
458945334
458946414
458945383
458934822
458947726
459017962
459019135
459019151
459039106
459039080
459041345
459039068
459019111
459039070
458923950
458921579
459030790
459030767
458921561
459027173
458920018
458922647
458922642
458943743
459029423
459029419
459016508
458921586
458945324
458933309
458945323
459016532
458934766
458943752
458933333
458946382
459027175
459039992
459042630
458936241
458934811
458945492
458946789
458945231
458946656
458933360
459038687
459015199
459014915
459038947
459017561
459041685
459019265
458923986
459027212
459027209
458919858
459030857
458921333
458932281
459029459
459040497
459040098
459029543
458943787
458924087
458947583
458920122
459028352
459017697
458924347
459030993
459040496
459030859
458934825
458936002
458936251
458933635
458946526
458935846
458946546
459017974
459017852
459017949
459015213
459018847
459038672
458924262
458924250
459030729
459028618
458920242
459016351
458944150
458943666
459040505
458943630
458921444
458935723
458947582
459042749
458920170
458920146
458924226
459029445
459029969
459043145
458934500
458377905
458377892
458376563
458376333
458376443
458377651
458377630
458377879
458377749
458377759
458376560
458365904
458363387
458362998
458362990
458365619
458365628
458363250
458362978
458365878
458374882
458374871
458374881
458364287
458364666
458364307
458364406
458375120
458377475
458363135
458376198
458364536
458365723
458364558
458364572
458375135
458377509
458374856
458363118
458376414
458365603
458364295
458365866
458364440
458375134
458377902
458363362
458362999
458376165
458364272
458187695
458187705
458186519
458186254
458186479
458186515
458186348
458186350
458186504
458186349
458152066
458152053
458152054
458146900
458151539
458151514
458151993
458152060
458150611
458181885
458181886
458182219
458150541
458181862
458151907
458182424
458187107
458187106
458185780
458150672
458187136
458187151
458152161
458152031
458182532
458187165
458187760
458185843
458150195
458186311
458152156
458187177
458187832
458181896
458146642
458146243
458186236
458150194
458151535
458182280
458187664
458175959
458173305
458172874
458173314
458175510
458173139
458173295
458173293
458175908
458342254
458336927
458336992
458336866
458341592
458336984
458339626
458170677
458170019
458338906
458170211
458339560
458338905
458339483
458339458
458175298
458175220
458172611
458175244
458336552
458175270
458339216
458175287
458336949
458172640
458172846
458336814
458336812
458338953
458175750
458339614
458342262
458339240
458339457
458175297
458175808
458336994
458336577
458174335
458174337
458185185
458184753
458174242
458174206
458184767
458184762
458174634
458340958
458340921
458371900
458372567
458340263
458340295
458372368
458372359
458340885
458372373
458340652
458149150
458360680
458360315
458148882
458360050
458149504
458149258
458149242
458173903
458372238
458184539
458360443
458149240
458360059
458372591
458360320
458174562
458184727
458340910
458340654
458174356
458184928
458148883
458371938
458174504
458173051
458186123
458175644
458185030
458175654
458341979
458341976
458372432
458336735
458375899
458336704
458151774
458146474
458362732
458146446
458149348
458151731
458149420
458363986
458170339
458150404
458374582
458339346
458175623
458364031
458182136
458372452
458186046
458365338
458149423
458364056
458364020
458187370
458374568
458146471
458375890
458175683
458174348
458185175
458187426
458173041
458172882
458185171
458340932
458340811
458371955
458372349
458375924
458340664
458151791
458149137
458360068
458146866
458365571
458365566
458146208
458150831
458339598
458374607
458374943
458149267
458340534
458341844
458365699
458377448
458146600
458175261
458374808
458175520
458174636
458185065
458187702
458186338
458184764
458342131
458377846
458376592
458340224
458377612
458149544
458151790
458360553
458363380
458363248
458364057
458374810
458374569
458182246
458150538
458341846
458375074
458376196
458340777
458339215
458364033
458364688
458184524
458187762
458336587
458376184
458175487
458282878
458282855
458281546
458281283
458281402
458282575
458282591
458281412
458282839
458282875
458281292
458259119
458258984
458255099
458255153
458255003
458258525
458258924
458258925
458255001
458259089
458257497
458278329
458278619
458278649
458278639
458278882
458278855
458257664
458254858
458281031
458280995
458281001
458282309
458281003
458254856
458257507
458278364
458254883
458278625
458282815
458281232
458257796
458259103
458282338
458281029
458281553
458254999
458282837
458852962
458851521
458851522
458851639
458852839
458851508
458851509
458852950
458851496
458817464
458811525
458811526
458812040
458812036
458817272
458811464
458815895
458815893
458847105
458847574
458847503
458847502
458815819
458847537
458847103
458816027
458815991
458811931
458811928
458817172
458816015
458852913
458811916
458851588
458812029
458853043
458851460
458817442
458817343
458851126
458853076
458847140
458829333
458829334
458825399
458824869
458825267
458829299
458825369
458828769
458824808
458247238
458246507
458241748
458241268
458247232
458241296
458241284
458243277
458242685
458243218
458824005
458823479
458243200
458243201
458824061
458823477
458243146
458246651
458243081
458243086
458241428
458243074
458828621
458242725
458824048
458241419
458824725
458241232
458823524
458823929
458246685
458824054
458829340
458241749
458828039
458848630
458848855
458848835
458827709
458848857
458848567
458276920
458245258
458277256
458245183
458277563
458276899
458245846
458253106
458253820
458812859
458812847
458253117
458253173
458812984
458245331
458253571
458827307
458848420
458848421
458277029
458277007
458813212
458813481
458277053
458848552
458245199
458277268
458848483
458827305
458277058
458277521
458827444
458848876
458829095
458827868
458849021
458851210
458825071
458848987
458827844
458851232
458246972
458282212
458280826
458277427
458277424
458282143
458813363
458816924
458258458
458811641
458816872
458816876
458813356
458815589
458815594
458823743
458823739
458847244
458815553
458257108
458257111
458282152
458280833
458257136
458852584
458813311
458828013
458852927
458852576
458851259
458851471
458852792
458852923
458247203
458247067
458282675
458282540
458277309
458282203
458817281
458253152
458254487
458254480
458812835
458817412
458815617
458815615
458242997
458278241
458242577
458823513
458242708
458245367
458246675
458852396
458241391
458258777
458816096
458816935
458829076
458276909
458812831
458827905
458829331
458848616
458825073
458825203
458245774
458246973
458280861
458281354
458245844
458246901
458817418
458817341
458813456
458253104
458811533
458254960
458816141
458824042
458823415
458278372
458278348
458827340
458278780
458851061
458817197
458815865
458847285
458241235
458268347
458268310
458267913
458268227
458270838
458268308
458354024
458354013
458350187
458350042
458353570
458353607
458350173
458353616
458350065
458354129
458351518
458351109
458267033
458350990
458350925
458266989
458350979
458351454
458350978
458353760
458270408
458349803
458349798
458353698
458351381
458351375
458351372
458353974
458270453
458350151
458350967
458353581
458351337
458266845
458350182
458268341
458267909
458270542
458354094
458841107
458838551
458838443
458840814
458838572
459007557
459007556
459002265
459001618
459002123
459002140
459007355
459002134
458835280
458835225
459004187
458835486
459004247
458835246
459004912
459007158
458835800
458840572
459001835
458837890
458835776
459004756
458841033
459001871
458838124
458838129
459004230
458838524
459004472
458840553
458838526
459006822
459006882
458163921
458160106
458159530
458159960
458163545
458159973
458160104
458912519
458912385
458907226
458907165
458912447
458907208
458908558
458908499
458158125
458907892
458158193
458907880
458158738
458907897
458911966
458908397
458163416
458906680
458158661
458159396
458912457
458158652
458163472
458163476
458911972
458907233
458159397
458158268
458163478
458159433
458160088
458161439
458836739
458836733
458160850
458160846
458836866
458161373
458837274
458160909
458161433
458909433
458265322
458265244
458909802
458909824
459003537
458348878
458348217
458348872
459002860
458348813
459003580
458909297
458348435
458348434
458265191
458836541
458265138
459003023
458265177
458836806
458909153
458836602
459003184
459003582
458836732
458836810
458161280
458161254
458163658
458838041
458838042
458159672
458840646
458909746
458265508
458267626
458906788
458906816
458270334
458912116
458348744
459001685
459001679
459003392
458158350
458350858
458835353
458835377
458908084
458158349
459003419
458835404
458265521
458906783
458349488
459006976
459004366
458161252
458266304
458267693
458908088
459006954
458161415
458159706
458838539
458838536
458840781
458912466
458265693
458270925
458906829
458265299
458906828
459003041
458348733
458354080
458349524
458907977
458835237
458158223
458907844
458908504
458266434
458836588
458840516
458267759
459003172
458909453
458835416
459001734
458907053
458161305
458837264
458838009
458159982
458161245
458841185
458909721
458912110
458912490
458270992
458270794
458267890
458270548
458907090
459007541
459007366
459003008
458350180
459006869
458349640
459004378
458158750
458835429
458158266
458158194
458835245
459004757
459003140
458160704
458840518
458351320
458908530
458353744
458840561
458836676
459001701
458907042
458269643
458279794
458279938
458269247
458279958
458280235
458269410
458352837
458352799
458373945
458373425
458373658
458373629
458373921
458352797
458256478
458361549
458361683
458255897
458362029
458361546
458256077
458256214
458256167
458361811
458269091
458373514
458279645
458373523
458256201
458352791
458269355
458361797
458373906
458373643
458279695
458361510
458256067
458269138
458255914
458361765
458362027
458352774
458839906
458839639
458850479
458850069
458850462
458850166
458839471
458839869
458839614
459037187
459037641
459005505
458814442
459026020
459025638
459025566
459025631
458814370
459025569
458814575
459005839
458849770
459037483
459005767
458814568
459025698
459006186
459006187
459026001
459025343
458839243
458850004
459005529
459005920
459006198
458839582
459025701
459037842
459037485
458162745
458162482
458183339
458183338
458162225
458162194
458162217
458162741
458910923
458910460
458910520
458910863
458148238
458148173
458919117
458918591
458147632
458147974
458147933
458918815
458183212
458162035
458183143
458910628
458148199
458147675
458147673
458919076
458183800
458942549
458162081
458910893
458147695
458942349
458183806
458942609
458183542
458826706
458826270
458826311
458826191
458171537
458826177
458244587
458930925
458930548
458243920
458337790
459013498
459013571
458337587
459013558
458338312
458244010
458337917
458826004
458171332
458243999
458171274
458337738
458244054
458826246
459014104
458930273
458930536
459013745
458930274
458171326
458171277
458243885
458162323
458839355
458826390
458183446
458910802
458244330
458930663
458269015
458279500
458942447
458279503
459005710
459005671
459005707
459005635
458338048
458361358
459025457
458361371
459025456
459025446
459005663
458918680
458171656
458183405
458352125
458244274
458244281
458147767
458171963
458171429
458839855
458849937
458826150
458839590
458269007
458942466
458280165
458942164
458942567
458243896
458942467
459013876
459037192
458373623
458352237
458352497
458147661
459025972
458919065
458814515
459005779
458918800
458373484
458942299
458826017
459025975
458839372
458162313
458171467
458850473
458826393
458244166
458930697
458942862
458942610
458269240
458269264
458338303
458352766
459037858
459037181
459037594
458373261
458352508
458918710
458918442
458918542
458255896
458839253
458171275
458183214
458337907
458919078
459037205
458337607
458269522
458270711
458282435
458268055
458281162
458268090
458280055
458353892
458352703
458373803
458377354
458352665
458258720
458365450
458362806
458254736
458258660
458351207
458351203
458374698
458278483
458257397
458270671
458270672
458374727
458280042
458254722
458254724
458258681
458352666
458269541
458377386
458362843
458839748
458850323
458838334
458838294
458840922
458851364
459007258
459037715
459042536
459041218
459041183
459001987
458814704
459027966
459027970
459027992
459030608
458817010
458835695
458835691
458847443
458847364
459039858
458815756
458839708
458839711
458847419
458847412
459027976
459027980
459029314
458847392
459027991
459042498
458163787
458163790
458185925
458162567
458185928
458187247
458911066
458947499
458942668
458946107
458906932
458906948
458947459
458942719
458148077
458923660
458919755
458918920
458923733
458919716
458158498
458922412
458181971
458181958
458908219
458158493
458151632
458163736
458943508
458943509
458146355
458919736
458148103
458911037
458922394
458185984
458159824
458150276
458826538
458175365
458172786
458171819
458175377
458172766
458244416
458244462
458930867
458930794
458241490
458932902
458244395
458930812
458341721
459018755
458336465
458341673
459014816
458341684
458242830
459016060
458170079
458339032
458823605
458244404
459018726
458930807
458170122
458242832
458246782
459018730
458172760
458175376
458827606
458836951
458836954
458184611
458848697
458848702
458161133
458909579
458265415
458277154
458944804
458277151
458348542
458372104
458348548
458372074
458348537
458813058
458253366
459026633
458813051
458921093
458253402
458265395
458934233
458277136
458340390
458921023
459017382
458265401
458174056
458826547
458163762
458836991
458848734
458850287
458852657
458852659
458244431
458930824
458944835
458268019
458245492
458947447
459006044
459001948
458352629
458148056
458923691
458254686
458811740
458364119
458943484
458835630
458918935
458162572
458266700
458851336
458827618
458184668
458852717
458824939
458912226
458265430
458269504
458906898
458277164
458340392
459018775
459002009
459041158
459014791
458919714
458148956
458908290
458351182
458257396
458847389
458815685
458340380
458269533
458280095
458282468
458281245
458268188
458281374
458268186
458280091
458282695
458352549
458377379
458377721
458353591
458373931
458258939
458365493
458361521
458254976
458255927
458361522
458351239
458364389
458374955
458278867
458350953
458269121
458373539
458377463
458280977
458373535
458278508
458279813
458374952
458839627
458850054
458850057
458838561
458852807
458840804
458841198
459006215
459007520
459037228
459041807
458814419
458817297
459031244
458811486
458817292
458847786
459029524
459004876
458847127
458815975
459025748
458811884
459004749
459042729
459037626
459040220
459042858
458163911
458187777
458160079
458185973
458183591
458162204
458159949
458947480
458907199
458907068
458947819
458942191
458148212
458919095
458146193
458920232
458920233
458920364
458150813
458150553
458922405
458182499
458943859
458150152
458943857
458911949
458150683
458182364
458946232
458942323
458159420
458162728
458924323
458146375
458186452
458922476
458175896
458172777
458824817
458826164
458171850
458175762
458244453
458930855
458241909
458930970
458336457
458337632
459015268
458341553
459014129
458339579
459016727
458823364
458170133
458931713
459016192
458170221
458170614
458339447
458341820
458175232
458241383
458828645
458244449
458823668
458826160
458161399
458184654
458160869
458245602
458245605
458934885
458945440
458265438
458945443
458372572
458372308
458348597
459038563
458813469
458813465
458253126
458148839
458813104
458245337
458253523
458921418
458372177
458827329
458372094
459026887
458171705
458172991
458851223
458268992
458270299
458270300
458945310
459003427
458348711
459042599
458336675
459042595
458816898
458923931
459027152
458811616
458374554
459004348
458258407
458934749
458182100
458851216
458161160
458171851
458852541
458186454
458825215
458160872
458268993
458936071
458944844
458268184
459007517
458373400
459041801
458349628
458918970
458924190
458361928
458254576
459016123
458922402
459029657
458158230
458258800
459025745
458175235
458377456
458269534
458270839
458281554
458281518
458270551
458281137
458270947
458373825
458376538
458376329
458350135
458352308
458373680
458377745
458256058
458361934
458254701
458258542
458255900
458363369
458259054
458351482
458257401
458257365
458266762
458375237
458364581
458270467
458373500
458280966
458365721
458351095
458282334
458278626
458352260
458841235
458850080
458838297
458852814
458838309
458838571
459037184
459041542
459002203
459001989
459041848
458817033
458817298
459030646
459031180
458811490
458811990
458816142
459004519
459004605
459029956
459039825
458835547
459029944
459004759
459029860
459025700
458837935
459025724
459041560
458814140
458852778
458162734
458187285
458185978
458159950
458187533
458187557
458910910
458942721
458906901
458947822
458911783
458947864
458911843
458906551
458152037
458924248
458920372
458923864
458148164
458908522
458943465
458182253
458147972
458908423
458918816
458187101
458186177
458163475
458825394
458826188
458828802
458175545
458829162
458930841
458930314
458933452
458930817
458933608
458930288
458337776
459019372
459013436
458242702
458339585
458823681
458931724
458242542
458243202
459016660
458935720
458243130
458342093
459014108
459015064
458338949
458174049
458185138
458174201
458849118
458184633
458264983
458277190
458245182
458945476
458245449
458245842
459003007
458348613
459038638
459038968
458348553
458348155
458149157
458253822
458360021
458921037
458265154
459038776
458934376
458813238
458340641
458360477
458277534
459038529
458184857
458162324
458171672
458849022
458173001
458848986
458840659
458246970
458279576
458947708
458906806
458373274
458372465
458340749
458149366
458921596
458362678
459025460
458365325
458242974
458158327
458816910
458918684
459027184
458279516
458839856
458159539
458183564
458270661
458934664
458933200
458910488
458352764
459042652
459014781
459006835
458147828
458360609
459031120
458253282
458815701
458923024
458835415
458257194
458340533
458341841
451059838
451059680
451059815
451058517
451058243
451058242
451059535
451059551
451059572
451058229
451059835
451059670
451047802
451047812
451047801
451044870
451044909
451045270
451047562
451047560
451046375
451056798
451057151
451056899
451046589
451057158
451057183
451046507
451047667
451057066
451057016
451057018
451058071
451057028
451059407
451059402
451047919
451047791
451047789
451056774
451058106
451044885
451056908
451058339
451046614
451057148
451058121
451044886
451044907
451045183
451058358
450964797
450964655
450964774
450963479
450963443
450963344
450964510
450963455
450963187
450963476
450964497
450941025
450937067
450937066
450940505
450937052
450941033
450937016
450939441
450939703
450960779
450960298
450960574
450939391
450939129
450939413
450939587
450940738
450940748
450939559
450964210
450936755
450940712
450939523
450940761
450940999
450939431
450964739
450960281
450963149
450940469
450939425
450941002
450940903
450960681
450964781
450964606
450936813
450960572
450939525
450952919
450952786
450949882
450952523
450952498
450950132
450952866
450949859
450950276
450952914
450952890
451035920
451032057
451032101
451031963
451035539
451031566
451033038
451033389
450948430
450948365
450948417
450948551
451032983
450948426
451033304
451035634
450948764
450948821
451031658
450952337
451036029
450948935
450952377
450952724
450948809
450948533
451031540
451033424
451035657
451031710
450949822
451031661
451032054
451035522
450950249
450951331
450962146
450961746
450961761
450961842
450961722
450951550
451034479
451055333
451055349
451034195
451055609
451055311
450937955
451043933
451043409
451043542
450937941
451043422
450938345
450938098
451034311
450951029
450961630
451055442
451034297
450938361
451043723
451055298
451055567
450938357
451034754
450937999
451055433
450961834
450951197
450937819
450951427
450964374
450963047
450963055
450950012
451035776
451057955
451057954
451059307
450938240
451047431
450936634
451044785
450936659
451044764
451043838
451033174
450939275
450948629
451056631
450948654
450939296
450951401
451055694
451059260
450949951
450963023
450951402
451034578
450951425
451055742
450962021
451057926
450938203
450951452
450962013
450964614
450963071
450963162
450961866
450961869
450963068
450952638
451036041
451055735
451059647
451057975
451055323
450938372
450936666
451044858
451044776
451033403
450939671
450939403
451046097
450960425
451032871
451046310
450939536
450952352
450948785
450964217
451031683
451033269
451033400
450940855
450960788
450962009
450964613
451032078
450936499
450951441
450962156
450964770
450950002
450950227
450964506
450951548
451036075
451059778
451031842
451058357
451035547
451032091
451036015
450938265
451043984
451044869
450936918
450937846
450940494
451033423
451046314
450960534
450938096
450951008
450964206
451033291
451034577
450952593
450951272
450964602
451044881
450936906
449063865
449062678
449062415
449062507
449063696
449062533
449063831
449063829
449062664
449062390
449052107
449052106
449049477
449049035
449049034
449049296
449049318
449051706
449051937
449049454
449050786
449061359
449060949
449061091
449050398
449061043
449050386
449061093
449061045
449050666
449050640
449051815
449061224
449062230
449061191
449062254
449062232
449051806
449063551
449050511
449061333
449060939
449049441
449049047
449049042
449050375
449062364
449051817
449050760
449063590
449063982
449060960
449049310
449051719
449049189
448683825
448683836
448682482
448683571
448683563
448682228
448682491
448683562
448624307
448624304
448616507
448616510
448616386
448616375
448624341
448615568
448624342
448624406
448622841
448674890
448622186
448622155
448622759
448675903
448623098
448622157
448682810
448616218
448681568
448675750
448675687
448683743
448683602
448683740
448616483
448615550
448682419
448675771
448682902
448615579
448682234
448622192
448615567
448671945
448671932
448669266
448668910
448669162
448669290
448671954
448669268
449004598
449004443
449004574
448996520
448996533
449004369
449004434
449001558
449001909
448663018
449001035
449001458
449001938
449004203
448996235
448996256
448670982
449001730
449004194
448671021
448671854
448996631
449001011
448671858
449004550
449004462
448663881
448663100
448996270
448996662
448669178
449001860
448670359
448670239
448670327
448680918
449002978
449003263
449055141
449055974
449055779
449055715
449055770
449003181
449003270
449055118
448621797
449043274
449043254
448620778
449043753
448621790
448621742
449002843
448669714
448680179
448680218
449055647
449002778
448669614
449055583
449003226
449002965
448670543
449043237
449044154
449002881
449043897
449056030
449055774
449043787
448621437
448670468
448670470
448683390
448683440
448669007
448682098
449003122
449004296
449061755
449055911
448996412
449003102
448624042
449043962
448616027
449044014
449048522
448616072
448621610
449049778
449049830
449060398
449049834
449003095
449044027
448680971
449063018
448682022
449004278
448621663
448670498
448663676
449048551
448683431
448669148
448671527
448671678
449004320
449003131
449063768
449063769
448996403
449061734
449055782
448624029
449051180
448616106
448616334
448621766
448624382
449050439
449060421
449061254
448674947
449060419
448623062
448670995
448680246
449049115
448681542
448668356
448670994
448621771
449002857
448663869
448670486
449050436
449063505
448680788
448682514
448669267
448669159
448670218
448670204
448682490
448671547
449056064
449055056
449061742
448995718
449062514
449063037
448621774
448624017
449044065
449052086
449049074
449051690
448663939
449060385
448622146
448682910
449062226
448996255
449002784
449063558
448622826
448671019
449061206
448995703
448968813
448968825
448967599
448968694
448967495
448967494
448967360
448945043
448945173
448941237
448941173
448941233
448941107
448944668
448945006
448944645
448943578
448943843
448964470
448964405
448964735
448964675
448943333
448943335
448964697
448943711
448964842
448964807
448940935
448964827
448967081
448967072
448943731
448941201
448967577
448967311
448964711
448968635
448967312
448943612
448968821
448964936
448941043
448967489
450679546
450679532
450678347
450678227
450678199
450679399
450678201
450679663
450678056
450620120
450611434
450611330
450611421
450619352
450612335
450611336
450612129
450618946
450618683
450617938
450618014
450618597
450618686
450671528
450671618
450612091
450611998
450619919
450618794
450671733
450679581
450611399
450678131
450679310
450678739
450619994
450620110
450670810
450677433
450611335
450679634
450655772
450651419
450655330
450655859
450651401
450651405
450655378
450651416
448901639
448900706
448900713
448908530
448901612
448908621
448900691
448909538
448909330
448905053
448904609
448904669
448905501
448904975
450647458
450647057
448905050
448909007
448905437
450647840
450647762
450650939
450651002
448901086
448909017
448901573
448908566
450647969
448908573
448905008
450654897
450647050
450655754
450651422
450654587
450654295
450654562
450675185
450654067
450675683
450675151
450654557
448907974
448960115
448907219
448960730
448908139
448961035
450615789
450616313
448937265
448936258
448936257
448936742
448936730
450616250
450653630
448960406
450674759
448907609
450674758
450653573
450616281
450675623
450675086
448960706
448960975
448907914
448936255
450675094
450615957
448908137
450654427
450677771
450677794
450654401
450677803
450677806
448908104
448909255
448908070
448960811
448968010
448966610
448960868
448901276
450616186
450616181
448940218
450611804
448940216
450618389
450647699
448942946
448964009
448964069
448905235
450671186
448905266
450619711
450677726
448908038
450655553
448908077
450671168
448940215
450611803
450655747
450675572
450679485
450651683
450651677
450675427
450654047
450675425
448908212
448960886
448901601
448966703
448966700
448907942
450620213
450616289
448936322
450612297
450611816
450647035
450671217
448964369
448943255
448904637
448905026
448908992
450654959
450654956
448964765
450619953
450670772
448901357
450651914
450655771
450679618
450678341
450651367
450679373
450675680
448907960
448960905
448908598
448960676
448901611
450615788
448937134
448936352
448945166
450612125
448941086
450618689
450647722
450647071
448964990
450670829
450647434
448942893
450616016
450619954
450647767
448968422
448960412
448901047
448967078
450654500
448901313
448960712
448964702
450679313
448954031
448954434
448954283
448956630
448956897
448956898
448954028
448956930
449040093
449036279
449035690
449039687
449036117
449036129
449036264
449040101
448953107
448953057
448953101
448952670
449037011
448953065
448953102
449037021
449039819
449035877
448953881
448956498
448953882
448953886
449037573
448953092
448956881
448953977
448952694
449039660
448954376
448956489
448954253
448953885
450667797
450667642
450667796
450665111
450667402
450667391
450665010
450992506
450992421
450992387
450999482
450992493
451000211
451000208
450997746
450996770
450659387
450997702
450658938
451000038
450659650
450666776
450664187
450659696
450999938
450664232
450999986
450997770
450658928
450667562
450658929
450664220
450991544
450997654
450667646
450992121
450996850
450659697
450664730
448660052
448656105
448655578
448659550
448656095
448655985
448660073
450896555
450897374
450896542
450897446
450897321
450904377
450897380
450900845
448652063
448652062
450900514
450900455
448651613
448651629
448651928
448651930
450896890
450896855
448655093
448659086
448652021
450904838
450904856
448655181
448656017
450900491
450897278
450901376
448651929
448655570
450900452
448657437
450663773
450663443
450663383
448656894
448656898
448657037
448948234
448948214
448948715
450901739
450901786
448949106
450902750
450996478
450996418
450996458
449031389
448656506
448656510
450662862
450996026
448656461
450902297
450995901
448657338
450995498
450901770
448656513
449031294
450662853
448656814
448657370
450902261
450667244
448655657
448659623
448659618
448655698
450664628
450667242
450902627
450902578
448956130
450897082
448948979
448953482
448956054
450999881
450991931
449035250
450991922
450900989
448651710
450659351
450659246
448952146
450997262
450902562
449036651
450659324
450997238
448657274
448659586
448956053
448953485
448657014
450667607
450665094
448659665
448949012
448954341
450897422
450904422
448954209
450904982
451000245
449035653
450991976
451000238
450900467
448952621
448651745
450997250
450997601
450904823
448651976
448952891
448952885
450662886
450902205
450904821
448651748
449037104
448655534
449031762
448657281
448655574
450664997
448659882
450904953
450902338
450896506
450996334
449032316
449039289
449035353
450992326
450992285
449031332
449036625
450659289
448651626
450996773
448952654
450658901
449031872
449039786
448651926
448655130
450992093
451000253
449031344
450666857
448655625
448955746
448965923
448955358
448966006
448955349
448955443
448966315
449038918
449038905
449059511
449038390
449059709
449060023
448942545
448942110
449048157
449047571
449047758
448941970
449047583
449047745
448941981
449038522
448942242
449047858
448955225
449047835
449059595
449059578
448942241
448942519
449047595
448955433
449059985
448965775
449047590
448942126
449047857
448955753
448966301
449047699
449059758
450666439
450666046
450676761
450666165
450666210
450676987
450999119
450998853
451050898
451051550
451050959
450998757
451051882
451050895
450999074
450617590
450617193
451040027
450616706
451039542
450617145
450617186
451039938
450617334
451039739
451039675
451051514
450676070
450998706
450665543
451039075
451050938
450676670
450666114
450666458
451051902
448679866
448679817
448658189
448658699
448679553
450956783
450955942
450956614
450903718
450956517
450932195
450933021
450932590
450932489
450932522
450933059
450933101
448619493
450956255
448678894
450932791
448678910
448678951
450903542
448620199
450956339
448678934
450903089
448619513
448678939
450904010
448620213
448619947
448658662
448658486
450956513
450652751
450652703
450652702
448667946
450653218
448906518
450943979
450944589
448906427
448906422
450944582
450944070
451028146
451027226
449000543
449000006
448906325
448906386
451027715
448667018
449000226
449000057
450652334
450944006
448667370
449000590
451028142
450653182
451027665
450944373
450944542
450944585
450653015
448667695
448667693
448679423
448679477
448667687
450652949
450665902
450903683
448965342
448965359
450956446
448965295
450903626
450944634
449000374
450998587
449059046
449059075
448941635
449047130
451039414
449047133
448941569
449047134
450665846
450956418
449000318
450665850
448620019
450665906
448965389
451027830
448906553
450652843
450666413
448667431
448658178
448667958
450676713
450666414
450903767
448954821
450956462
450944567
448905954
448965823
449037977
451027193
448941623
448942058
451039055
451039970
448941935
450665495
448955131
450956294
450904025
450652994
450676490
450665913
448679286
448679610
450666065
448965345
450956610
448966274
449000362
450998589
451028155
450998189
448942066
451039978
449047694
448619538
450617537
450617369
450652351
450652303
449047850
448678906
448620114
449038598
451039997
450956334
451027579
450998141
448956790
448966187
448966158
448954171
448954123
448954126
448954151
449059847
449063468
449062150
449035949
449062087
449062127
449048002
449047997
449048951
448940789
448940816
448944740
449037295
448964538
448942391
449038735
448952828
449051551
449059856
448966122
448967179
448952826
449037305
449039921
448943432
448968557
449035966
449048947
449048923
449039910
450666343
450677959
450664890
450676868
450676855
450998986
451051762
451051688
451057559
450992210
451057562
450998954
450617459
451046938
451039898
451044299
451044294
450611930
450619786
451045706
450671363
450671267
451045662
450659558
450671311
451000122
451045687
451058867
450679183
450998958
451039879
450666250
450671360
450666290
448658588
448679681
448681930
448658564
448655830
448659773
450956746
450963848
450956642
450962455
450905090
448623911
450940019
450940112
450936146
448623842
450901111
450938758
448675289
448675387
448622582
448651871
448659710
448658527
448615949
450959887
450905105
450956741
450959852
450962494
450940051
450653094
448667840
448671371
448671368
450651558
448668742
450653086
448906782
448901194
450949258
450949331
448909154
449000504
451031126
451031168
451027966
448905137
451032458
450948034
448663409
449001326
449001402
450655422
450655424
448671330
449000502
448906733
450655490
450948010
448657170
448680605
450654143
450675319
448680634
448960642
450961130
448948847
448907742
450902450
449002691
450996154
449002687
449032046
450996170
451033793
451043015
449043602
450615914
450996161
449032003
449043635
450950609
448948826
448960579
450937433
450902434
450996150
450654146
450950573
448657146
448670084
450663545
450651527
450664830
450956696
448901203
448954079
450998927
449063372
449059805
451057535
451031153
449000462
450619823
448942328
451039838
450936101
448622543
448651842
448651838
449060729
448905158
451032476
450667466
449060732
448996110
448670072
448680668
448655850
450677921
450902470
450902444
450944863
450961136
450949255
450905034
449039942
449063438
448620282
450932938
448942330
449048894
451032478
450671357
450671261
448663459
448909099
448679646
448955733
448965899
448954163
448967587
448968642
448957038
449040200
449063456
449036239
449062355
449036105
449059749
449048015
448940825
448941056
449051663
448941057
448943567
449060813
449037035
449050341
449063538
449059613
448967063
449059615
448952840
449047603
449059890
448965893
448940925
450666335
450666451
450679628
450678306
450677947
450666057
450666450
451000399
451059611
451058421
450992348
450999470
451051629
450620099
451047023
451044378
450616688
451045086
450611948
451039086
450997763
450618911
450671443
451046538
450998699
450665527
451039742
450677383
451056967
450999998
451000005
451000266
450678705
451056836
448660043
448679733
448682455
448679588
448655949
448658465
450963854
450963374
450962539
450897311
450904436
450904437
448620329
450933095
448615977
450940409
448616318
450932165
450960475
448622133
448622786
448678922
450962851
450936716
448682851
450904833
450932971
450964697
450962853
448671896
450651773
448909376
448909377
450952814
448900665
448905971
450944850
450952686
449004404
451035141
451027208
451035842
448995689
448905546
451032945
449000966
451035578
448663842
449004141
449001500
450652329
450652850
448671890
450950177
450655334
448657159
448680741
448670179
450902323
450902325
448948874
450961799
448960725
449002733
449032283
451034659
451055510
451055513
449032277
450615741
448936866
449043659
451043375
448936698
449043875
448960457
448960459
448621466
451034394
450950657
451055385
450665923
450675534
450664589
448681003
450903656
450904967
450944707
450951362
450956459
450962982
450902582
448967983
450998561
450999871
449039270
449059088
450999866
448620056
449044001
449051135
450936582
450617078
450997235
450901001
451046006
450659310
450654410
448948985
451044691
450655605
448670445
448670576
450952819
448960988
448954394
449040062
451055780
450991953
451058285
448623894
451039085
451043504
448651878
451032499
448675854
450659441
449000971
450996044
450932826
450948727
449050598
448957042
448965872
448967358
448954149
449038880
449060036
449062618
449036143
449062541
449048134
449052113
449052089
448941090
449037166
449037285
448952575
449050517
449050481
448942270
448965728
449035879
448967106
448968390
448953091
449047592
449059460
449062101
448954243
450667533
450667795
450665122
450678222
451000270
451059610
450992157
451051630
450999487
451059542
450992229
450617481
451040024
451047862
450619254
451045130
450612210
451044890
450997497
450618954
450671350
451056177
451056890
450618030
450670794
450998684
450618786
450659647
451051498
451059346
451044998
450998804
450679578
450664797
448659813
448683298
448679288
448655587
448681953
448682489
448683797
450956780
450963382
450903140
448623909
450933094
448616417
448616369
450900847
450901113
450938757
450939182
448651615
450900811
450939578
448616194
450936718
450962882
448616153
450903452
450939686
448682897
450964250
448655179
450655521
450651550
448668862
450651894
450652700
448909398
450952778
450950222
448908586
448906689
449000481
451035153
451036070
448999712
449000540
450647950
448664021
450647406
451032453
448670974
448668293
448906376
448905042
451035890
448664009
450952370
450948398
451031145
450663802
448680609
450675390
448680917
450951326
448960110
448907274
448948183
450951278
449032017
451033737
449056073
451055810
451055570
449002313
450938378
449043214
450937802
450995983
448669661
448621361
451033785
450675618
448680257
450667234
450675558
448682069
450667219
450952558
448960858
450897046
448906556
450998552
449037956
451051366
449055845
451031786
449032123
448624013
448941536
450936650
450940574
450900991
450659314
449060429
450997171
448937106
450659323
448680965
450679050
448966650
448667829
450676976
450651525
450902335
448955529
450952634
448954339
451034462
450991531
448621373
448941932
450939302
450659815
451046090
448964370
449060861
450948518
449036971
450618762
450674766
450949706
450394559
450394401
450393235
450394292
450392951
450393091
450393105
450394390
450382664
450380022
450379883
450382232
450382269
450382626
450382270
450381347
450381082
450381343
450391918
450391619
450381042
450381307
450380961
450380925
450382378
450382376
450394136
450391758
450379735
450392794
450379734
450382639
450382511
450382400
450394151
450391890
450379998
450394243
450381210
450382245
450382642
450382389
450392793
450392934
450380924
450204454
450202891
450203026
450202991
450203133
450204441
450204451
450168826
450168704
450163545
450162898
450168152
450163535
450163408
450168166
450163484
450167507
450167242
450198537
450166816
450199159
450167447
450167443
450167363
450199042
450203816
450202495
450167315
450203780
450167314
450199052
450204272
450202480
450162859
450168136
450204340
450198993
450163543
450162823
450166784
450192585
450192440
450192455
450189558
450192202
450192416
450358787
450353637
450352979
450358235
450353476
450353612
450358845
450353505
450356231
450186645
450187240
450187246
450355564
450186911
450187314
450355864
450356144
450358523
450187186
450191908
450353194
450353166
450356072
450358451
450356140
450356130
450187172
450358204
450189750
450189753
450353193
450352930
450189904
450353502
450355568
450187137
450191015
450191011
450201826
450201441
450201522
450190965
450191262
450201439
450357559
450388612
450356899
450388936
450388977
450357580
450166197
450165786
450377327
450165491
450165490
450166120
450166126
450376722
450357155
450190546
450201178
450388876
450165863
450201138
450190542
450357287
450165765
450377123
450377119
450191205
450166156
450357544
450201166
450376966
450201400
450192335
450201682
450204030
450192287
450189692
450192306
450357464
450357430
450389123
450393827
450357388
450392551
450358612
450168394
450168392
450381940
450377195
450163162
450379379
450168364
450168368
450165994
450381942
450380663
450198748
450355939
450187006
450380694
450391207
450166028
450167095
450187031
450389099
450163127
450204007
450358614
450167084
450377239
450198778
450204431
450204429
450202749
450203106
450201547
450190857
450191250
450358883
450358747
450393887
450394348
450353596
450388988
450394220
450358221
450165774
450382600
450377368
450379962
450163508
450380685
450391444
450198489
450166806
450166807
450167104
450356107
450187148
450382343
450388856
450168427
450380684
450353598
450393162
450168127
450191264
450190990
450204430
450204318
450203142
450192175
450357465
450357320
450394396
450393873
450393220
450358222
450388940
450358581
450382624
450355977
450187282
450391257
450186871
450357152
450388880
450201154
450379702
450202458
450381172
450356131
450186631
450391492
450379996
450162858
457047203
457047212
457045739
457046001
457045903
457047188
457045760
457047211
457035478
457035455
457035453
457035476
457032786
457035035
457035071
457035298
457035330
457034123
457034122
457044270
457044273
457044455
457033723
457033759
457033878
457034002
457035212
457044534
457045642
457032523
457035164
457044550
457044535
457034132
457047177
457045987
457047042
457044571
457035319
457046913
457045998
457032415
456667042
456667184
456665865
456666898
456666911
456665589
456665876
456667162
456667063
456607798
456607775
456607665
456598943
456599782
456606874
456599648
456607703
456607658
456658259
456659174
456658915
456658315
456659234
456658339
456607499
456607496
456659120
456659114
456659133
456659252
456665781
456599594
456665647
456598916
456606321
456607771
456667190
456659180
456599875
456664857
456655306
456655187
456654918
456652535
456652532
456652497
456980025
456979906
456987008
456987854
456979905
456987862
456985318
456985314
456646370
456646461
456647003
456646906
456984374
456984827
456647001
456985136
456985182
456654298
456654362
456651698
456647218
456985130
456987909
456984899
456655088
456652578
456986987
456647370
456986985
456985316
456987954
456654382
456655298
456979545
456984392
456979617
456664114
456664146
456653603
456653591
456664123
456664125
456664522
456664159
457039426
457038494
457039078
457039399
457038511
456985677
456605147
457027557
457027550
456604134
456604890
456652978
456653030
456663587
457027242
456986147
456604886
456653894
456653639
456653059
457039391
457039382
457039118
457039125
456605155
456986598
457027459
456653546
456664118
456655028
456666752
456652414
456665483
456665459
456986480
456987655
457046435
457039268
456986402
456987599
457039270
457046335
456607350
457034554
457034456
456607307
456599458
457034550
456647099
457043742
456647130
456606074
457043743
456986459
457027391
457033208
457034510
456599442
456652310
457046383
456607375
456655010
457043792
457046334
456652382
456653711
456666786
456664134
456666788
456652401
456665831
456652242
456666787
456665564
456986347
457047261
457038491
457039286
456979761
457038487
456604737
457027526
457032342
456599462
457032611
457034984
457034538
456985279
457033797
456658967
456605498
456984357
456987524
457035115
456664406
457038486
457045674
456665690
456653974
456665470
456652543
456987943
457047194
456987031
457039269
457039400
457047182
456607618
456607650
457034457
457035062
456647133
457034062
456659274
456659178
457033754
456985219
456985159
456986218
456652976
456666226
456599514
456987463
457035434
457043769
456599838
456857266
456857120
456855921
456855680
456857131
456821627
456815697
456820907
456820976
456820965
456815673
456816334
456821488
456851998
456851339
456819640
456851995
456819621
456821374
456856595
456856588
456855256
456855272
456856579
456821296
456856543
456821344
456820293
456821599
456851315
456816323
456851707
456856939
456816320
456856941
456821623
456851854
456856545
456857074
456816093
456857008
456851300
450014372
450014099
450014121
450014120
450014097
450012812
449954999
449946057
449953979
449946842
449946850
449953976
449954900
449954990
449953375
450005554
450005541
449952650
449953579
449952753
450013451
450012155
449946787
449953451
449946790
449953502
449953535
449953388
450012719
449946911
449954035
449954037
449954733
449954995
450014378
450006249
450012718
449953316
449978732
449978734
449973472
449978026
449973272
449978687
449972804
456789957
456789803
456796850
456789009
456796857
456791920
449970839
449969914
449969913
449970074
456791602
449969836
449970704
449977826
456797210
449970604
449969882
449977820
456789885
456788954
456789755
449973398
449970176
449973266
456789928
449972529
449977403
450009119
450008385
449976742
450008416
450008455
456849262
456849055
456848990
456849086
456795619
456848335
449949705
449949052
456813706
456812962
449949623
449948961
449949050
449949455
449949383
456813418
456848620
456813448
450008119
449949374
449949441
456813439
449977334
456849285
449976674
449976679
456813436
449949453
449949381
449977154
456848428
456848416
456849022
450008414
449978458
450013712
449973172
450012388
449973212
449978422
456849202
456856258
456789695
456854990
456849187
456796328
456813482
449946418
449946338
449954240
456813580
449949490
449952943
456819290
449970479
449970478
456851003
449949548
456813551
456813542
450005795
450013639
456796384
449977298
456851050
449978479
450013720
450014193
449972783
449972776
450013004
450014191
456849326
456849071
456795607
449949568
456820703
456820694
449948762
449948764
449970801
456819383
449970794
450005483
450005798
450006403
449949428
456821270
449977796
450006268
456856523
449946736
449954654
449949429
449953340
450006273
456789784
449977269
450009116
450014368
450014062
449978071
450012928
456796270
456856329
456789657
456855650
456857006
456855662
449954926
456813561
456821410
449954044
456820946
449970477
450005806
456791575
449952652
450005512
456797143
456820154
450008096
456816014
449978659
456849284
456816074
456845252
456842349
456842578
456845351
456842756
457006360
457010984
457006293
457010985
457011514
457009067
457008635
456839386
456839440
456839670
457008611
456839409
457008417
457011298
457008868
456839910
457011534
457011668
456840092
456839435
456839968
457006029
457005724
456839694
456844924
456839970
457009048
457008921
456839974
456840044
457006422
456842596
457008873
450002386
450002374
449999720
449999742
450002121
450326218
450327218
450334139
450334136
450326290
450332519
450332466
449993674
449994494
450331499
449993627
450331578
450332510
450332026
450334714
449994464
450326819
450326814
449998922
450332354
449994455
449994452
450326826
449998934
449999648
449999780
450002025
449994454
449999822
450334230
450002114
450001545
450326286
456631535
456626147
456626144
456630892
456626074
456631552
450145065
450145064
450136226
450136928
450144981
450136202
450136232
450139786
450139780
456623627
456622876
456622967
450139642
456623411
450136427
456625346
456625274
456623428
450144404
456623495
450137080
456626183
456626176
456623608
450139646
450139124
456630561
449996567
449996843
456628845
456628912
449996562
456837477
456836555
450141418
450141458
456837429
450142334
456837474
450329147
457003703
450329121
457003137
457002868
457002856
450141774
457003394
456836818
449996210
456836738
449996266
450142367
450329164
456628821
457003086
457003082
456837009
449996478
450329470
456837406
456837010
456628202
456627921
456628734
450001856
456625804
456628715
449997052
456625858
456837250
450142202
450136760
450326483
457005412
450326552
450329642
450326554
450331859
450139348
456839098
449993930
450139306
450334446
456839168
450326531
457005464
450329690
450142234
450334422
457003638
450136660
456625850
456631146
456631379
449997213
449996548
456626097
450002442
456631372
450144668
456837452
456845162
456842262
450136977
456842529
450334480
450334955
457010783
450326558
450328922
450327164
457010961
456840014
449994522
450332438
457003379
456836786
457005942
456627964
450139748
457002846
456842260
449999666
456628785
449996554
449997033
449999692
456628448
450144657
456845390
456837380
450136761
450137154
450144054
456837428
456842726
450334425
450326308
450334132
450326553
457011506
450332116
450331809
456839450
456839438
457008322
457008914
456836720
457005962
449999776
449994172
457006250
456843801
456854639
456843647
456854326
456843667
456854373
456843810
456854325
457010397
457042067
457042006
457009660
457010116
456818998
457029526
456818334
457030151
456818548
457030122
456843418
456843376
456843366
456843378
456818959
456844007
457041364
456843609
456818995
457009953
456818947
457029922
457030123
456843676
450000923
450001195
450011350
450011723
450000765
450386541
450386618
450386362
449951962
449951946
450373738
449951339
450374262
450374349
449952054
450374494
450374395
450386138
450386234
450010795
450010831
449951923
450000263
450374474
450011265
450011658
450000707
449952343
450333393
450000262
450000914
450374311
450000706
450386358
449951419
456661258
456629506
456661636
456629577
456661222
450143745
450196547
450142790
450143390
450196522
450160186
456601583
450160185
450159892
450143099
450160651
450195827
456660986
450195856
456602481
450143083
450196487
456661823
450196478
450142759
456601855
450143716
450160819
456660982
456661238
450142762
456629534
449975718
449975459
456649566
456649331
449975409
456795189
450183741
450184282
450184626
450350978
450350260
450350258
450350001
456981657
456981922
456982276
449975090
450183947
450350531
456794476
449975122
450350586
450350018
456649283
450184204
449975176
456795232
456982014
450350070
450183921
456649735
450000532
456661451
456661480
450000490
450143310
450184370
450196106
450184366
456982336
450350726
457041076
457041115
450385942
457009432
456602068
450160523
456817998
457029174
450350687
449975759
449975754
456843074
456853639
450333122
456794932
456818038
449975798
450000494
457041150
450196060
456629923
456650003
450001120
450000861
456661869
450011080
456629531
450184401
456854543
456853698
450196242
456982636
457009461
450386296
457009456
449952282
456818894
457030101
450374078
456602200
450350563
450350558
457029835
456843316
450183974
450000198
456818059
449975834
450350298
450011414
450142780
450001180
450000760
450011061
450143742
456854618
456854186
450184246
456854594
450142818
450333166
457042058
457041322
457009401
450374049
449951601
457029482
450143022
450183943
456853970
450333340
456629874
450183679
456661425
450195558
456843920
456845134
456854466
456854503
457011455
457011452
457045343
457011379
457006150
457006100
456821216
457032178
457034771
457030038
457032154
457008775
457043986
456851562
457044055
456819868
456819894
456839827
457041894
457045324
456851575
456855488
456821239
456856876
457006126
457032127
457044020
457011378
450002251
449999591
450012656
450013963
449999576
450013966
450333707
450326870
449952200
449954554
449946650
450381654
450332219
450332218
450390955
450380383
449952188
449953255
450374582
450006054
450379074
449946638
450013903
450333702
450000970
450011594
450393606
449994284
450379087
450381703
456630071
456666464
456665140
456625943
456625942
456661711
450144814
450144790
450203528
450202231
450144770
456602384
456607139
456607114
450167882
450162626
450162628
456607043
450139495
456605746
450139528
456623339
450166558
456602344
456631196
450203483
456625910
450162592
450162596
450160783
450196396
450203452
456665138
456599191
449978339
449975982
449975912
449978286
456797478
456797458
450191651
450189035
450191627
450191624
456987272
456987296
450350843
456982444
456982538
456982466
456984611
456792130
449970390
450355250
450186338
450355252
456795035
456649808
450352660
456797402
456982498
449972986
449970368
450350790
456795004
456663846
450008644
449976966
449976967
456628612
450142174
450190319
450200910
456848922
450329614
457038676
450329515
457003432
456604427
456604450
456813275
450165266
456813226
450376370
456604398
450165230
450388300
456628646
456813223
449976962
456631243
456663868
449973044
456795066
456854402
456856784
456985955
457011359
457003502
450386431
449954531
450381680
449946604
456604466
457034718
450139482
450166547
450380356
457043959
450142144
456985950
450160735
456845032
450393558
449973038
456628616
449977018
449973046
456665214
456649855
456796112
450196422
450200816
450196326
456855466
450190304
450333634
457006078
456602358
456604474
456821210
457034738
457030010
456984583
450198198
456984559
449952184
450379072
456843933
456845363
456854613
456857227
456845226
457011680
457041935
457047155
457045365
457005741
457041787
457047016
456821454
457030053
457035272
456815651
457008799
457044642
457033687
456851947
457008796
457011282
456816047
457041655
457009972
457011280
457011678
456845356
456839420
457046889
456816175
456854344
450001171
449999841
449999711
450011466
450334989
450335120
450394460
450332891
450334199
450335114
449954816
450373802
449946102
450374336
450382178
450332238
450381263
450390983
449994165
449953262
449954684
450001556
450386214
449946763
449953268
450334878
450374469
450002234
450379099
450011462
456630215
456661888
456630088
450136879
450202795
450202922
450144902
456601832
450160773
450160228
450160233
450162620
456601826
450139103
456606141
456658600
456658939
456666196
450139622
456629284
456630592
450145036
456661766
456606799
456650015
456652206
449973424
456652475
449973068
456797831
456795210
456982652
450350846
450352701
450352696
456979835
450355787
456646725
450186554
450186820
456791625
456982254
450356048
450187084
456651676
456985106
456797169
450356049
449978342
456647324
456649089
456789544
456628483
456663882
449976724
456664218
456848942
456795583
456795585
456986299
457002839
457039094
450329834
450357496
450165698
449948742
456604158
457003367
450165837
456836512
450389178
456663561
450376903
449997067
456664348
456652336
450000510
456666727
450191042
456853691
456856304
456849175
450201607
450191046
457009442
450353272
456986426
449949536
456820658
450381920
457034478
450331818
457008115
456647063
450391156
456851023
450331814
450334458
450374071
450380600
456854980
456629946
449996960
449999704
456797565
450203538
450201344
456842582
450358557
450394324
456607590
456813308
456821450
450374332
457029770
456623205
450167025
450380992
457044242
456658938
449953492
456813404
456821318
457027220
456856833
456854350
456855537
456845347
457010241
457045305
457006291
456821610
457034806
457032436
457035028
457029488
457033486
456839422
456839719
456819642
457033744
456821326
457033996
456856590
457032532
456821298
456818720
457033864
457032556
456855489
450001065
450012810
450000800
450002086
450012786
450334857
450393622
450326949
450393206
449952344
450382514
450379942
449946054
450379898
449951420
450382622
449994595
450380433
450005506
449994151
449994547
449953314
450374396
450010810
450010784
450392798
450006306
449952080
450380409
450373796
450394238
456630200
456661184
456626002
456665217
456665193
456665848
450196534
450137143
450202197
450196292
450203018
450160689
456598852
450160244
456623635
456623539
456623563
450139639
456606340
450168478
456660992
456666244
456599542
456630009
456630140
450136483
456664936
456625519
449978754
456654657
456649376
449973009
456652540
456789465
450184258
450184184
450184497
456982604
450350060
456979966
456979084
456984646
449970790
449969910
450186578
449970762
450350552
450184016
450187090
450183968
450356126
450357945
456655084
449972985
449972718
450192122
456628882
449977434
449996901
456664552
450008649
449976774
449996527
450191234
456848950
456848418
450201478
450201518
457003522
450357314
457039366
457039336
450166190
449948694
456604822
450377054
456663562
456663592
449949285
449949678
456813438
450388958
450008938
456666772
456665440
450013698
450142270
456843152
450329710
456986464
457010767
450358622
457045072
450389102
449954262
456604972
456792286
456839191
456796350
457008127
450381974
450196088
450198770
450326527
450202682
450002311
449999203
456857046
450189914
456849066
450329851
457003509
457046416
457045281
456820698
450373760
456606424
450380361
450198482
456982244
449970666
457041584
456666220
450299372
450297922
450298043
450297910
450299359
450299229
450275745
450275615
450271799
450271601
450271661
450275217
450271247
450271208
450274171
450274161
450295557
450295013
450295255
450273851
450295229
450294995
450273873
450275491
450298925
450295366
450297631
450271511
450295385
450297646
450274277
450275479
450275588
450275589
450299457
450298004
450275189
450295531
450274281
450275457
450295556
450299513
450299326
450271255
450299213
450297905
450869626
450869601
450868138
450868423
450869456
450869480
450834092
450834116
450828825
450828172
450833428
450828815
450834046
450834088
450832499
450864472
450864215
450864203
450832463
450832627
450828547
450833780
450832636
450834083
450869080
450869552
450868367
450868365
450869083
450833842
450869620
450828501
450833422
450845999
450842021
450845444
450845933
450845807
450845936
450842014
450258587
450263194
450258572
450263668
450263860
450263716
450259391
450840131
450840130
450259245
450840178
450259185
450263350
450263285
450845315
450258065
450258041
450259708
450845278
450259773
450263339
450845924
450841833
450263812
450259376
450840585
450840166
450840656
450844666
450865209
450865471
450865493
450844619
450865762
450865735
450262547
450293506
450293565
450261899
450294199
450293956
450293575
450270466
450829439
450269944
450830087
450830085
450829553
450830092
450829859
450843982
450270172
450293705
450293638
450270148
450843958
450262235
450262233
450844339
450293517
450269908
450270197
450293515
450294233
450865198
450829423
450844132
450844510
450865666
450869201
450869228
450867911
450867874
450865631
450867884
450869227
450262427
450294083
450294082
450258295
450258256
450294068
450830000
450270344
450271066
450275032
450275069
450273743
450294892
450840391
450273719
450840449
450294895
450844472
450298793
450841699
450258272
450829984
450259652
450262385
450275062
450294101
450867844
450828283
450869188
450845827
450865652
450869699
450841997
450845432
450263603
450293552
450299313
450258561
450257896
450297995
450833925
450269788
450271725
450828112
450271196
450275549
450840439
450840023
450840151
450295216
450864153
450259636
450843991
450270184
450864280
450867713
450270185
450297596
450869035
450259749
450833923
450270331
450840020
450869037
450845962
450844640
450845443
450841749
450844616
450262544
450257935
450258571
450298821
450829965
450271126
450828761
450828629
450828689
450259915
450259354
450274420
450863949
450295486
450273904
450274372
450840559
450298960
450271492
450867773
450293672
450832245
450275476
456952187
456950962
456950697
456950839
456950971
456950865
456950696
456928534
456924065
456924053
456927970
456924596
456948347
456948353
456927173
456948093
456926698
456947815
456927106
456927103
456948164
456948221
456950429
456951755
456950468
456951754
456948335
456948209
456950675
456924317
456924431
456948069
456951993
456928390
456947768
456950981
456927967
458662895
458662894
458661717
458661548
458661692
458603505
458594699
458594774
458594793
458595563
458602706
458602682
458602690
458603410
458603486
458602318
458602019
458602053
458654183
458654851
458601395
458654839
458654150
458602010
458660759
458662075
458660767
458660792
458660756
458603601
458602031
458662934
458662811
458595441
458603602
458603611
458662942
458655020
458595583
458601380
458639122
458635306
458638724
458635173
458639087
458635174
458639129
456892904
456883978
456884903
456892821
456884846
456884865
456892754
456888945
456888419
458631358
458631338
458630726
458630366
456888422
456888824
456892391
456888764
458638250
456884447
458631197
456892382
456892853
456892856
458639042
456884939
456884937
456888944
456892858
458635222
458630806
458637957
458659013
458658802
458637689
456891585
456891595
456944294
456944098
456944359
456891239
456891590
458599145
456919702
458598659
456920014
456919655
456919653
458599670
456891070
458637031
458658149
456943829
458636971
456920363
458637861
456943857
456944071
458599634
458637857
456920277
458659010
458658718
458637410
458638988
458662451
458638949
458638954
458661152
456892655
456892630
456950038
456892550
456892556
456892558
458603108
456927626
458595190
456923675
458595161
456923642
458603009
458599450
458599478
458630995
456947333
458601686
458654527
456926254
456891401
456947408
456884672
456892649
456927607
456951293
456884693
458661146
458637812
458659053
458662844
458635277
458635280
456892883
456892747
456950903
456950635
456884720
458599127
458603445
456928328
458595173
458594735
458602646
456920085
456920609
456923972
456888923
456926299
456947733
456887995
458630786
456948259
456888787
456920342
458660729
458603306
456888392
458658129
458659046
456950633
458595523
458635142
458637670
458662509
458658548
456892771
456951297
456883975
456891991
456891500
456950702
458603477
458599616
456927622
458602709
456920445
458603537
456888657
456888895
456947810
458654837
458601693
456891008
456927074
458654981
456950374
456892723
456920600
456926289
456952250
458595545
448873787
448873892
448872334
448872463
448873643
448873880
448873642
448838123
448838253
448832266
448832927
448837600
448838074
448832793
448836958
448836945
448867900
448868338
448836263
448836283
448836297
448836652
448868563
448837979
448873252
448873232
448871939
448868470
448871936
448873245
448868488
448836275
448837583
448868349
448872524
448873912
448873888
448871865
448868350
448832791
448871913
457997468
457996267
457996269
457996400
457938224
457930211
457930414
457938326
457988810
457936015
457989801
457936670
457989802
457989537
457936868
457989683
457930175
457995514
457995470
457995416
457989692
457996823
457995494
457989551
457989547
457989691
457997397
457989705
457929478
457929499
457996154
457961973
457956167
457961458
457961380
457956836
448814519
448814372
448805663
448806442
448814282
448814510
448809237
457954186
457953266
457953467
448808217
448809104
448813859
448813852
448805866
448805834
448805915
457961114
457961188
448814440
448814444
457961174
457956741
448806386
448813521
448808576
457962022
448805656
448806436
457953524
457960759
457960795
457991819
457991817
457992436
457991803
448865990
448865698
448865963
448865899
457933079
457933006
448830358
448829433
457932052
448829363
448829678
457932998
457959830
448865243
448830016
457991551
448830314
448864996
448865001
457932112
457991719
457960702
448865992
457992470
448812832
457961830
457997020
457992311
457997059
448813066
448813063
448872896
448806326
448871651
448871642
448806332
448814158
457937668
457937624
457929746
448830154
448835939
457953835
457989082
457989136
448835963
448867639
457936351
457961755
457992251
457992248
457996996
457956476
448812986
448837312
448814248
457936340
448830127
457992250
457995770
448871644
457960509
457956560
457961836
448813052
448871661
448805630
448872368
448865971
457938285
448830326
448832243
448830328
448809203
457953923
448868543
457936036
448836194
448868539
448812512
457959848
457961159
457955870
457955876
448813048
448868409
448829671
457960796
457992454
457996366
457961443
448813041
448812920
448812236
448812836
457932404
448838258
448832834
457938256
448867898
448868366
448836202
457989472
448865240
457937008
448808551
448836009
457992380
448850026
448846193
448846007
448846184
448850098
456911397
456910726
456911240
456915995
456916007
456910713
456916528
448844865
448844218
448844800
448844285
448844337
448844158
456916088
448849427
448849468
456910811
456910804
456916073
456910846
456916613
456912689
448844853
448845988
448845524
456910676
456916661
448849425
448849954
456910661
448846000
448849437
457970037
457969977
457973447
457973804
457969486
450240107
450232101
450232102
450239171
450232034
450232052
450232041
450239182
450235570
450236099
457965134
450235226
457965455
450236054
457965453
457973042
450231665
457969055
450231574
457965884
457969085
457973061
450232130
457969808
450235616
457966076
457973978
457973049
457973402
458622119
458621385
458621914
458626664
458621432
458622094
450810214
450802430
450802304
450802298
450802295
450809420
450805072
458618534
450804083
458618474
458626474
450801700
450801698
450801748
458621162
458626400
458621192
450805055
450802360
450802358
458626643
458622020
450810328
458627246
450801777
450801681
450809332
458623373
458622898
457967986
457968191
458622701
450806381
448841218
450806303
448841309
456908654
456907822
456908003
450233812
456907762
450805738
450234233
450234304
457967795
457967728
450806327
450805792
450234117
458622806
448841567
448842158
458622496
450805718
450234778
456908169
458623418
458622842
450233813
450805468
450234737
458623282
457973312
457968508
457969313
457969373
457968527
457969354
450809801
448845269
448842047
450806234
456915656
456910379
456910378
456910450
450234626
456911795
448843874
450235403
456911717
450239392
450235469
456915686
448843924
458621489
458623204
450804488
448842076
448843892
458626673
457973396
450810299
448849931
448842086
448845257
448845572
456907811
456910634
450231201
456911164
456911169
450236081
458618489
457965083
450235157
458618932
456916055
458622485
450231599
456908200
450809637
456916445
457973786
458623245
457968034
457970032
448842224
448845262
450802289
448841252
456908601
456910462
456910730
456911366
450236140
450235564
450235437
456912650
448843857
458618813
450239524
448841554
457973044
458621134
458623340
457965928
448844726
448846118
458618789
457969804
448848801
448869958
448869429
448869694
448869681
448869917
448848557
456946307
456946771
456946759
456914687
456947035
456914625
456915316
448834257
448834258
456923277
456923205
456922678
456922559
448833772
448833989
448834049
456922939
456946433
456946504
448833988
456923239
456922996
448869357
448833623
456915341
448833993
448848556
456922675
456946697
456946473
457972643
457993211
457993498
457993519
457993229
450238531
450291503
450290577
450238435
450291554
457933853
450266810
450266903
450267305
457933414
457933454
450238210
457971655
457992874
457992815
457992835
457934038
450238253
450266870
457993701
450238730
450238781
457933867
457972670
458625779
458657680
458657483
458625741
458657482
458657743
458625808
450860901
450861571
450808010
450860877
450808942
450808730
458598347
450826127
450825465
458598338
458597602
450825172
450825895
458625119
450861107
450825892
458598086
450826161
458625134
450860843
450825496
458625316
450809032
458597662
458625718
458656737
458657678
450861141
450808096
457957569
458633337
458633410
458633392
458633272
457958152
458633321
448810019
450837154
450837446
448809935
448809929
450837053
450255035
456886706
456887534
450255430
457957169
450837316
448809797
450837341
456887042
448809880
450255893
458633901
448809950
456887098
450255898
457957430
457957834
458633656
457971943
457993073
458657152
457993102
457972013
448847914
448869035
448868933
450861271
448810190
450837773
450861211
450255686
456946079
456887330
458597764
450825605
456922282
450267098
458597728
458597734
458597788
448833350
448847843
456946055
448868956
457933694
450255634
448869028
457972605
457993193
457972075
458633957
450838043
448869021
448848209
450290920
456946276
450291263
450237794
450255916
458598293
458598290
456922517
456887071
458625095
450255386
457992803
457934323
450291521
458657210
450837508
457958095
457972006
458625377
457972348
450837151
450860873
456886963
456915314
450290602
456946678
456914618
456914678
456886879
450825669
450267766
450266812
456922670
458597733
448809895
450238264
450825929
448834046
450267472
456914373
458656817
456946310
448848706
448845935
448872067
448845872
456915199
456946900
456950336
456951655
456927827
456927868
448832404
448837673
456923936
456912415
448836365
448868050
456947626
456947656
456926537
456912427
448844588
456923107
448849823
456947669
456911075
456950276
456916409
448834123
448848634
456926504
456911057
457972520
457993607
457969751
457972486
457972505
450231830
450231838
450231908
450239755
450291422
450231910
450239822
457934243
457929905
450270770
450270848
457929878
450235858
450235835
457989242
450294595
450273449
450273473
457972447
457995809
450270836
457934230
457937767
450273512
450294536
450270838
458657627
458662378
458621848
458625871
458661020
450808882
450810091
450867515
450861671
450868790
450808810
458598200
458598196
458594980
450825995
458602876
458594984
458598218
450804742
458619215
458619170
450863476
458654419
458619134
458654383
450831832
458619187
458657522
450868763
450802096
458598190
450802132
458598127
458638619
457956233
457957952
458638558
450837946
450837938
448806071
450845009
450837878
450845069
456887483
450262930
456884236
456884242
450255748
450257600
448808651
450258893
458630632
450839726
458630621
456887444
457961486
457956215
448813960
457953668
448805998
458634578
457956278
456888200
457960271
458637298
457968389
458623099
457960204
448841966
448865462
448841915
450234574
450261595
450234472
456943735
456890842
456890894
450269495
456919910
448829824
458598983
458623079
448841896
448865390
456890933
448829794
458623130
457932451
458625883
457997159
457995833
448810387
448869728
450868775
456887464
456916316
456951554
450297194
457932520
450826001
450267626
450274757
458601599
458619146
448868008
457989235
450262913
457961546
450269527
458627093
458637274
450837943
450864812
450802145
448845902
450261610
450231928
450297202
456943700
456915146
456927890
448832390
448808674
458619209
450863494
450294532
450273448
456892195
458657525
458634559
448850119
448869929
456915332
456915071
456915331
456911356
456950792
456910700
448833761
456927885
456922727
456923924
456912439
448868579
448868092
448868311
456948021
448836761
456912545
456928219
448868447
456948149
456924256
456924257
448834024
456915209
448869808
456910833
456924523
456950397
457995897
457973431
457969760
457996112
450238651
450231239
450297259
450231914
450237851
450299150
450291302
450299157
450231236
457938164
450271169
457929890
450267281
450271571
450274817
450235589
457936495
450273503
450295457
457936046
450294931
457971728
457930115
450231626
450235989
450240077
450266887
450294620
457929451
458626053
458661045
458621836
458661044
450810191
450808749
450802161
450802394
450833889
450827896
450828611
450833360
458598326
458594720
450832694
450832439
458654779
450808348
458662036
450801739
450867679
450861151
450826051
450861153
458662358
450809392
457962056
458633445
448813979
448805609
448805613
450845372
456892847
450263774
450263780
456884327
450257841
450258496
450263114
450259295
450259156
456888350
456892312
450255404
450263246
457955848
456887078
450263248
456892241
458638598
450845764
458623163
457968681
458659007
457992415
450806121
448865930
448812211
456907799
456907790
450293294
456944061
450234134
458599600
458599079
448830297
450829223
456920033
456920030
457932749
456920294
448865279
457991488
457960466
450270117
450844312
456943721
457968548
458637748
457968544
458658872
457997033
458661115
450808481
450808483
450844448
448871611
448812998
456887347
456946091
456944191
458603039
450829931
450267148
456922322
450828206
450804508
456947354
450840353
456926240
450231497
458626833
458637284
457993240
458661641
458626697
450867497
448872050
450861545
448812212
450299416
450269720
450833357
457954135
448835973
450273496
458654777
450270116
448848146
458638279
450861149
450293612
450257971
450297568
448873901
448849594
456916543
456952300
456952114
456946304
456911383
456915153
456915020
448837738
456928552
448833634
448844602
448844803
456947697
448844335
448838009
456923012
456948196
448873253
448848116
448849435
448838105
456923000
456926553
448869884
457997597
457970002
457993496
450238774
450291441
450297970
450231909
450239179
457938353
457938166
450275750
457929813
457937333
457933772
457936997
450273417
450274154
457989249
450235198
450236059
457934132
450238246
457965919
457971730
450236131
450275714
457992860
457929873
458657744
458661436
458661424
450810343
450868833
450867502
450868274
450867489
450833978
458595646
458597336
450834038
458594764
450804343
458619177
458654188
458654176
458654782
450864134
458618803
458598092
450809695
450832658
458656832
458598189
450828662
458634784
457961909
448806406
450841838
448810460
448814285
450263782
456884265
450263122
450255753
450254960
458630428
458630416
456887012
456887096
457953645
450258050
450841826
458622907
458658406
458658808
458623363
457960721
448842202
450844582
450865202
448812269
450262538
456890602
456907999
457933061
456920038
457932077
457932977
450269750
448812497
450829826
458636992
450293630
456908155
450262226
448841901
450844598
458658976
457968511
457992317
457997038
458638948
450837776
448849207
450865570
456914396
456951292
450263534
457933736
450833494
456920434
458595124
457929677
456920440
448808969
457965343
450273698
457989118
450294890
457953857
457937657
457965391
458631064
457971920
457973661
457997157
448813953
450841466
450239443
456892744
456915739
456952084
450263174
457938281
450825656
450829598
450267236
448809197
458602252
448836333
458630788
450832070
456912487
458625092
457955873
450287626
450287615
450287613
450284951
450284814
450287192
450287230
450284600
450287502
450366297
450366821
450366683
450370270
450366812
450370793
450366286
450367714
450283145
450283149
450283235
450367577
450283098
450287050
450287081
450284471
450366389
450287060
450284468
450287046
450370746
450287573
450366431
450284453
450367604
450283650
450368129
450287237
450283268
450370341
450366282
450855239
450854826
450854793
450855104
450855105
451024043
451024052
451018907
451023532
451018775
451018232
451018894
451018761
451021149
450851938
450852124
451020850
450852546
450852184
451021090
451021426
451023755
450852394
451018523
451018518
450854552
451023796
451021413
451021530
450857807
450855032
450855030
451024144
451024038
450857674
450852152
451018230
450854812
450176171
450176213
450180166
450176735
450180526
450929015
450923212
450923807
450923853
450923194
450928996
450175438
450174905
450174892
450175433
450928631
450175282
450176033
450923272
450923278
450928559
450924989
450180045
450175288
450176685
450923681
450923680
450923336
450924668
450180646
450176752
450923801
450174836
450180652
450178077
450853331
450853330
450177617
450853341
450853870
450853326
450177665
450925847
450926512
451020179
450365506
450364917
451019794
450925991
450177418
450853186
450281753
450177353
450925924
451019831
450926061
450177400
450177402
451019531
451019525
450925978
451019706
450853900
450281693
450364974
450177896
450853727
450853724
450176298
450180262
450928714
450286900
450284332
450286926
450284310
450286902
451020041
450370064
450366179
450365381
451020076
450924755
450367427
450174988
451020959
450924776
450926321
450928700
450180251
450176284
450923416
450857274
450926326
451020980
450174968
450286901
451018342
450365322
450928685
450177930
450176711
450176181
450855044
450180305
450284920
450923696
450284324
451023657
450370593
450366760
450366237
450366761
450364964
450852052
450367554
450175385
450177388
450180008
451018463
450176046
450854513
450854516
451023741
451024002
450857157
450176344
450180273
450853328
450176182
450177526
450857693
450926468
450282153
450923874
450284337
450284596
450923698
450364856
451018901
450366304
451018889
450366808
450367486
450367449
450174846
450283624
450925038
450365120
451018462
450176094
450924777
450175290
450176682
450281900
456940305
456940436
456937782
456939994
456937641
457023586
457023467
457019111
457019501
457019492
457023405
457020959
456935938
457020426
456936426
457023150
457023176
457020798
456936323
456939910
456937223
456936293
457019218
457023189
456936449
456937259
456936059
456937602
457023462
456939909
456940433
456935948
456937637
456939861
458650979
458651110
458648072
458983653
458974941
458982875
458982866
458983790
458975649
458980715
458643218
458642838
458642742
458642746
458642831
458642822
458980137
458980706
458981003
458983374
458650138
458643008
458647594
458975378
458975450
458650186
458983386
458983617
458651061
458651060
458647583
458980202
458650662
458981156
458983401
458650233
458974938
458980220
458651102
456643415
456643414
456639418
456638889
456639321
456643421
458888758
458879819
458880602
458888528
458879912
458888726
458884258
456635519
456634990
456634979
458883873
456634589
458884640
458888165
456642418
456638450
458880278
458888134
456635495
456643334
456638537
458880647
458883849
456643205
458884605
456635494
456638457
458887805
456640402
458647187
456640218
456640733
458647182
458646741
458886117
458885706
458885094
458886022
458979293
457015670
457015613
458979215
457015130
457014694
458979390
456639770
456931931
456931982
458885489
456931926
458886057
458979425
458646566
456640170
457015101
456640173
458886065
456639862
456932417
456640202
457015614
456640618
458647926
458647967
456642977
458647928
458650626
458885986
458885960
458885934
456932387
456932291
458885978
456939510
457022570
457018619
458975327
457022669
458980570
458980577
458980535
458983218
457015499
456939446
456638981
458983214
458979678
458983222
458888333
457020032
456642986
457019984
458647982
456639050
456939461
456643259
458647173
456638903
456638897
458648324
456639068
458650614
458646642
458885973
458885694
456940208
458879867
456937571
458885966
458888570
458983601
458978891
458983730
458980698
456634538
457020018
456935541
458642246
456634541
458885561
458880258
457019138
458888345
458884220
456643382
458642696
458885165
456643390
456640388
458647136
456639474
456940286
456937702
456937658
458880606
458880810
457015664
457015449
457019014
457019438
458884222
458642698
458642837
458883774
456936062
456635382
457020770
456936250
458647541
458884377
457015497
458648417
458646704
458648285
448859385
448859002
448861618
448858979
449028214
449023005
449023072
449022920
449027687
449025318
449025006
448856290
448856349
449025647
448856361
448861355
448858684
448858708
449022680
449025695
449022666
448859325
449022371
448856332
449028354
449025308
449022670
448856338
448856708
448859248
457985733
457985854
457983058
457985432
457983213
457985468
457985718
458310587
458310371
458317592
458309648
458318282
458318289
458317569
458315481
457977033
458314898
458314941
457977954
457977858
457977826
458310203
458310198
457984904
458318334
457985783
458310551
458310542
458314926
458318102
458315480
458310582
457977512
457985386
457977548
448642252
448642846
448642762
448647539
448642184
448648168
458120518
458120414
458120422
458120504
458122485
448639259
448639342
448640258
458122137
458122948
448640114
448641916
448641922
458122922
458123132
448642163
448642156
458127758
458128300
448642778
458120284
458123060
448645557
448645150
457979866
457980150
457980196
448645084
457979889
458125403
448854022
448853670
458124866
448853094
458313239
449019514
449019503
458312315
458312212
458313134
449019443
458125060
448644634
449019938
448853382
458312762
458125326
458125329
449019467
457979654
448853121
458312522
458312530
458125384
448645550
448853457
457980518
457979625
448647750
448647800
457982579
448645354
457985190
458125664
448853960
458120099
458120098
449027435
458309836
449020232
449027354
458309936
448639782
448855826
448855758
458313059
458317804
448645328
448861043
457977266
449022098
449027380
458122688
448639784
457977200
458309934
458309838
448645412
448648146
448642869
457982771
457985404
457980177
457985202
458127458
458128382
449019482
449019755
458315205
448856262
448639562
457977282
449024776
448640099
449027864
457979644
458119804
448641944
449027860
458318049
458315408
448861281
448861936
449022846
457985402
448648018
448645377
457980524
457982788
458128030
458128302
458128290
448858377
448859170
458313236
449019490
449022322
458312216
458317588
458315410
448639785
448640178
457977225
448639570
457977544
449025242
458318116
448861370
458315193
457977004
458120442
456833362
456829497
456832928
456829001
448933304
448927365
448932586
448932633
448929359
448928817
448928699
456827632
448928687
456827513
456827709
456827501
456832858
456832834
456828820
448932716
448929220
448928807
456828093
456833447
448927977
456828953
448932592
456832841
448933181
448927318
456829396
448929284
448932717
449990627
449990494
449986652
449990085
458215426
458222528
458223383
458223338
458218991
449981690
449982125
458219498
449981693
458219327
449989691
449982554
449985754
458219291
458219369
449985743
449986049
449986442
449990012
449986449
458223278
458222889
458215553
449985753
458215457
449989653
450644014
450638080
450638626
450643364
458793717
458784874
458785570
458785772
458793491
458793620
458793554
458787700
450636105
458787442
450635188
458787441
458788300
450643019
450637834
450637811
450635956
450637810
458785725
458785592
458787482
458792714
458788305
458785648
458792961
449985359
449985280
449985293
449984693
458788730
458788733
458789657
458789162
448924739
458217196
448925380
458217458
458217575
448924804
458217662
458217479
450639137
449984421
456824918
456824993
449984728
458217609
458789158
456824841
450639998
456824608
450639881
449985988
450643438
449989949
458793190
456828566
448932386
458214872
448925194
458222738
450635591
456827218
449982050
456827248
456827309
448928332
458787887
458789552
458222753
458785193
450643408
458218784
450638162
456825400
450643845
450639388
450643316
450639393
449984669
456832580
458785601
458789726
458793650
458218055
458215348
448924706
458222481
458787893
458787892
450636053
448928414
449982112
450643055
456832760
448927415
449982509
458222877
448932693
450639518
448927277
450639921
449984768
450639873
456833422
456828962
456832970
458218124
448924450
448928018
458214532
458218857
456827302
456827558
449982172
456828010
456824840
458215024
458788409
448928409
449985736
458218564
456832910
448858019
456830350
456830303
456830302
456830421
448857633
448857534
448930271
456935085
456935086
448929942
456935111
448930276
449024381
457017587
457017725
457018252
457017581
449023852
449023949
457017922
456934570
457017858
456830152
457018269
448929959
456934696
449024350
448930618
448930101
457017654
456935081
456830278
456830296
456830812
449987586
457981462
457981871
457981338
457981510
458220429
450279322
450279266
458220743
450278745
458219902
450361934
450362345
458313626
450362249
450362337
450361886
450362861
458314550
449987026
457980995
457980929
450362423
458220293
449987054
457980983
450279258
458313581
457980978
458220437
458314101
449987942
450278734
457981426
450279221
450641386
450640950
450640666
450640926
450641326
458791062
450849514
450849458
458790978
458790674
458978505
458977847
451015346
451015522
458977581
451016176
458790366
450849220
458644858
458790318
458978114
450640902
450849885
458645116
450849878
450849491
458645387
450849482
450641342
450849016
458645386
458790100
456637553
448643637
448644232
456637481
458124479
458123486
458124374
458883460
450921141
450921218
450920506
450920498
458123759
448643309
456637139
448643308
448643303
450920253
450172725
456637403
450920512
458882750
458882938
448643702
458123488
458882717
456637697
448643766
458124023
450172350
456829854
450849362
456829890
458883078
458220179
458883004
456934163
458220083
448929678
458220170
449023373
457017316
449023394
450362213
458313802
456637667
450278999
450640814
449987258
456829900
456934157
448644189
450641333
458645814
449987525
450172742
450172217
458790086
458220165
450920531
450921184
458313880
451016213
451015550
457018217
458123764
448930046
449986994
450921185
456637185
449987522
449987337
449987548
457981846
457981516
448643562
456637434
458123886
450172390
450171870
458790094
450172254
448929657
456934490
456934742
458882718
451015349
451015653
457018310
449023642
451015517
450362248
457018250
451015877
450362380
448857338
458220117
448643745
457981816
449023682
448929950
456830747
448858811
448858822
456829136
448857893
448930499
456934952
456937134
456934950
449024240
449027768
457022915
457018972
457022872
449027764
449025138
449025186
457020251
456935740
456935741
448928891
448928885
448861436
449022497
448928912
449027766
457020296
457022890
456934966
456935768
448858840
449987862
449986230
457982645
457985302
449990213
458223078
450286712
458215163
450279530
458317931
450369866
450362651
458310005
450362678
458315303
450367230
449982221
450362696
449990147
450365867
458215094
449982293
458223029
450362718
450367136
457977406
450279485
458650474
458647787
458647832
458647784
450641212
458793322
458793294
458793298
450849818
450856902
450854312
458793290
458978363
458975138
458983034
458978284
458978354
451017920
458980446
450635675
451020578
450851596
458980468
458645642
458647758
450854240
458787992
450638266
458645690
458980400
448647668
456642772
448642390
456638752
448647664
458127905
450179735
450179732
450175810
458124278
458888096
450922883
458880146
450924196
458884130
450924242
450928169
450174488
456642676
450175760
458124280
448639726
450924176
450179722
456638786
458887997
450639634
450639623
458646538
457980016
456640133
458646474
450177102
450177086
448853526
458885380
450925595
448924930
458885378
458312638
449019851
457014923
450364588
458979125
450639582
457014966
456931793
458312654
458217725
450364590
450852940
448645002
450639653
456637974
456642731
456637972
458646512
457981708
458647794
450849764
458793254
458217779
450925566
456931828
456939680
450922902
448930444
449027735
457022834
450362669
450367158
450851609
448856126
458884082
458787980
458789332
450362670
457018086
456934925
457985270
448644058
449990188
458650469
458789300
458119986
450854309
450279514
458220604
458314396
449024234
457018178
451017989
458787982
450924270
451020533
448928882
457022882
456830459
448861578
456828980
448933136
456940360
448927326
449023844
449022537
449023709
457017765
449024368
449025179
456828191
456936405
448856039
448856297
449025256
448932743
456832804
456934601
456939832
456832809
456827528
448856565
448858852
457985333
457985417
457985814
458220812
458220810
450286703
450279686
458215509
450284498
458215376
458219886
458314415
458314529
450370701
450366734
450366608
450366605
458309612
457977890
450367535
457977414
458310143
458310140
449987045
449982668
449987049
457981766
458310402
458650955
458648048
458793537
450856940
458785391
458785382
458785610
450857646
451016133
451024103
451018816
451015593
458980482
458642565
458787460
458978094
450640442
451018427
458647514
451018420
451015857
458650946
450854296
458977566
448644089
448642192
448642376
458124332
450172775
458127449
450172245
450929054
450920288
450928929
458880167
458880160
450921208
458879840
450924575
456634521
458122166
458884595
456642434
450176003
458119796
458127892
450928217
458119528
448645097
449984949
456640324
456640329
458789706
458125739
450177974
450853293
456825023
458788778
450926025
458217782
458885642
458312513
449019890
458978843
451019477
458789045
456931919
450281730
449019981
458646201
458312250
450638176
458125604
450849404
450857249
458785214
450857250
458883056
458885908
448925214
456934202
450284243
450284236
450282126
458313047
458979629
451018286
457017365
448639816
450367397
450640838
456939437
457982510
456637737
458645849
458647124
457981360
450638705
448647474
456830726
448853925
450854741
458220153
458223064
448930250
450286696
456931520
458983721
450361924
458787725
449025650
450367401
450852497
457020350
458978093
450639104
449987044
456642438
456934598
450637781
450284368
448858054
448862009
448858942
448857680
456832962
456940420
448927641
448927878
456935108
449024265
457022926
457018977
449022358
457023052
448928950
448929294
456828162
456935944
448928650
456935769
449025041
457020496
449025581
448932742
456937204
448858709
456830804
457020532
448857404
456937077
457019056
457985861
457985686
449986498
450286702
450286689
450284073
450279298
458219912
450287234
450286665
458314329
450370730
458315338
458218974
450283054
458218530
450282705
450367173
450367694
457984925
450284438
458223282
450370382
450282729
457985777
458645144
458651128
458647785
458645432
458785750
450854822
458792766
458793225
458793618
451016134
451023273
451024034
458974882
451018238
450636102
450851858
458642296
450635442
458790368
458975410
450854522
458647564
450849284
458645120
450854762
450852170
448643686
448648049
448642913
456639406
448642229
450172700
450180122
458888073
450928490
458882480
456635512
450174441
458883808
458884696
450174710
458884600
448643312
448647214
450928173
458880772
448642293
448642817
456640792
449984650
457980538
456640252
458125221
450853466
450853862
458218182
450926510
450282338
450925778
458885176
457014921
449019761
458312765
448644629
456824862
458979256
448645061
457979973
458646568
448924674
450643506
456643012
449985990
449989914
458790548
456832590
450849332
448853933
458885914
450928754
450920744
450920768
458313101
451015688
457015444
458309861
458975320
458787846
457020028
457977197
457015492
450175010
450923414
448858397
448647621
449990169
457985669
456637580
449986470
448853969
448857140
458119541
456829326
458217510
456934220
458880784
448927278
458312685
451020206
451024130
458309997
451020573
457020460
450283070
458314088
458214954
450286282
450286017
450285886
450296843
450286267
450369215
450369202
450390587
450390009
450368887
450390033
450390595
450272723
450378701
450378257
450272526
450273058
450369083
450369031
450285730
450296298
450369018
450390161
450285773
450378149
450390549
450296339
450378282
450296551
450378678
450378703
450296873
450390022
450390141
450296441
450867106
450866819
450856123
450856278
451022603
451022863
451054480
451022179
451054222
451053863
451054276
450831477
451042678
451042005
450830812
450831011
451041969
451041942
451022435
451042414
450855895
450866404
451022411
450831441
451022562
450856485
451054504
450830776
451041978
450831463
450831046
450866668
450831403
450179131
450199931
450178805
450200237
450179093
450927574
450958780
450959500
450959215
450959241
450959479
450927767
450959253
450927502
450935225
450164146
450935212
450935753
450164217
450935459
450199787
450199816
450927235
450935489
450164843
450179323
450958792
450200441
450164179
450927113
450927117
450927298
450958798
450958841
450199821
450179068
450842958
450188190
450188183
450188057
450188046
450842945
450946977
450260531
450947170
450947226
450947230
451030785
451030271
451030204
450354353
450354886
450354225
450260658
451030331
450842634
450260697
450260778
450842680
450188032
450354246
450260512
450842956
450842944
450946961
450260573
450354282
450178950
450855971
450855989
450200122
450200117
450866555
450200119
450843034
450855990
450260923
450285652
450947327
450947326
450260932
451030535
450389873
450368755
450830890
450935308
451042091
450377981
450164410
450354643
450200044
450164440
450164431
450830914
451030530
450843040
450855964
450866518
450959045
450199937
450842795
450199939
450179081
450260963
450947361
450285643
450260539
450927126
450296541
451022551
450389925
451053835
450164831
450830753
450830757
450378114
450831149
450831150
450178684
451054103
451022421
450178984
450946937
450866656
450179382
450856277
450199986
450856241
450286246
450286048
450296217
450947167
450354427
451022158
450354283
450272446
450378712
451042229
450935154
450378136
450164566
450260707
450369040
451042354
450378448
450927294
450369160
451054505
450390184
451030219
450842755
456938854
456938839
456949235
456949662
456949363
456949374
456949413
456938710
457043333
457043074
457022217
457021955
457022273
457042855
456925906
456925473
456925342
457031069
457030941
456925619
457021842
456938590
456949097
456949087
457031241
457030951
456949133
456949223
457031238
457021966
457030954
457043394
457021710
457021950
458660002
458660394
458660087
458659963
458649522
458649393
458982467
459035266
459034334
459035011
458981555
459034317
458600998
458600601
459023385
459022379
459023378
458600902
458982042
458648875
459034878
458659378
459034782
458982069
458648899
459035226
458659898
459022967
459034958
458982045
459035274
458659377
459034306
458600038
458660090
456642118
456641841
456663221
456662971
456641591
456641555
456662969
456642058
456641813
458887135
458939939
458886415
458887418
456603297
458916477
458916470
458915885
458915855
456641159
458939614
458916173
456603566
458887375
458916201
456641179
456662303
458939255
458915909
456662870
458887106
458886909
456603274
458886873
458916117
458939698
458886413
456641546
456641570
456650831
456650819
458636577
458636633
456889830
458927954
458927382
458928302
456889353
456983933
459010886
459010970
456983013
459011066
458927729
458927778
458927774
456650334
456983423
456983945
458636543
458636138
456650729
456650862
458927894
456983406
456890225
458635617
456889653
456641670
458649275
458649274
458636315
456662791
456890015
456938191
456948750
456948710
458981911
459034745
459034706
456924947
457030586
459022770
458886979
457021303
458928029
458939777
457030554
456641621
458981946
458887037
458649214
458927993
456948701
456651038
456641707
456651321
458659854
458649377
456650921
456641705
456889842
458887387
456938750
456938754
458982151
459010555
457043294
458981489
459034291
458600541
458600934
458916069
457030574
458600009
457031155
457042901
456983558
458915503
459023073
457030891
458940185
456662822
458636239
456651082
458649249
458660338
458649401
458928057
456948742
456938678
458928307
458887074
459010558
459035261
457042862
457043354
458916081
456602910
459022821
457030934
456889747
456603510
456641094
459011023
456642018
458649737
456938786
456662298
456983023
448871231
448871229
448871230
448871010
448860666
448871275
449026735
449027003
449058712
449058676
449058022
448835194
448835231
448834907
449046388
448835371
449026643
449046568
449058270
448870543
448860379
449058309
448870607
448870936
449046405
449026726
448835325
448860436
448870810
448834963
449026698
457984558
457984295
457984158
457995081
457984247
457994686
458317159
458316897
458369073
458369734
458369639
458317094
458316838
457935705
457934747
458357190
458316755
458357810
457983578
457983594
457935439
458357150
457994183
458369682
457935434
457994623
458316886
457935307
458357757
457995110
448678557
448678486
448678258
448646800
448646803
448646872
458179917
458126098
458126755
458179874
458178958
458126834
448618499
458144265
458144183
458144270
458143607
458143600
448618478
448618859
458126380
448645946
458179222
448645948
458126781
448646519
458178921
458143579
458126114
448646782
458179552
458143603
458126361
457959066
448666017
457958818
457958766
457958814
457959009
457959028
448811867
458167941
458167547
458167991
448998290
448998556
458334352
448999310
458333362
448811142
458333866
448665676
448811114
448998820
448811210
448998909
457958978
458333942
458167034
458333644
448998602
448998873
458334310
448998294
458333682
448665705
457983826
448666343
457994452
458167766
458179470
448870354
448811515
458167734
448859746
458334095
458333990
458369294
458369263
458316442
458143826
458143804
458357382
448618727
448618720
449026063
448678058
458357418
448678063
458143879
458369238
457994414
457959198
457994646
457984091
448678147
457958781
448646464
458126711
448811838
448860225
448998616
449026941
449058614
449057963
457935640
448834698
457935638
457935379
448665715
458179211
457994116
448811596
448646462
449045899
458179864
457983897
448677850
458127114
458167111
448810855
448860266
458179554
458316465
449057782
458333599
458369032
448618761
449045913
449046158
458143614
448811215
458333911
457983628
449058314
457935676
448811407
448870281
449046398
456831670
456853283
456831669
448931985
448931722
448962945
448963377
448931728
456817665
456817090
456817019
456816941
448939373
456817600
456817084
448931431
448939583
448963085
456817408
448963075
456817109
456853247
448939355
456831592
448963135
448931993
448939915
448939843
456852597
456852748
450010378
450009849
450010115
449988989
449989255
450010137
458221894
458274034
458274950
458221139
458221198
458274674
458222114
449950510
458251185
458251094
458250209
449950970
449950738
458274371
458274422
450009479
458274427
449950706
458221833
449988381
450009815
458274635
458274415
458222153
458251195
450010342
458274333
458221174
449988333
450673727
450642055
450642645
450673699
450642046
458844835
458792039
450614325
458808635
450614066
450614002
450614056
458791663
450641698
450673474
458844434
458844530
458844499
450673439
450614303
450614956
458808597
458844194
450674037
450614263
450642710
450673642
458844441
458808862
458809221
458792296
450614239
449974799
450650638
449974193
450650578
449974252
456793907
456793385
456793817
448904266
458238299
448903341
448904176
458238376
448903672
449973806
449973814
450649655
449974169
456792921
448903613
458820508
458820448
450642154
449988616
450673870
450673799
450650314
456831215
456852353
456852295
448962658
448930999
448962655
448903934
449950312
449950301
456816650
458808928
448903949
456793583
458808989
458808986
456831196
450673775
450009674
450009677
448903946
456816712
458791864
458808967
458274238
450009710
449974231
449974757
449988640
450674337
449989241
458844653
458844206
458844871
458845135
448903576
458239043
448931630
458239034
458809017
456817574
458809490
448931375
449988323
458820734
450009437
450641728
458239277
456817051
448939159
458808835
450642449
449974473
450674381
450673697
458820415
458792033
458239042
448931714
458274286
448962753
448903339
450614261
458808533
449950108
458251132
449950936
450614657
458238787
448931462
458820775
448963082
458250916
456831518
458844521
448847502
456841438
456840893
456840994
456913590
456913990
448951065
448951086
457007745
449034957
457007092
457007158
457007297
456840712
456840718
449034503
457007285
456840702
457007296
456840971
448846912
448847050
449034489
449998541
457970902
449998014
458263079
458262153
450236507
458345303
450330275
458345642
450331178
450330803
450330798
457970426
458262485
449997538
458345778
449997630
450237419
458346189
458262093
450236495
450330614
458346190
458263073
449998550
457970894
450662440
450662051
450662469
458624704
450807311
450807306
458832382
450806690
458832866
458832345
450995147
458998617
458998876
458998970
450994223
458999558
450994715
458999194
458623756
458999162
458623828
450994444
458624663
450661754
450661761
450806721
450995154
450807316
450995082
458833246
458998878
448654721
458156062
458155625
458155617
450140177
458155629
450140582
458904494
450899195
458903572
450140459
458904010
456626666
458155402
458155432
450900053
450899397
456626975
448654034
448654041
450141052
458904058
456627530
456627150
450661930
449997893
450661943
449997846
450807131
456840514
456840413
450140618
450140621
458904198
458262346
458262371
458262362
458904148
458345510
458999057
456913050
458345524
448846523
450330534
450807184
448654306
448654322
456840448
458904125
456627185
450662457
449998086
450899706
450237405
458904551
458903889
450236798
450994619
450330599
457007661
449034021
450994610
449034197
450994698
456626618
456626621
449997557
456913413
458155576
450662062
450807189
450807269
456840890
448846982
448846934
450140178
458155170
450899721
458903626
456913982
458262345
450899190
450330664
458998654
458346220
449033937
458345242
457007150
457007294
457970332
450330489
456627498
458832317
456831799
448870697
448870699
448931554
448963228
456938411
448931527
448951494
456913768
449034635
449026504
448835105
448835106
456925182
457030780
448835034
449046262
448939483
449034640
449046268
448870679
449058136
448951470
457030855
448860148
456948941
457042698
456948977
457994549
449988859
457971089
457971041
458262710
458274563
458274467
458262763
458262810
450330895
458316607
458345975
458369410
450389570
458345915
450389630
450377729
450377734
457935090
450330887
450009947
450389621
457971038
450010034
458274461
450368490
450662218
458659734
450673966
450855535
450866155
458791898
458791906
458999371
459034516
459034522
450614602
458809062
458809082
458809156
458981764
459034566
458659638
458791930
458600287
459034578
456662578
448654469
456627262
450199535
458126491
458886772
450926906
458904263
450899759
458904254
448618571
450163949
458143744
450934757
456603136
456627233
448654435
458179310
448646248
458886718
458904329
456627326
448646254
458155792
458179318
458886677
449974349
450650166
457958873
448811303
450842434
448811255
450842374
450260262
450946636
450946708
450260243
456983279
456983243
456983236
450353982
450260246
450650142
449974346
450260213
456650602
456650642
457958910
456641407
458649113
450009971
448811311
450842399
450199538
448870651
450899807
458238878
450946672
450353995
449026409
459034552
456603125
450377714
448835008
449974358
450178420
451053570
448646310
450650206
450642245
458167411
450866153
458126490
450899806
450237142
448951438
458927647
456983275
457042658
449950588
450377692
456817202
450140778
450353983
450642221
450187639
456841094
456832151
448847082
448860395
448860393
456831617
456852907
448846953
448931947
456939043
456949336
456938647
449026497
457021943
449058652
449034389
449026315
457007476
449046779
457031440
448939336
456925841
448939602
448846819
457021804
457031177
448870554
449034525
448951361
449989266
449988739
450286221
450285955
450295943
458262643
450296519
450237194
458262114
458316869
458346201
450390497
458345671
450330914
449950989
450378093
449950062
450272486
458250785
457935170
457935390
450272754
449997593
458316734
450272623
458273981
450010118
458624323
458660327
458624063
458649369
458792349
450856197
458844786
450866622
450856063
458982143
458809149
459022398
459034806
458844487
458791682
450994458
458832621
450855616
458649494
451053618
456641445
448677839
456662899
448654233
456641441
450141083
450141077
458178935
450140157
458939558
450959159
450959152
458916400
456602843
450164117
450164121
458886835
456626630
458939632
450958889
448619095
450140421
448646810
448654754
458939237
450140152
457958934
456650687
450650063
450650057
458820462
458167977
450188541
458239266
448903307
448904222
458333633
450354203
458333898
450649658
450842596
458820725
448811150
456889805
449974382
459011049
458167492
456650882
448646423
458649239
450140682
458126657
450178902
450188273
458844619
458928016
448962702
450296119
450330497
458345536
449057731
458981870
450935267
451042055
450377958
456889937
458981874
456924919
456641642
448654758
450673985
456662769
458126574
458821125
450179298
448859733
458832881
450899838
450947277
458274640
450330628
451022513
458345956
449058650
458369668
457007054
450614421
449045853
450378088
456889675
448653834
450673421
450390100
448870822
456853014
456831622
448931982
456949342
456938716
456938409
457007457
449026997
449034883
457007035
449026437
456817270
448835049
456925900
456816942
448834901
457031056
448931466
448846855
448870558
456852594
456840727
449034645
448951255
456841101
457031080
457971057
457970947
449998495
457970827
450010398
457994681
450286046
450296518
450331162
450369434
450389662
458369897
450390238
449950974
450378314
458250570
457935401
450009510
457970371
450330885
457971259
450369422
458369585
450368894
450662253
450673734
458659689
458649388
450674058
450673698
450856066
458791374
451053537
458998903
451022122
450614290
458600944
450831062
458623831
451042406
450673434
451021905
451022822
458832643
458648896
458600032
456627333
448646597
448654063
456626902
456662908
448646537
458155882
450178826
458904333
450899095
448618569
458144201
456626671
450927242
458939638
458904273
448646777
450179318
450140119
449974206
449974134
449974722
450842385
450188570
450188146
458239270
458238610
450947186
450260558
450354950
456983530
458238786
458635660
448998821
451030742
449974530
449988610
458649238
458659804
448654339
450807154
458821074
458167673
448870349
450200078
456889960
450260966
457006735
450354626
459011182
450389870
456983632
458600464
458600416
458143781
448938918
458600428
450927374
458357417
448646301
448654087
457983881
449997955
448646165
450856490
458820870
456948921
456949576
458927920
450236479
450994435
451030514
458809101
450164822
458791674
458274354
448870517
450287372
450296696
450284708
450297779
450284706
450287326
450390467
450366538
450369287
450390425
450366550
450394003
450272986
450378560
450382085
450271342
450378539
450378558
450275333
450273994
450273991
450380765
450391326
450391355
450370484
450382109
450286123
450295134
450299058
450299060
450274040
450275311
450380768
450284674
450379447
450287321
450856402
450857615
450869310
450854935
450868006
450854924
451022743
451054396
451018619
451018618
451054390
450831342
451042520
451047226
451047275
450852262
451056532
451056486
451021219
450832326
451056487
451022699
451022696
451042511
451042508
451047256
450866912
451018603
451044618
450828404
450831319
450832352
450857542
450857584
451056514
451059150
450867988
451057818
450180418
450200362
450927704
450959386
450964112
450928816
450923576
450164684
450936359
450168304
450924893
450175135
450960107
450924856
450168271
450940339
450203873
450198643
450168268
450935623
450960176
450198632
450179200
450928817
450845555
450188441
450189377
450843167
450843166
450189380
450263482
450258154
450258178
450261052
450358391
451035419
451035344
451031381
450353048
450354796
450355750
451032706
450186712
450355679
450259468
450358343
451035364
450188429
450353058
450261040
451035414
450947477
450189358
450949541
450189376
450177774
450853649
450865355
450865399
450844222
450865339
450961498
450961494
450950884
450282046
451019909
450388691
451055183
451055177
450388747
451055182
451043262
450829696
451019922
450844207
450376829
450190673
450293783
450293779
450829720
450190674
450357006
450865396
450961493
450190724
450866924
450189389
450866923
450286112
450282064
450293816
450923562
450284658
450357047
450370460
450369271
450393952
451057793
450164693
450275284
450376844
450828376
450924887
450840287
450186751
450295091
450840281
450924880
450358350
451043311
450952217
450162979
450854908
450843223
450179218
450188470
450927666
450952231
450284728
450926180
450927630
451019936
450369316
450388726
450366508
451055180
450936414
450840319
451032742
450391324
450960114
450831305
450274012
450856349
450293780
450865328
456938951
456940136
456951918
456951898
456937534
456937487
456938935
456950600
457045469
457019348
457023271
457023274
457034927
456924203
457031336
456928097
456926806
456936155
457033567
456947903
457033577
457044150
456947911
456925747
456949481
457044162
457019322
456937472
456940110
457043218
457019370
456950561
458662619
458648227
458660239
458648204
458982308
459042179
459042242
458975614
459035143
459030395
459030296
459027698
459027706
458603138
459023166
458642975
458654670
459039594
458601914
458600831
459030350
459030356
459039602
458662547
458595282
459040898
458982306
459030391
459039584
458648210
459027703
456663104
456639214
456639154
456641957
458887271
458940082
458880535
458945887
458947198
456607265
456599350
458919515
456599249
456599327
456603608
456607238
456605951
456605914
458922115
456658691
456635189
456605882
458916308
458947166
458943245
458947171
456605926
456603643
456599251
456605852
458638883
458638856
456654790
456654743
456651173
458634920
456890094
458935307
458928222
456892426
459018514
459011282
459014522
456987332
458630958
458931386
456646817
458931347
458630909
456984761
458928164
458634822
458932655
456979460
459015850
456654782
456884542
456979446
456884501
458637523
456640494
458658634
456664025
456932251
458933982
456986050
457015378
457015310
458979475
457038866
459017093
458599277
456920243
458920734
457026965
458920799
456640434
458933966
459038258
458944530
458885813
456986070
456920206
458920735
457027027
458646838
456653462
456604531
456663059
456664004
456666618
456652111
456639164
456891174
458944571
458947182
458932670
456950503
456983828
458982281
457043171
457046726
459042212
457019279
459011345
458923424
457032209
458884483
458601858
458642911
459029010
456607219
456920215
458658650
457046730
458661254
458638879
458662582
458662613
456665286
458662601
456932252
458947230
456937438
458945814
458933984
457022114
459018415
457045414
458979476
457045478
456925730
459030293
456599302
456605946
456926834
458642969
456947918
458885792
456890083
457022090
459039605
448860563
448861748
448873498
448872163
448873484
449026880
449063260
449061943
449028023
449028022
448835459
449046682
449048812
449046654
448836510
449050138
448856454
448835466
449050115
449050108
448871075
448873448
448832563
449048783
448856466
449061968
449028046
449051455
448868168
448859092
448871104
457984426
457997360
457982926
457984379
458318227
458318230
458376968
458310331
458375578
458310311
458317022
457937912
458365010
458362451
458365086
457989338
457977647
457977643
458363694
457985516
457984327
458374328
457982879
458375623
457937911
458357950
457997354
458316966
448678354
448681819
448678391
448646716
458126963
458186914
458185586
458120159
458179748
458179687
448619026
458144068
448618931
448622380
448675154
458181535
448622432
458149931
458186836
448683080
448615823
458185520
458126906
458122820
448678418
458186842
448615783
458144071
448671298
448668582
448666542
448806154
448806146
458167854
448999088
458341274
448996016
449003842
457953707
448663276
449001194
448663374
448811672
458334179
458334170
458174963
458169724
448666514
458175004
458335974
448663328
457959266
448669975
448680467
457992047
448680499
448669902
448645240
448853759
458184275
458184226
458125434
458312939
458312938
449002543
449020075
458371715
458148634
458148630
448829954
458359739
457932626
458339987
448645192
458148631
457980238
448669898
449002518
457961687
457997291
457995964
457985538
448812774
448861679
448853822
448873422
458186863
449003900
458336035
458375599
449027992
458148606
448829930
458363714
448675204
458374283
448639960
448622402
448999146
458315540
458149904
449046607
458184244
458186860
448668614
457984372
458125484
448860554
458172358
458128074
458339936
449055344
458375572
449061974
458144142
458148536
458365108
449051450
457953766
448836518
448808743
458363740
458315584
448622430
457960304
456832063
456856750
456829231
456829289
456833192
456853123
448927771
448966952
456817523
448944466
448940507
456815753
456821032
456817540
448939709
456827939
448964333
456819748
448929068
456827951
448963481
456853112
448968239
448966912
448929064
448963486
448927714
456815755
449989184
449990351
450010307
449986411
450010268
450012523
458274728
458221994
449954408
458254211
449950898
458258165
449953091
449982415
458256779
450005950
450005914
449953106
458223151
449950865
458258155
458251022
458254193
449989085
449950879
458219192
458258158
450013802
458254135
450642547
450674195
450674224
450678991
458792230
458785534
458852156
458852191
458852167
458816555
458816530
450611602
450619538
458815130
450671098
458846908
450635779
450618203
458815132
450618254
458792192
450619583
458809387
458809382
450678914
450678919
458815232
450643766
450671074
458816479
450643694
450650500
449972879
449972944
449972927
450655193
449978158
450655229
458821304
458828426
458824378
458824409
456789404
458246210
458239154
458241008
458239114
456792004
449970250
450647236
458242282
458246252
458239118
450647308
450651197
449974570
449974598
458823056
449972942
458242280
450639755
449976907
450639737
458827018
458827051
448960300
458244914
456813191
448936546
448936553
458812528
458789423
450639715
458244929
450008488
458217866
450674959
458244928
456795964
458244989
458276573
449976830
449976884
450639785
450677636
458792201
458792203
456831971
456856646
458828393
458274752
458215214
458239144
449950828
458812571
448940483
449946476
448944437
450635795
449982379
458277917
450643714
449985070
450674261
449986348
450651271
458821270
456856742
456856718
458850845
448907504
448908823
448968290
458215252
456813188
458219182
458256772
458789420
450642485
458252876
448960316
448963478
450012448
448849758
448849738
456844818
456913878
448956344
456910931
456910972
456916210
449034827
449034755
449034764
457005886
457008503
449036886
456839591
449034779
448951601
456841228
448956359
448951600
457011162
448844458
456841234
456841240
456910925
457973552
449998367
457969642
457969582
457969614
458262850
450231776
450237251
450334601
450326615
450326702
458353172
458353133
450331926
457965578
449994070
450331013
458350568
449994038
449999246
449999252
450331002
457965584
449994008
458270045
449999282
450667139
458621668
450664496
450809915
458833163
450801990
458837579
458999482
458999408
450991852
450991826
459001352
450659138
458834982
458619076
450997115
458840234
458837596
450991808
458835006
450994950
456627467
456630970
448654642
448655396
450144491
450140957
458159186
458163086
458159132
450899956
458904440
458911571
458906234
458904460
450139199
458907574
456623008
450139240
456630935
458157845
450904709
458904365
448659386
448655450
456628325
448656774
448656714
456628384
450805997
458160506
458836298
458836306
456908266
458264747
458264718
458347895
457003190
459002572
450805924
450902033
449031604
457968218
448656678
458836277
450995770
459002574
458622974
449031582
449996614
458264693
448841776
450234341
458623014
456630977
450663148
458621658
449999273
457969568
448847288
458163107
458836331
448847285
450896762
450231728
457007522
449034731
459001289
459001292
450331914
450235685
457965611
449036836
450140932
450334554
458624558
449039478
449993996
456841204
450662326
456625722
450809933
458155978
456841274
458837621
456836900
448956322
458264744
450999718
450334564
449031596
449035586
450235708
450997133
450997085
458157826
458350492
458157810
458999453
456630930
448848442
448857779
456843486
456914963
456934888
456946636
456946602
457009807
457018012
449059301
449059303
448833917
448941899
449047426
449047451
457029666
449047450
448833881
448848364
449047463
449047457
449059327
456914957
449024070
449038254
456946582
457993350
457981603
449987669
458279267
450291158
450279406
450291103
458351911
458372933
458314198
457934002
449951765
449951826
458361149
457933901
449951762
450362567
450374189
457981550
450291143
457993298
450011130
457993303
450362610
458361091
450291149
458372934
450279401
450641086
450676336
450849595
450861386
450861407
458790806
459036922
459005272
458597890
458813858
459025115
450825726
450825748
450641030
459025079
458838916
450676274
458849479
458790808
450641038
459036894
450676322
459036954
450641054
448658020
448679179
448643908
458124209
458161795
458182886
450956212
458941912
450932459
456601910
450903359
450143155
448658003
456637792
450195959
450195953
456601927
450903341
450920914
450652542
458633538
448667285
449975536
456794662
448810109
458825690
458171014
450837617
458171010
456887238
456887236
448906162
448999918
458337322
450944272
456649409
456794630
456794638
450255557
458170972
456649454
449975551
458645548
448679166
448848338
458171039
448869467
456934790
450956171
456946542
450956162
458243632
450350428
450825734
450267371
458255478
459025049
457029571
448954997
457041450
449975554
456649459
458161830
458170975
450861382
450861401
450238396
458910234
456914918
450944302
458930071
450279352
458279260
451027423
457041482
451051217
450616901
450267370
450267340
448810087
450255499
450172458
459025073
458849477
456832019
456841271
456916244
448955075
456951846
456951848
448927720
457041520
457019299
449034785
448835444
456922852
457029642
449036899
448856435
456839548
456851416
456925711
457029643
457043190
456949469
456829240
450000647
457993376
449999312
450239682
450291179
450291170
458274775
450286086
458318191
458353196
450386083
450334586
449951804
449954417
450374207
450379415
449946494
458357922
458315550
449982403
449994035
450391286
458350553
450333282
450367796
449990318
457994918
450662347
450667103
458661246
450667098
458790787
458792214
450866888
458845010
450802007
458785478
458840274
458982275
450991816
451057756
451054327
450616952
450831242
458811227
458811220
459030318
451045874
450671046
459005286
450659180
458846864
456630992
448679192
448678363
456643097
450180356
450176395
458186851
450956188
458906279
450927604
456603632
458145935
456607190
458884456
450960083
448643942
450166892
458941925
456663026
457959282
458633579
458636430
450841542
456789380
450949520
449003872
451027475
450353006
450350440
459015794
456646792
449001236
448814056
451027470
450655202
449976859
450653886
450663139
448680473
457992019
448645228
450805963
458836310
458836313
458184209
458848181
450853554
456891124
458885778
450950843
458244940
451019879
451033999
450365153
459038239
457932617
458148575
450269982
457026950
450937637
450829663
448841800
458276621
458658602
457961659
458645585
449998384
458657333
456625710
458838965
450200286
458185530
456891128
456908324
456940094
458339972
456979435
448837814
458251012
457029638
450271300
458619041
456844867
448871093
456934856
456949540
456950530
456937504
457011127
449058557
449035582
449061977
448833898
456821082
449047474
457031320
457008487
448844407
448932990
448849687
456947932
456856674
457981592
457997309
450010242
450012502
450238400
450287366
458215254
458267407
450362576
450370490
450393962
458316965
450393986
457933978
450275354
450382054
458361104
450331987
458363734
458266051
457936541
457985513
458650888
450665780
450674218
458660194
458648200
450678978
458793450
450868034
450801943
450868010
459042268
458603236
450825752
451042450
450611598
450804646
450852290
458654668
451054370
450828398
448647905
448679156
448642577
456630955
450140983
458186854
450200318
450927662
458947162
458906278
458880544
448623773
458151269
458916340
448619720
458157775
450938978
448651435
450143156
450964070
449978226
457957700
448671238
458634850
456649460
458828406
450261074
458935252
450258106
456982148
451030586
456984724
458242290
456646864
450948202
458341301
450647310
458935288
456653398
456664024
458160415
456836947
450201254
458836303
450902047
448925034
450950894
448960338
456986068
451019878
450365246
457015312
450937682
450376862
449043437
456604528
458812554
450201230
449974626
457961681
456641932
448681805
458125505
456841207
456848802
450176438
458908927
450286106
448965560
456884560
458240994
456983824
449002589
451018586
448621109
458252886
450900727
448943118
450286292
450286291
450284963
450297786
450285897
450392699
450366273
450390311
450366800
450275711
450378692
450271391
450379493
450275178
450272969
450382134
450368121
450274027
450391859
450367591
450367721
450367987
450295376
450392779
450369053
450274028
450378571
450380816
450271615
450857600
450866973
450869577
450856266
451022589
451059628
451018643
451018751
451022188
451059500
451054411
450831330
451042655
451047753
450828784
450828659
450828656
451021281
450852559
451056726
450832084
450857180
450864294
450854543
450854538
450833800
450831451
451023765
451046433
450867088
451045111
450832088
450176481
450202833
450203096
450203935
450180545
450927815
450962807
450962803
450962804
450927688
450164733
450935733
450940832
450936473
450163012
450163496
450924635
450175401
450939640
450960237
450178712
450180020
450199001
450203759
450199831
450180676
450203757
450962801
450174872
450842936
450188615
450841859
450843329
450263471
450263828
450946952
450952244
450258546
450950202
450947490
450263692
450358379
451032045
450352913
451032044
450948484
451032834
450840141
450263297
450187949
450947080
450353178
450263465
450191877
450258545
450853482
450201511
450190734
450844361
450951263
450293529
450261847
450262504
451019963
451034085
450364816
451055807
450356872
450388953
450166137
450166134
450937727
450269903
450165473
450829842
451034291
450190559
450377068
450377070
451034285
450262505
450844360
450201772
450269899
450180284
450177906
450853747
450200099
450188346
450869179
450927416
450927415
450952576
450262372
450354668
450365348
450365344
451055675
450353309
451018348
450938190
450271091
450271088
450175000
450948619
451056599
451056593
450829975
451020992
451023630
450370098
450284297
450177909
450179106
450176586
450857441
450928878
450284301
450257887
450287200
451019672
451030509
451031443
451034156
451023497
450166005
450935070
451043793
450162834
450382216
451021277
450294976
450357140
450938060
450298936
450841327
450867725
456940403
456951911
456938696
456940003
456938695
456938970
457022252
457019471
457021724
457047033
457047295
457031373
457035281
456924551
456924017
456927980
457035282
456926925
457034093
456936437
456926658
457044175
457034094
456925628
457021859
456939869
456938563
457046900
456937235
457023558
456938565
457046901
457019205
457043106
456949385
458649692
458650879
458660371
458983521
459041651
458975600
458981529
458603457
459030374
459031088
459030827
458980883
458602267
459029054
458642275
458980194
458981114
458650199
458650190
459042698
458975442
458600709
459035250
459040064
458647557
459041778
456641972
456643159
456667007
456638911
456666872
456662949
458887413
458940093
458946743
458880662
458880669
456603813
458916335
456599819
458919494
458919813
456605933
458922717
456658293
458943830
456605489
458883833
456606284
456603545
456662285
456599551
456664886
458920073
456607603
456642477
456666998
458945897
458883836
458636612
456655259
458634906
458635134
456651330
456889856
458936183
456884589
458935782
458927930
459011366
456979046
459010965
459010565
456888545
459016701
458931686
458631305
458635688
458933012
458935650
459018941
459011370
459015860
458634902
456646940
456654854
456640758
456653937
456664103
458646763
458885687
456943427
456944082
458885155
456932078
456986315
457015639
459018014
457039113
459038877
457038451
456919665
457027497
459026858
456986177
456986179
457015242
458658107
458599365
457015398
457027495
457039110
458646758
456651071
458635003
456665423
456639044
456891416
456939474
458888318
458979671
457015508
459039002
459015119
458599499
459030686
456923622
457031850
458599490
456926258
458931955
456658817
458943703
456604963
458934725
456642090
458649809
456667134
456664100
456639438
456652219
456639306
458637380
456892605
456892735
456951345
456943424
458939946
458983517
458982185
457047290
457015112
458923458
459031217
457031090
456927182
458931691
458943705
456605490
459030953
448873739
448873508
448859121
448872283
448872417
448872284
449026748
449062343
449062468
449026353
449049011
448834950
448834953
448836551
449060680
448856323
449061021
449050458
448835348
448871886
448835344
449062208
449052043
448832587
448859116
448859224
449051647
457984134
457983069
457997707
457985706
458318481
458377682
458309630
458376499
458377559
457930386
458363303
458362898
458365938
457936725
457977679
458363783
458375174
458318083
457938042
458364488
457977782
457996778
457930124
457935691
458363780
457983194
457977524
457934767
448648031
448678413
448682440
448642748
458186894
458178969
458120483
458186287
448624233
458146163
458143595
458146688
458143586
448640001
448640239
458123114
448618867
448616183
448681519
458143984
458123120
448624101
458144251
458179888
458119821
458122196
448646186
457962069
448671284
457956786
448668844
457961404
448665990
448814336
458175021
458167091
458167082
448806551
448813542
448999293
448999288
458341340
448995674
448996472
458339145
449001750
458175194
448668320
449004390
457962062
458175016
448671278
458169920
448645279
457992167
457992163
458184254
458125358
449003205
458372270
458340203
449002281
449019472
448621727
458149458
457932098
448620794
449043729
458312802
449002806
458184434
458360394
448621454
449020005
458340465
458359819
448680518
448670431
457994432
448642487
457994431
458128002
458167747
458186022
449003068
458336639
449061680
449045884
448616051
449048478
458146424
458315176
457936324
457936327
458339275
458339274
449049803
458315180
457960610
458184964
457959055
457985181
448681124
458125364
458174540
458175019
458173219
458185578
449002940
449004391
449028314
449058422
458377552
457937944
448835210
458362900
449043728
448832810
448623438
457953885
448836902
448663363
458363961
448622118
449063522
456829523
456855763
456855632
448933041
448967299
448927756
448963391
448931312
448968616
448928000
448940561
448941035
456820916
456816160
448939229
456819779
456827541
456851669
448943272
448932751
448963127
448940900
448933037
456831904
448963125
448964324
448941031
449989293
450014336
450013017
450012751
449989289
458223440
458274671
458281329
458282779
458251053
458258183
458258486
449950886
458258885
449953137
458278289
458278559
450006146
458219234
458250907
449988362
449989676
449953136
458215517
458254797
458274665
450643759
450674372
450638723
450678152
450643339
458792111
458844242
458851437
458844909
458851700
450614852
450620207
458811436
458816723
458788161
458787736
450671685
458787475
458787734
458788264
458815927
458847602
450671546
450673447
450620203
450643754
450673449
458816719
449978697
449973419
450651280
450651749
458821406
456789419
458825301
458825297
458820884
458825171
458821289
458825169
456797330
448909484
448900636
458246476
448909478
450647927
458823983
450646994
450647921
449970644
458823844
448901033
450650960
448904996
450650961
449976895
450009053
449977372
458789721
456825029
458789186
458277230
448907894
449948999
458813414
448936605
448936679
448936601
458813416
458253472
458276971
450615643
449976890
449984397
449948731
449977241
450651617
458791847
458844641
458827805
448909219
448903984
458246875
448909214
458813288
458816855
458253605
458813284
448928399
456819331
456827272
450005753
450618350
456797548
449989934
450638717
450650083
458791845
458792105
458825167
448903989
458277500
458277236
450614969
458250244
456815630
458219236
450647923
450005757
448928654
458815397
458257168
448932746
449946748
456841016
456842565
456913614
448956400
456910991
448954364
457007732
457007205
449040028
449034273
449039637
449040029
456912671
449036925
448952519
448952442
457008357
456842032
457007332
448953836
456916101
449036924
448953965
456842560
457970939
450002324
457969985
449998137
457973585
450237455
450240066
458267418
450239702
450231224
450334617
450330644
458349575
450331166
450332459
458350886
458266410
450235974
450239543
450330773
449998895
457965893
450235977
450326781
457969454
450661828
458621704
450664953
450667722
458833166
450801462
458840738
459007461
458999606
450805024
450659800
450999966
450804892
458832632
450659666
458621142
450994470
450806764
456631013
448659875
448656040
450144887
458155209
458159174
450144092
450899432
458904455
458906480
450900839
450900833
456622655
458907933
458158043
458908331
448655123
450139598
458907932
458158569
458159884
456628854
457968011
450141899
458160501
458160810
448841825
456908709
458909116
456908049
450329813
450329812
449031323
458348121
450328888
450996398
458622458
448841524
456836754
456628850
458160496
458264777
456908045
458623259
458624201
450663635
457968533
458155736
456840482
450142238
450239411
458270243
456910420
450236786
458270238
450330515
449035277
458349440
450804497
450997194
459004289
449993870
450997190
450235448
458621534
458623028
448659402
450661829
450141090
458155737
458832765
456844850
448841660
450809381
450902288
448951106
450897402
458267601
450233864
450335092
459007457
449040158
458345680
449993877
448952438
450138810
448653846
456844670
457969060
448848527
448857511
448869546
456854573
448857798
456830837
448955687
448955421
448930636
457010075
449038576
457041533
449059697
449059963
448942480
449047487
449047480
449047686
448834001
448955153
449059567
457010070
448857796
456843357
448965641
449023698
450000871
450011697
457972103
457972625
457993219
458220798
458269583
458279742
458269183
458279877
458373017
450362315
458314514
457933989
449951903
450374297
458255981
450333378
450267527
458269055
450238214
450362445
458645181
458657346
458657344
450666006
458790642
450849681
450860862
458850115
458850379
458839554
450998447
451015315
451015317
459036976
458977550
459025101
459025547
459025938
458656782
451039698
450640958
450849520
458839420
456630179
448658680
456661372
448679541
456637457
450143219
458162131
450143690
450903403
458911101
450956207
450956798
450903398
448619805
448619872
450160193
458919017
450920671
448678874
458882906
458124436
450904001
458182936
458147479
450652811
449975394
458633585
448810151
456794697
458825774
458826227
450184613
458171502
450184214
456794253
450254987
458930498
458243838
458930505
458338217
451028080
449000164
458171234
456795172
459013218
451027554
449975795
449975791
448667659
458657177
448643800
456843086
450849390
458826353
448906576
448954759
458977955
450998515
459005606
458352083
449023432
449037917
457933691
450374033
450267125
449951630
450184348
457958107
448658082
456649975
450011037
450011428
458839421
450254983
448955678
450291184
450920538
451028083
458373328
450350275
456602061
458255980
450160194
458790377
456934586
448965710
456841148
456829122
448872017
448872020
456913751
456916367
448927603
448951506
457018943
449062073
457006112
456821183
448939494
457030000
448832423
448834132
448928921
456839791
456947644
448856190
457011390
448844564
456923095
448951505
449047951
448967165
457973682
449986247
450238614
450295928
458267999
458267994
458274535
458353796
450365879
450369833
458256245
458315311
458315310
458351155
458374655
449982284
458258623
450390932
458649151
458659715
458790907
450855602
450854279
450854270
450867462
450854276
450810038
458983096
459042439
458598172
450611884
458811700
459022710
450831818
458847338
458642538
450642290
450854272
448654508
448658555
448659740
448655776
448678003
448646320
450140827
458159753
458124302
450926891
458880140
448618601
448623833
450167846
458918891
450163924
458884099
448622512
458150251
450198209
458181932
449978298
458638566
448671352
448671356
456654594
458826486
448806017
458821013
458244368
450944795
458932878
448906706
451027948
459013924
456987230
449970377
449970374
459016034
448811320
449974370
450946685
458623123
449976978
448657099
456663839
450806087
448812617
450190289
450864827
458184566
450902423
450234520
449002673
459003230
458372009
448829776
450165211
458348514
450190288
450388290
451054878
457958923
458624465
448668715
456665154
450190292
456842426
450867461
458883306
450958566
450963798
458267992
449019872
458338087
458310028
449022506
451031119
448834130
450830525
458918886
458921000
457929856
458362768
458884098
450839743
448848657
448848524
448861865
448869380
456855501
456855630
448930640
456937360
448963386
448968618
457007611
457021593
457022248
457041536
449059833
457045492
449035675
456816990
457009015
456827958
448856477
456818672
449026613
448846831
456925624
448868453
457981880
457982673
458269449
458262127
450295929
450296450
450297225
450333296
450326251
458352212
458353531
449951900
458251170
450373772
450271610
458350891
458221602
457977785
457989653
450640964
458650984
450674370
458662329
458833291
450867086
458851566
459036980
450617433
459022444
458808870
459025544
451047482
451045958
450671082
451057118
450831182
458835727
451056986
456627043
448654111
456661725
448683629
456641560
458124309
450179102
458179889
450144091
450897141
450923834
450920540
458151257
450935726
458143589
458918492
458907619
458122193
448622117
450939506
456659080
456660932
457961705
450651354
450837897
458171060
456789414
450841622
458825166
448906244
456889852
458936044
458241198
450358190
448809185
458338697
449969850
450840662
458630380
448813805
450255380
458824638
448670561
456653668
450008790
450675378
458827098
458837179
458174013
458184833
448907769
456943689
450293918
450995875
450357266
449019737
449043597
457027096
448620797
459003103
450925946
456824898
456661460
449973150
450651618
450177902
448872941
450801859
456828594
450899695
458887012
456946064
457006807
450365342
457021324
458373200
457046368
448940238
449048477
457019992
450299514
450298038
450287239
450284851
450299085
450296444
450392709
450370243
450370735
450382125
450379901
450368143
450274030
450274422
450380769
450294982
450367579
450391601
450391353
450378392
450296326
450391757
450297630
450379745
450285992
450394145
450393185
450366655
450299190
450857602
450857589
450866937
450868170
450855187
450855079
450869466
450856148
451022734
451059153
451018617
451058356
451023463
450831476
451042545
451047886
450828822
451045312
451045156
451046302
450864474
450864402
451022480
451023775
451047652
450864306
451023727
451024015
451041980
450864330
450180550
450199928
450176469
450963208
450927164
450964101
450935601
450936544
450168118
450164204
450168161
450924933
450167194
450924655
450175435
450960772
450939148
450167441
450927286
450925003
450939514
450199784
450163289
450936748
450164840
450940864
450199049
450198905
450843201
450845982
450189898
450189773
450188588
450189405
450263830
450946964
450949617
450354814
451030724
450358181
450840310
450186717
451033372
450260648
450259722
451035652
450187126
450948754
450354777
450260696
450358865
450947445
450188168
450845394
450853915
450865750
450865486
450951292
450961720
450365482
450364987
451055308
450937726
451043265
450925954
450843978
450951004
450388877
450261954
450926193
451019659
451043956
450180286
450258330
450923455
450927368
450262350
451034620
451031782
450365323
450389900
450830948
450833526
450940588
451047424
450828262
450271134
450165989
451020979
450355961
450367462
450168401
451035760
450282991
450204005
450180667
450865377
450865506
450926371
450947469
450285848
451035796
450356909
450382001
451041956
450162981
451044772
450940456
450832734
450198785
450960784
450367555
450260672
450258030
456940411
456950553
456950686
456937630
456949364
457023439
457043254
457047329
457045473
457021712
456928398
457034949
457035329
457031098
456925388
457020682
456935914
456948342
457044317
457033745
456927102
457033966
457044533
456937207
457045582
456927090
457034009
456940243
457043217
457044293
457020403
458651011
458663010
458661321
458648335
458660229
459043034
459034340
458982871
459034316
458600854
458600600
459030393
459022450
459028670
458602666
459022904
458642962
459029638
458654178
458654850
458980135
458601825
458642263
458600732
459031010
458660766
458648419
458981504
456666609
456642874
456642895
458888623
458946830
458947862
458887340
456607661
456599349
458920342
458920210
458919489
456606173
458883775
456606113
456666269
456666245
456664894
456664913
458916440
458940045
458940176
458944046
458636636
458639250
458634873
456890228
458928225
456884950
458933222
458935786
456892818
459010592
459019298
456979054
456980009
456985265
458631354
458931826
456646901
456888330
456985157
458927768
456650410
456884406
458634294
456884442
456985169
456892374
458935293
458933570
456979853
458658633
456664109
458646766
456653597
458886115
456891558
458945026
456944086
458945198
458885179
456890658
459017157
459039230
459038954
456604745
458920822
457027029
459026822
456920181
459027302
458979439
459017678
456653069
456943770
457015219
458921714
456931531
459038654
457039121
456643015
456655049
458662506
456651044
458886992
456932350
456938192
456944166
458946410
458979703
459017978
457022638
459039074
458975251
459017918
456927534
457030496
456599422
458931958
459029402
456947386
458943746
456603404
458638914
459030746
457042424
459039050
458634750
458660072
458887028
458935317
456937437
458934530
457021340
459039206
457042772
458975815
456925820
458595654
458921198
456926745
458943225
457044617
456935983
459016226
458888179
458638314
458659412
448860716
448859085
448872418
448872426
448860668
449022871
449058549
449062528
449026700
449046681
449051385
448832922
448837602
448836918
449060908
449025007
448836798
449026628
449046800
449048781
449051680
457985710
457995068
457984138
457985565
458317160
458376326
458376314
458310367
457935272
458362462
457929510
458362994
458315467
457936758
458364410
458374826
457977526
458316800
458318119
458365678
458369504
457982278
458318335
458357840
458376945
458374982
448647933
448683676
448642759
448682380
458126985
458187806
458119579
458186366
448619001
448623766
448624420
458152190
458146162
458151458
458182538
448675552
448624168
448618820
448640143
448645856
448677596
448618880
458127763
458150582
448683081
457962070
448666664
457956417
458174937
458175730
458341586
458334284
457953753
448664020
458170226
458338958
449004130
448665752
458170538
458336594
448665740
458174961
448996624
448645543
448669966
448681180
457980151
457992438
448645087
448812894
448853158
448865601
458185190
458184926
448853707
458125303
458312901
449056072
458372558
458371677
449003176
458360662
448829598
457932585
457932774
458340466
458372162
448621360
449043916
457992378
458340242
448645375
457995730
448642447
448682092
448872946
448806234
448806306
458126624
458369240
458309902
448996384
457937670
458149394
449051092
458150426
458170334
449060428
457977247
448647703
449061700
448645135
448671676
457996098
448683520
448865046
458120467
449002593
449026809
449028127
449022139
458336714
458377574
448621768
457937889
448834700
457929762
448620844
457936962
458150558
448663996
458169974
449061256
458126408
458127727
457955874
456833503
456857249
456828994
456829233
448931865
448963016
448967332
448931314
448932655
448963400
448968784
456821633
448944465
456816341
448941088
448964404
456827647
456820126
456828103
448943716
448944862
456855221
456856577
448931805
456828211
456829221
456852980
450010424
450014261
450012754
449989256
458223189
458281942
458281929
458281538
458221210
449950881
449946137
458254610
449954045
449950100
449981791
458277993
449952653
458278586
458278346
449989615
450006317
458254886
449953445
458221965
450006329
450010209
458281010
458218567
458281358
450642416
450638457
450678184
458792254
458845184
458844969
458793487
450620272
458809425
458808536
450611625
458812178
458816722
450620044
450618952
450671097
450635383
458815490
450643078
458847626
458847662
450671073
450678736
449974654
450655780
450655318
449974593
450655372
458829130
456789821
456797777
458239316
458247218
458238584
448901608
449970833
458823153
458823398
450647404
458823482
456791973
448905394
458243138
458820680
456797277
458238332
458824790
449973245
448904644
450640075
450674997
450009077
450654532
456849298
456849257
458827442
458789397
448908166
448908196
458277290
449949713
458253758
458812850
449949377
448924867
449976509
448937008
456796217
448925335
449984599
450674776
450642188
450673808
456797609
456797585
458785207
456828535
458848982
456856313
458222743
448909264
448960864
458222719
449949526
458811662
450614372
450619648
458242946
456850973
458218831
458815598
458811626
449974629
449990563
450673856
450679480
458848209
458825222
456832891
448931636
448960084
448901596
448927939
449949029
458788113
449954657
458253542
456844858
456841018
456842333
456916542
448956928
456911350
456910734
448953729
448954384
456913376
448956652
449034956
449040034
457007036
457007156
457008629
456840041
457008893
456842038
456912510
449040052
448952560
457969641
449998100
457971165
458263076
450231753
450232062
458354006
450327178
458349602
450326685
450334533
458351114
449994009
450235230
457965090
458353754
450332285
457965930
449994449
458270798
450231741
458626662
450662048
450667089
458621430
458832380
450802030
450801498
450802278
458841050
450991857
459001538
450994232
450991833
459001586
450805074
450659806
450658948
459004162
450996820
450997660
459004690
450664132
459001802
458624660
458627166
450992104
458621178
450992332
448655457
448656112
456625601
456626936
458156144
458155929
450896721
450139061
458907573
450900442
458907950
450139661
450139589
458904046
458159378
448655164
448659088
458904056
458158646
458907170
448656016
456628329
450663424
456628241
458622834
450141909
450805374
450805905
450806298
450902025
458265622
450901762
448948449
457003697
450328937
450234262
458909254
457967746
456836741
456836765
459003182
458836281
448948696
450663340
456631102
448654352
457969330
448654340
457968522
450809802
458159666
456841781
450234678
458912026
450897076
450334493
449033936
459001654
450326477
457010717
459006950
450804546
458350850
458266310
450140648
457003613
448659580
450667168
457973790
450667252
448655536
450140540
458838398
450237404
456908730
456913809
458262404
450231729
458903888
458268146
450331124
450999717
457002845
458348846
450326237
457007000
457010957
450139221
457008581
458834973
457965474
458158214
458832596
450326765
456844061
448857619
456934462
448955061
448955290
448955320
449024383
457018255
456818993
449047558
448941964
456818921
457029929
457029857
449059636
448848369
457972410
457993401
457993206
449987434
450011717
457972221
458268753
458279822
450279319
458269274
458313571
458313931
457933854
458256382
450266814
458362058
450374133
457934094
457980991
457980979
450385661
458373638
450640966
458645602
450640735
450666064
450849019
450861790
450849511
458839862
458978515
451050892
459005558
458598258
458814362
450640438
451039672
451051420
458790741
450640903
451039341
459025994
458657394
456630197
448658476
458123935
450195574
450195993
450904060
450920563
458910854
448620412
450160858
450160181
458918510
450195797
450903448
448620436
458918414
450172195
449975541
450652864
448667404
456649637
458633934
449975645
450837670
458825697
450837978
458171534
458243673
450255222
450255882
450349973
458825962
448809882
459013742
458171918
450640867
458625486
457993134
450011093
456794933
456843053
458183426
450143261
458883007
448929703
450278959
450290934
458942386
448965292
449000308
457933690
458255810
450267078
459025414
450903616
450825630
456818033
456629825
457972602
448679824
458124427
448848474
448857717
458849493
458910878
448965376
450291258
450998397
450350033
450385961
457933929
450617176
458814770
450267162
458918402
459025490
451015819
457980919
448678900
456830710
456845093
448858843
456934999
456938420
448963208
448927639
457010206
457022902
449059876
449035972
457018915
456815909
456821165
448943476
457033438
448868046
456947658
449050216
457011401
448848630
449990191
450011585
450286615
458270702
450291462
450295952
450284071
450297226
450286663
458352662
450389576
458373758
450365911
457937782
458365442
457934166
450379085
450235830
450380393
450282703
449953253
450368504
457929870
450642320
458647822
458660982
458645695
458790943
450855610
450856918
450856927
450861678
450994856
459042530
451051684
451057564
450833094
458595010
450671260
450833154
450851647
458654430
458852642
450854239
448681984
458155870
458185982
450899780
450928135
456603104
458915816
456599213
450160709
458919746
456623273
458908214
448618592
450958532
458946110
450653140
448671358
456649829
458635916
448813986
448811300
450837918
450187690
458175374
456887502
456889568
450255726
450257626
458241506
458930810
448906684
458333828
456888222
450948004
457968450
448657102
456653297
456663838
456653285
456796157
450864870
456825139
448841910
458217751
456890890
456908454
456943662
450356573
450388349
456604493
450376397
458813042
449032000
450177079
459026654
458627070
456653309
450667468
457982635
458789335
450864846
448951436
458942690
449004028
457011353
459042470
448834086
458357516
450376445
450827850
458919722
450174463
448952752
456830589
456845117
448870820
448846158
448963497
456817100
457032761
456912438
449038492
449050600
456949076
456924258
450002345
449986495
457996242
458222108
450239946
458219887
458279942
450390369
450394325
458310055
458310403
458376398
457935176
450382053
450271698
458362934
458258534
449993633
450390977
458345804
458262512
458627118
458648443
458661249
450866180
450854743
458975203
458998940
451023439
450614948
458603562
450834018
459004874
458846865
458847782
451046140
458999204
459004742
448679848
456665801
456638875
450141080
458179856
458939900
450964432
458915804
458918169
458923718
458143556
448616320
450925099
450167153
448620184
456641120
450136457
457961922
456651153
448814454
456794285
458175494
456887217
448909504
448908580
450355653
459016322
458333900
450263250
451030304
450187085
449996673
458658609
458125473
450177139
458836994
450926157
448948192
450233874
458979163
457003517
459003026
451034001
458371910
450615736
449043477
459026678
457932090
450234270
449976461
456836777
450388781
448647739
456637735
450663664
456793604
458848970
450255666
448932343
451027864
458352146
458309875
458349494
448623976
448938944
456924920
457027349
459025478
457929714
448905280
457033157
455051504
455049934
455051255
455050028
455050039
455051239
455050174
455051253
455051229
455036601
455036843
455039238
455039214
455036853
455039586
455039193
455036578
455038306
455048865
455048482
455048566
455037871
455037911
455048447
455048445
455048875
455038278
455039335
455039348
455048722
455051123
455036731
455048711
455039370
455036684
455039600
455036963
455049885
455050016
455051207
455050015
455038170
455038174
455048745
455048468
455036962
455036697
455049894
455048612
455039191
454956478
454956455
454956453
454954881
454954882
454956439
454956200
454954870
454956451
454932563
454928219
454928753
454932125
454932188
454928204
454932165
454931399
454931098
454931097
454952505
454930811
454951955
454952515
454932454
454952387
454952384
454952321
454928459
454954591
454928453
454928468
454952345
454952375
454955099
454954967
454932152
454954965
454956283
454951976
454928227
454928433
454932163
454944587
454944586
454941549
454944150
454941935
454944417
454941944
455027759
455027756
455023270
455023253
455023637
455023775
455023773
455023641
455024722
455025114
454940627
454940051
454940578
454940243
455024578
455024541
455024936
454944010
454941430
455024924
454944023
454941406
454941380
455027346
454944405
454941503
455024562
454940217
455025094
455027710
455027598
454940445
455023266
455023254
454940240
454944149
455024660
454943003
454943242
454953789
454942843
454943227
454943262
455025905
455025874
455047279
455025893
455046989
455046993
454929670
455035678
455035151
455035223
455035218
454929617
455035281
455025994
455047115
455047127
455047121
455025989
454942710
455026391
455035397
455047146
455025857
455035638
455025861
455026005
454942689
454953833
455046982
455047254
455035219
454943225
454943122
454944331
454944332
454956035
454953678
454941642
454941690
454944283
454943098
454954724
455026303
455050961
455049665
455049646
454932274
455035523
455035484
454928310
455035499
455037791
454952122
454952062
454930939
454930979
455026255
455039069
455048321
454928322
455037762
454932319
454932295
454940336
455035483
455050926
454956041
454943255
454943131
454953692
454953417
454941921
454955106
454954974
454955108
455027723
455027587
455047001
455050976
454929654
455039573
455035124
455039177
454932665
454931087
454940363
454952109
455048551
455037774
455038121
455039315
454928442
455036672
454932401
454932307
454953809
455035255
454954973
454944297
454954750
454953550
454941799
454942832
454942868
455026436
455051501
455050193
455023651
454930028
455035654
455035616
454928313
455036597
455039225
455025115
454931001
455037778
454930822
455024575
454940470
454952358
455048686
454928490
454928466
454932546
454944535
454952370
454956021
454928325
455049881
453720826
453720814
453719371
453719601
453720670
453719493
453720923
453719347
453719372
453719469
453709077
453708920
453709054
453706038
453706391
453706389
453708683
453708659
453709028
453706257
453707745
453707482
453707743
453717874
453717911
453718314
453718015
453707446
453708778
453719190
453719203
453719239
453707579
453706172
453707471
453718293
453720548
453706002
453719587
453708798
453709063
453720561
453717920
453719205
453719502
453717884
453435695
453434483
453434253
453434384
453434350
453434492
453435800
453435703
453388187
453388293
453381627
453380914
453387440
453381572
453387507
453380902
453386699
453386962
453429227
453429153
453386167
453429223
453386691
453386827
453429082
453435023
453435015
453433642
453387971
453429103
453388149
453435623
453428421
453381679
453434427
453428951
453387483
453435751
453386984
453381442
453380911
453434235
453434223
453423824
453421319
453421136
453421182
453420896
453421161
453673306
453673293
453666047
453672555
453673220
453666694
453673275
453670402
453670386
453670390
453416559
453416565
453669915
453669959
453416878
453670715
453670347
453670640
453670614
453672992
453417202
453423082
453666395
453420474
453673257
453423867
453423741
453423872
453665997
453421103
453421098
453673290
453416480
453421299
453672598
453666417
453421287
453432750
453432935
453422238
453432921
453433159
453422327
453432933
453422334
453672118
453713483
453714059
453714081
453671771
453671767
453671769
453672099
453385235
453701675
453702069
453701631
453702081
453385198
453671722
453385363
453702178
453432354
453432371
453385326
453713926
453432714
453714042
453432391
453672063
453671710
453702177
453671322
453384835
453385329
453385591
453423695
453433019
453421007
453421026
453421016
453423646
453673171
453720159
453714142
453718811
453673087
453714190
453666536
453671955
453385518
453702263
453708200
453381231
453708231
453381298
453670495
453670530
453706875
453717438
453417054
453670507
453706943
453717498
453666523
453381284
453434036
453435355
453385495
453706942
453708250
453428792
453433059
453720138
453421011
453423639
453423683
453423787
453432776
453420887
453432909
453423786
453673268
453671971
453720735
453718833
453719420
453671301
453388269
453702335
453708993
453701655
453705627
453385527
453705956
453417321
453706955
453706951
453717837
453706950
453416526
453670628
453708723
453434994
453666407
453719155
453385531
453707672
453423783
453666405
453666798
453423799
453420871
453435526
453673402
453671816
453719631
453666489
453714092
453719499
453666019
453388290
453708274
453708261
453380878
453380910
453381582
453708675
453381498
453417343
453707674
453428793
453428970
453417045
453416515
453385364
453421808
453420490
453670579
453388038
453702200
453720117
453720903
453666787
453428946
453671276
453625907
453625784
453624597
453624562
453625619
453624573
453624560
453602014
453597657
453598067
453601601
453601967
453597608
453602009
453600826
453600799
453621897
453621695
453621653
453600298
453600273
453621800
453625325
453624067
453597929
453624043
453625327
453600548
453601989
453621812
453624275
453624055
453597917
453600681
453602143
453598162
453624069
453621670
453624569
454766372
454764779
454764946
454766231
454764789
454766122
454718732
454712193
454712194
454712147
454712055
454712139
454718074
454711472
454717291
454717279
454758922
454759715
454759791
454716766
454759527
454759761
454759533
454717275
454718587
454759580
454712014
454759628
454766315
454766180
454712235
454716735
454718047
454711448
454718863
454759774
454766379
454759581
454764771
454712110
454717999
454711989
454742639
454742481
454738090
454738487
454738127
454738676
454742049
454742446
453578387
453577607
453571635
453577593
453570981
453577605
453570920
453573911
454735246
453573562
453573581
453574349
454735509
453573903
453577846
454735880
453571270
454737863
454735901
453577859
453578204
454735887
454738067
454738061
454738065
453577545
453578199
453573908
453578369
454736014
454735952
454738671
453571577
454741043
454761851
454762373
454740790
454762399
454740773
454761873
454761847
453576815
453576813
453619318
453619019
453618967
453576731
453576729
453576730
453594683
454714035
454714037
453595013
453594969
453594706
454714851
454714615
453618725
454714563
454761559
454714351
454761633
454762347
454762085
454714354
454741299
453595233
454765847
454741121
454762279
454742333
453576922
453578096
453571451
453625091
453623804
453578127
454718291
453601282
453597315
453597317
453597380
453601307
453597404
454714779
453600043
454735711
453621125
453621130
453599986
454716987
454718311
453578069
454735743
453625064
454711709
454717028
454716992
454741155
454764466
453597379
454742467
454741171
454762412
454766201
454738637
454762151
453576935
453625832
453623791
453625571
453625568
454714773
454714364
454712213
453598113
454714767
453600755
453600751
453621155
454717011
453576521
454765539
453571235
453574263
453574160
453619169
453621152
454761879
454712215
454738635
453624509
454714099
454742337
454742479
454766393
453619185
453618524
453619030
453625647
453625623
453578049
454714725
453602074
453597394
453597345
454714040
454718081
453597381
454711457
454717289
454736023
454759781
454716706
454759517
454735183
453577867
454741810
453618728
454761622
454711925
453618752
453601827
453578335
453576752
453600687
453601329
454762352
454718045
453614025
453611266
453613616
453613629
453611374
453697197
453697067
453693080
453696647
453693092
453697133
453693224
453694558
453694161
453610066
453609630
453693971
453609617
453609503
453610025
453609486
453696802
453696779
453609917
453610805
453692818
453696742
453692780
453697019
453613847
453692826
453692661
453693056
453611202
453693188
453613581
453609522
453696753
453697050
453613498
453611393
453692817
454754495
454754493
454751694
454751735
454754502
454754338
455003996
454997379
454997175
454997259
455003915
455003912
455003181
455001358
454747907
454747467
454747079
454747503
454747902
455000955
455003598
454996919
454996918
454747739
454997000
455003816
454747773
454747100
454997351
454754031
455000931
455001214
455001177
454747701
454996917
455003910
455000876
453411923
453407579
453407984
453411551
453407565
453412061
454908944
454902267
454908159
454902142
454901543
454902207
454904457
453405471
454904123
454904139
454904914
453405346
454901825
454904780
454904777
453407240
454908416
453405452
453408029
454904175
454902165
454908821
454908809
453405476
453411201
454902298
453407571
453404624
453409427
453408990
453409390
454750545
454750103
453409373
453408849
453409385
454906319
454906317
453607354
454905443
454906233
453606591
455000038
454999509
453690071
453690051
454905730
454905738
453690154
454999559
453606906
454999635
454906254
454749939
453408821
454906258
454999581
453689718
453409023
453607421
454749681
454999230
453411680
454753985
453407675
453407696
454751327
453411629
454753962
454906139
453613247
453610518
453613194
453607251
453607258
453696404
453692446
453692387
453696339
454999822
454996784
453405030
453693675
453609197
453609239
453609231
455000804
455003420
453411591
454753901
453610541
453690413
453610544
453690462
453411651
453607277
454753959
453692398
453696342
453409295
453411894
453409290
454751333
453408887
453409409
454908906
453610593
454902176
453611175
454902171
453607410
454908117
454999481
453690573
453690567
454997331
453693023
453690045
455000819
453404897
454904151
455001167
455003538
454747719
454996935
453407276
454906169
453693752
453697110
453609861
453609464
454997334
453411942
454750401
453408102
453408886
453408860
454908550
454908930
453613245
453611343
455003993
453697114
453697035
453692385
454997206
453405033
453693681
453404902
455003573
453690178
454753697
453407238
454751081
454999857
453690188
453607245
454753709
453692823
454997213
453612719
453612441
453623278
453623274
453612275
453622867
453695579
453716986
453716981
453716695
453716957
453716697
453599118
453705057
453598991
453598942
453704711
453705102
453599513
453612155
453704813
453622698
453599191
453704801
453704814
453622714
453622699
453599085
453704555
453612393
453704682
453695433
453705055
453716950
453716406
453623009
453695550
454753195
454763747
454763494
454763443
454763490
454753151
454763722
454763457
455002665
455044042
455001887
455044563
455044639
455002671
455044569
454715829
454716222
455032227
455032559
455032635
455032631
455002230
454762962
455044482
454762963
454762915
455002269
454715803
454752387
454763675
455044603
454752711
454753110
455002233
454716187
455032762
455044510
454763451
454752747
455044878
453431877
453431579
453431554
453410697
453410695
453431335
454907626
454949787
454906803
454949875
453383566
454925583
454925577
453383555
454926113
454907045
454907071
453409879
453431003
453409907
453409903
453431083
454907309
453384077
453409953
454925291
454925289
454907621
454926082
453431307
454739986
454739603
454739591
453419598
453419597
453419585
454739469
454739549
453575313
453574959
454937514
454937202
453669418
455021145
455021139
453668681
453668669
453575226
454937405
454739139
454937382
453575214
455020743
453419909
453668634
453574902
453668637
454739194
453419463
454937909
454739403
453419731
454752671
453419671
453431434
454763166
454739669
454739670
453431446
453410302
454907195
453575442
453611919
454937651
453622446
453669214
455002147
453695087
455020803
455020834
453669207
453695081
455044303
454925722
453598635
455032511
455032427
453704237
453598661
454925655
454925717
453704238
454715669
454907179
454925679
454752587
453431395
453419667
454739963
454753135
453419561
453410441
453575481
453622797
454937563
453622923
454906794
454937166
453669439
455002613
455021123
455044067
453668647
455020587
454925711
455032497
455032971
454925705
453704310
454715691
455002217
454752341
455032707
453431031
453622663
453669198
454715695
453383779
454739715
453623189
453574925
454739962
454739551
454752749
454752621
454907598
454949830
453623271
455002373
453716205
453716991
455044066
454715649
453705051
453704667
453598906
455032625
453598971
454715753
455020726
453419119
453716518
453383925
454937935
453704289
453612560
453613738
453612551
453625470
453611095
453611107
453624174
453612558
453695722
453716866
453716837
453692951
453692947
453716830
453599362
453597743
453597752
453705848
453600391
453707171
453609754
453621510
453717785
453600378
453609766
453694253
453613711
453621539
453623084
453719057
453694265
453708510
453704983
453708514
453623117
453705859
453696870
454763603
454751563
454764658
454765999
455002546
455049363
455044748
455044759
455002462
454718478
455038839
454711856
454718391
455036204
455001091
455037442
454759403
454747607
455001087
455002494
455037500
455038807
455044739
455050676
454717112
455003706
454754223
454711831
454764598
454711855
454765959
453411815
453411791
453410599
453435284
453431681
453433930
453407791
453411752
454949744
454902059
454902007
454908608
453387785
454931843
454925895
454927899
454927904
454930515
453428627
453386381
454904691
454908635
454907443
454931883
454949684
454949679
453405185
453381127
454954277
454739864
454742195
454742183
453577976
453578000
453571350
453571379
454943758
454943778
453672910
453672887
453672908
455021027
455020995
453666219
455022946
453670222
454735559
453416823
453669296
454739780
454742154
453416799
455026913
453672862
453416806
454943801
453420706
453420735
453670184
453577913
454740882
454750258
454762043
453432610
453409114
454761979
453576634
453576647
453607135
454942399
453618922
454953003
454942434
454942435
454905970
455025563
453671523
454714458
455034795
454714515
454905990
454740839
454750203
454761954
455034846
454714519
453576641
455025558
453701887
453576593
453411762
454753007
454763561
453407807
453433939
453575588
453575586
454953019
454942458
454999748
453669307
455046737
453719019
453695657
453704895
455038787
453381137
453381135
453704898
453386418
453670230
454939807
455037459
454939805
454759337
453694205
453386420
454939808
453419823
455038783
453618893
454738239
453410586
454750292
453423367
453431682
454751561
454949718
453623062
454941115
453577915
455002541
453713792
453601755
454711877
453597735
453597771
453670267
454930566
453416794
455037521
453621507
454930542
453576620
453577939
453623079
453612693
453611359
453611118
453612294
453612295
453611120
453695733
453693203
453720635
453692960
453695585
453602111
453602109
453598146
453706373
453599369
453707699
453707215
453717777
453718254
453717990
453718255
453612164
453720503
453720498
453720500
453692807
453719177
453695457
453602107
453624185
454763730
454763467
454754082
454763731
455003723
455003720
455050713
455044095
455049387
455049847
454996568
454716095
454718828
455032220
454712226
454711863
454715418
455039550
455001323
455048793
454758959
454759479
455044496
455036647
454764231
455001189
455001320
455002530
455051037
454751835
455037836
454718035
453435293
453434191
453407951
453411511
453431851
453410205
454949855
454949588
454908129
454925972
454932500
454927955
453387461
453380864
453386937
454931313
453405195
454951907
454930781
453386145
454908389
453411243
453433663
453411245
454925829
453433971
453407547
454739975
454742586
453423413
453423764
454738631
454742453
453577989
453575339
454944381
454941867
454941870
453574940
453577554
454941872
453673377
453673376
455026952
455023179
453672579
455027669
453416505
453573593
453670602
455020736
453420467
453672975
455020737
453419439
454742055
454741269
453409398
454761857
454762127
453432869
453422181
453432739
454906279
453607395
454953747
454905491
455025627
455047211
455025629
455046943
453385223
453385218
453595503
453701627
454929461
455035590
454714603
454929726
453618735
454905747
453576665
453408609
453422571
454741139
454750387
454764503
453431455
454751312
454752642
454937708
453622463
454955994
453607266
454953619
455026220
453720107
453692405
455047339
453718784
453595374
453708221
455039024
455039022
453386543
453417029
453621113
453621115
454718299
454741131
453607265
453412038
453422576
454765821
454751837
454752773
454943791
453624183
453619004
454954938
453669189
453672895
453690429
455027539
455044889
453671264
453384330
453601317
453706371
454715417
453386454
453599997
454735195
454939831
453717465
455048525
454929728
453695451
454761596
453621771
453614035
453623228
453624594
453610987
453613987
453624306
453695854
453716865
453720797
453720634
453599098
453601737
453709049
453598134
453601626
453598976
453694159
453694245
453610015
453717917
453717905
453693994
453695480
453707621
453692806
453706133
453599192
453600642
453708761
453695564
453707465
453717893
453624270
453694003
454754242
454754383
454764810
454763456
454752778
454765965
455003971
455051355
455049927
454997230
455002328
454718457
455039487
455036914
455036121
455036859
454718070
455001322
455001045
454747039
454759317
455048530
455048559
454715972
455003551
454753723
454762928
455048703
455003815
454754299
455051331
455036955
454712106
453411910
453431816
453407587
454907481
454907600
454955115
454908139
454949600
454908151
454956195
453383806
453383816
453388169
454928211
453381165
453388097
454930521
454952434
454931331
453428405
453384056
454908367
453405319
453431000
453381413
453381425
454904443
454954305
454956147
454742230
453420789
454738134
453575756
454937974
453574880
454944543
455021014
455020364
455023779
453665957
455023659
455023767
453670258
453573906
453670221
454736022
453417269
453669032
453417137
453666353
454941399
453672861
454941105
453573618
454741038
453422073
454762041
453433145
454740750
454906053
453618438
453607027
454905969
454905835
453689770
455047539
453713477
455047227
454714342
453595554
455034801
453701626
454714830
455035095
454999579
453595246
453421805
454999987
454929249
454762086
454742334
453422446
453422465
454762258
454750375
454907204
454941651
454901875
454937684
453613195
455002112
455020870
455027463
453718841
454999819
454929915
453601278
453702317
453704264
455036403
453385457
454735734
453609223
454759266
453717473
453702305
454949420
453407635
454741170
454750411
454752656
453419432
453619290
454954317
454955103
453695661
455046741
455051319
453692431
453601677
453598110
453387473
454735758
453600357
455024679
454747063
455001163
454942719
453610783
471018239
471018081
471016617
471017939
471017936
471016628
471017960
471006358
471006345
471006203
471003666
471003273
471005946
471006179
471006222
471004774
471004763
471015597
471004603
471015322
471015547
471006070
471017816
471016482
471004854
471017815
471006079
471015452
471015450
471003679
471016866
471016607
471003680
471005024
471006355
471015152
471016510
471016902
471005959
470923065
470922935
470922932
470923039
470921600
470899306
470899280
470899295
470894945
470895417
470895333
470894921
470899378
470918645
470918709
470918938
470918963
470919197
470918695
470899135
470899151
470919082
470919077
470919071
470895185
470919070
470922667
470919213
470923136
470895201
470918947
470898094
470898080
470894887
470922874
470899113
470911185
470908679
470908266
470910899
470908542
470910897
470994454
470989931
470990453
470989967
470990369
470990374
470991825
470991431
470907341
470906950
470991382
470994035
470991678
470907200
470907167
470908146
470990120
470994053
470906804
470907329
470908613
470908221
470910860
470991418
470911181
470910765
470906912
470908493
470993934
470909698
470920150
470920259
470909602
470909682
470909601
470920126
470909718
470993159
470993143
471013689
470992571
470992831
470993098
470896751
471001859
471002393
471001954
470896385
470896495
470992710
470909405
470992698
470909466
471013819
470896519
470992843
470920499
470920097
470920099
470896533
471002097
470920018
470920157
470909561
471013710
470909863
470922803
470922779
470922778
470920388
470922767
470920386
470921480
470994178
471014144
471017711
470990195
470990228
470992961
471016363
471014083
470896666
471005768
470895078
470895018
471005783
471003188
470898989
470907094
470907055
471015006
470918801
470899002
470899004
470922743
470918813
470921419
470990204
470907032
470908354
471016350
470911283
470911147
470909709
470922791
470909970
470920135
470993132
470994201
470993011
471017697
470989953
470992607
470993915
471002255
471006165
470895294
470895297
470991402
470907323
470918831
470897538
470897539
470897801
470896511
470992736
470907188
471015407
471003395
470907186
471015403
470993010
470909445
471017781
470990085
471003655
471017910
470920544
470921698
470922930
470911005
470994442
471017698
471013748
471016329
471016625
470896654
470899041
471003305
471003526
471001820
470897673
470907355
471004757
470918646
470899126
470922642
470919992
470896520
470919210
470923134
471016865
469022267
469021065
469021043
469020920
469020789
469021076
469010362
469010372
469010361
469007469
469007855
469007456
469007734
469010121
469019358
469019710
469019458
469019447
469009149
469019322
469019743
469008930
469010251
469020646
469009018
469008907
469019613
469022216
469007445
469010083
469008906
469021977
469007479
469020645
469007695
469019720
469022226
468642238
468642083
468640655
468641947
468641972
468640772
468640749
468582827
468574821
468574898
468581818
468581882
468574893
468574774
468581219
468581481
468581503
468633383
468633393
468580591
468581423
468581510
468581387
468581384
468634163
468634178
468639955
468581282
468581231
468634166
468574641
468640814
468573955
468640557
468641879
468641875
468634022
468582537
468574882
468640822
468580556
468640742
468574891
468640886
468630359
468630357
468627274
468629915
468629912
468627694
468962986
468962855
468962865
468954974
468954914
468955052
468954131
468955076
468962990
468962770
468959962
468621419
468621494
468621995
468622026
468622422
468960262
468962602
468962600
468622208
468954630
468960131
468962502
468629386
468962589
468627218
468962018
468959406
468960206
468626782
468621992
468622028
468626769
468962898
468627290
468628773
468639203
468639549
468628638
468639283
468639297
468639166
468961411
468961643
469014465
469013546
469014383
468960650
468961634
468579261
468580178
469001574
468579931
468638626
468638639
468628062
468638634
468628094
468628675
468639102
469014167
468579235
468628098
468961358
469014070
468638673
468639182
469014166
468639290
469002285
468628883
468628882
468630067
468641814
468627414
468641804
468628902
468962711
468961510
469021472
469020050
468954718
469014307
469021471
468954716
468580038
469009595
469009586
469006858
469006907
469002462
468580034
468581087
468960046
468622166
468633866
468581027
468581023
468962684
469021424
468627355
468954758
469008246
468582439
469008176
469009558
468640478
468961446
468630188
468630189
468639455
468642059
468627287
468641922
468639175
468961652
468962827
469014332
469022294
469020719
468954117
468960729
469022299
468582431
469001648
469010289
469007385
469007778
468960079
468634271
468633345
468634262
469008703
469019394
468634267
469008971
469007510
469014055
468582518
468962565
468581204
469001647
468639566
468627278
469022034
468630082
468630223
468641830
468641958
468961545
469013530
469020718
469022126
469014116
468954847
469002574
469001672
468574914
469007386
469007714
468581814
469002548
468581478
468621511
468621499
468634270
469019306
468580494
468622303
469014080
469021970
468626758
469009010
468581370
468634290
469020758
469014164
468962023
468926038
468925907
468925904
468927058
468925903
468927321
468927322
468899626
468899049
468903071
468899444
468899495
468903053
468903405
468903581
468901975
468923339
468922858
468901715
468901747
468923361
468922829
468901997
468926770
468899309
468925447
468925487
468903305
468903431
468925973
468901724
468903031
468902129
468902134
468923384
468922846
468899337
468923096
468925901
468903034
468927317
468899083
470638079
470636483
470636591
470637909
470636625
470636492
470637943
470578521
470570747
470569822
470577728
470577740
470569810
470577095
470630054
470629894
470629855
470629850
470630119
470576999
470629197
470576998
470578388
470577199
470637154
470637131
470570390
470629982
470570470
470578401
470577211
470629202
470570587
470636522
470636396
470630014
470637850
470629929
470570397
470630120
470614292
470614294
470609813
470613761
470613779
470609768
470614289
468867958
468867812
468859010
468859810
468867729
468863997
470605811
468862979
470606333
468863990
470605414
468863867
468863861
470613392
470606258
468859442
470613335
470606206
468863447
470606372
470605449
470606366
468859046
470613689
470610260
470614217
468863865
470605460
470609433
470609762
468859877
470610130
470612959
470633590
470634113
470612431
470612434
470612935
470612674
468918514
468919079
468865615
468919403
468866277
468918511
468866594
468895677
468895670
468895055
468895133
470573733
468866111
468895379
470612066
470633134
470574353
468866102
470574439
470574153
470633489
470633755
470633179
468866369
470574393
468895413
468918509
470573695
468894691
470633926
470610031
470636168
468866467
468919306
468926330
468925079
468866408
468925016
468866462
470574524
468898685
468898690
470574554
468863735
468863731
468901318
468922370
468863726
470576804
470578109
468926369
470609990
470629603
470637451
468926429
470609998
468925013
470610026
468922436
470612855
470614149
470636435
470634091
470612969
468867919
468919293
468859759
468925941
468865688
468866990
468925807
468918487
470578487
468894731
468898701
468899534
468899402
470577693
468863435
470629610
470629615
470577163
470629961
470609399
470576816
470612966
470630096
470609786
468926993
470614291
470633961
470634056
470609794
470610211
470636729
468866336
468927338
468925113
468925766
470578541
468903434
470569805
468863722
470577053
470630098
468923378
468901654
470576993
470578373
468866072
468903290
470574440
468902637
470637977
470612372
468912826
468912443
468912656
468915429
468912419
468998625
468998483
468998482
468994666
468994520
468998105
468998579
468998444
468995423
468911469
468995543
468995454
468910942
468998238
468914926
468912245
468994222
468994254
468998178
468995837
468995853
468995576
468998454
468911372
468911369
468994266
468998063
468994493
468995865
468995600
468998610
468994674
468912382
468998046
468915065
470626175
470623150
470623542
470623398
470623415
470958825
470950760
470957914
470957890
470950772
470957903
470957894
470618181
470617834
470955227
470955263
470955698
470955706
470956019
470958392
470625242
470950514
470625222
470956053
470955776
470618246
470622621
470623454
470617850
470618130
470956065
470955752
470950473
470950782
470957866
470626010
468618453
468613925
468614327
468617948
468618416
470863667
470855866
470855858
470855648
470863701
470863702
470859305
468609538
468609614
468609537
468609970
470859743
468610541
468610331
470855291
468613529
468613534
468613568
470859602
470859610
470863262
468613532
468610004
470859686
468610460
470854937
470858890
470855645
468614486
470621710
468615306
470621825
468615309
468907557
468906622
468907163
470860178
470861138
470954337
468990191
470954249
470953953
470954282
470953893
468990266
468907025
468990258
470954382
468990262
470860562
470954471
470954298
468907497
470953907
468990134
468906570
470860694
470954830
468907553
470621702
470860181
470954778
470860533
468615704
470625647
470622056
470623002
470863350
468914450
468911818
470855454
470860928
468911864
470954722
468990563
470954714
470958214
468997685
470859377
468610114
468910490
468910538
468910530
468907362
468617981
468610138
468910496
470950326
468614054
470625614
468618297
470625659
470623100
470861133
470860739
468915374
468915380
470855468
470863742
470954321
468998543
468998402
470950850
470950721
468995507
468910574
468910577
468609978
470617817
470954453
468998142
468912215
470861009
468995060
468997698
470621289
470625998
470950461
468615836
468614121
470623157
470623366
468615776
470861001
470861108
468915446
468911865
470855698
468915050
470954854
470958778
468998630
470950329
470954252
468610150
468610458
470617349
470859345
470859678
470956061
468914918
468912214
468614852
470859690
468615344
470625965
470855814
468912374
470950733
468924318
468924670
468924455
468914111
468913713
468913854
468997283
469018379
469017898
469018401
468996779
469017874
468997037
468900562
469005965
468900383
469006157
469006146
468900419
469006289
469017994
468900631
468900630
468924187
468996881
468996907
468913829
468924174
469006123
468900521
469018422
469006159
468913709
469006245
469006507
470624863
470635426
470634990
470635174
470635134
470635163
470635173
471010214
471010015
470956594
470956559
470956497
470575643
470575629
470576022
470997501
470998386
470997467
470575622
470957074
471009818
470634414
470634511
470957114
470575761
470998159
470998154
471009342
470635075
471009907
470575639
470575725
470624870
470624386
468638267
468638013
468616618
468637687
470862465
470914353
470914918
470861541
470915242
470891519
470891422
470890930
468577949
470890493
468578573
470891254
468616195
468637346
468637289
468616166
468637291
470861937
468617063
470890951
470914949
470891237
468578834
468617150
470914749
468638210
470861549
468578517
468578779
470611679
470611619
468625866
468625941
468865318
470902950
468864299
470903349
470902458
468958510
468958977
470986547
470986490
468958017
470985574
468864791
470610755
470902766
470610689
470611182
470611185
468625901
470903334
468958622
468959022
470986554
470902457
468864389
468958410
470611378
468616722
468626071
468626082
470624303
470862035
468865003
468865006
470903090
470861987
468923758
468923743
470956930
470986190
470986286
471009790
471009695
468996329
469017511
470575450
468578418
470891123
470891118
468899978
470997809
470997842
468578474
470891021
470956938
468626039
468626035
470903066
468637783
470956942
468616706
470914877
468617109
470634983
470635374
468616583
470634895
470611397
468865279
470862162
468923774
468924350
470914303
468958475
470986514
469018343
469018073
471009993
468578469
468578826
470891102
468864749
470861899
470986118
470634455
471009859
468958758
468616185
468626114
468638222
468616761
468626395
470624349
470635385
468865282
468865017
470903383
468924226
468865219
470861538
470985931
471009953
470575589
470997813
470890974
470902867
468913622
468924134
470861850
468864859
470891238
468637785
468924650
468915214
468915175
468924562
468926926
468915186
468998339
469021870
469021808
468994354
469020521
468903198
469007290
469007298
468899219
468900764
468901847
468901879
468923003
469019230
469019177
469019191
468903163
468900786
468913961
468915155
469021820
468912510
468995732
468998334
468911230
468913985
469021822
468924533
468925613
470625896
470635306
470635302
470623295
470625882
470635270
470958538
471010160
471010082
471017276
471010159
470575858
470998307
470570358
471002786
471002768
470570360
470955887
470629762
471014618
470955839
471014575
471004082
471010134
470635202
471002750
470617976
470629712
471010086
470950606
470623238
468618212
468616963
468638119
468614192
470915051
470915050
470922176
470920955
470863502
470891362
470894495
470891285
468610295
468633782
470918275
468633746
468633727
470897153
468578711
468618116
468640291
468614153
470862278
468578710
470859536
470897192
470898415
468614210
468640322
470609897
468627126
470611541
470609900
468865136
470903234
468859542
470903219
470903218
468865178
468859544
468958906
468958846
470993522
470989571
470993495
470993549
470605955
468621906
470605997
468958854
468865122
470989538
470907686
468863570
470613866
470907653
470611478
468628445
468628475
468628458
470621921
468615514
470860858
468866191
468907294
468907190
468918942
468919002
470954579
470992135
470992171
468990353
470574275
469002065
471001426
468615475
468907235
468628409
470919566
468907289
468639026
468615548
468626227
468629795
468629792
468640339
470860866
468907262
470919606
470855562
468859598
470954591
470954585
468990427
468998270
470575841
468903098
469007252
470897142
471004049
470918267
468633734
470605961
470862293
470986386
468616970
468913925
468922904
470570299
468615550
470612552
468629803
468614206
470623241
470613859
470863506
468915118
468907196
468859591
470907718
470922234
469021774
468578698
468895280
469002008
469007342
469007318
470617973
468922994
470629721
470611447
471004085
470920890
468925574
468912559
468924427
468925856
468915306
469022207
469022204
469020751
469022069
469020536
468997169
469022203
468900935
469010456
468899586
468899453
468901866
469019298
468901697
468923085
468996894
468913601
469019561
468995825
468913602
468995960
468911349
469007553
470626161
470635290
470623283
470636707
470623388
470637767
470957491
471017303
471017300
471015974
470956567
471006261
470570349
470998016
470570574
471005858
470998010
470576951
470955918
470955230
470576378
470629747
470955237
470629979
470622594
470958798
471006259
470637662
470570707
470955236
468616869
468614243
468640375
468616603
468614240
470862332
470922969
470921779
470915251
468578735
470898501
470899208
468573933
468581195
468610519
468609599
470918606
468578588
470859665
468617515
468634127
468641246
470859669
470899207
470855597
468577927
470610176
468627522
468627176
468625842
468867549
468867908
470903255
470910825
468958893
470986533
470986526
468954539
468954533
468954530
470993852
468863949
470605991
470990894
468621983
470906861
470610726
470990027
470609381
468864765
470986530
468622245
468625838
468962010
470622198
470612421
468866227
470909061
470920463
468865663
470909898
470954311
468990681
469014410
470993057
468579653
468894698
471001769
468579215
468614879
468638610
470860586
468961614
468615398
468907517
470633798
468618042
468641778
470863364
468914510
470922707
468962669
468996368
468997679
471017606
470891094
468902627
469002404
469005605
470578094
468581059
468910553
470918742
468633854
468922423
470574535
470914853
470612588
468639405
468627175
468913209
468925982
468865664
470954312
471016817
469014152
470574537
470578625
468900806
471002169
470894985
468922425
470575745
468900662
468628052
468634122
468912266
468915310
468912439
468912525
468924440
469022261
468994147
469018112
469022117
468998443
468899634
469007301
468903022
469006100
469009181
469019302
469019717
468901734
468998191
468913568
469007573
468994255
469010201
468998455
469006520
468994267
468899070
469007441
468996740
470635436
470638030
470623282
470623390
470623269
470957361
471010304
471017302
471017930
470957899
470949967
470578674
470575857
471002697
470997464
470629186
470955223
471015278
470630118
471015158
470956063
471006062
470634490
470637126
470957468
470625837
470624516
471017822
470637846
471004610
470625703
468638134
468642077
468614253
468640649
468614359
468614229
468642065
470862190
470855863
470920942
470861516
470922237
470891385
470899286
470894457
470898453
470894918
470897846
468610459
470897546
468610233
470898050
468578612
470914726
468613591
470899106
470891240
470914292
468613891
468640553
468629769
470610342
470611148
468627689
468865294
470908670
468864392
468867030
470989582
468954977
468954929
470994278
468960341
470906734
468621989
468622385
468863862
470994050
468954653
470613330
468863577
470986377
470991806
470614218
470903336
468626300
470609418
468629861
468615787
470633710
470634054
470612466
470860711
470920154
470920198
468961618
470993062
471013730
471014006
468895662
470895813
469001621
470574450
468614911
468628073
471013814
468579833
468615343
470624326
470634908
470610054
470636202
468865052
470863399
470920418
468859746
468958750
468962705
469020094
469005572
470570182
470991566
471015062
470629530
470991506
468581021
468914491
471009740
469014293
470621949
470622211
468630317
468614467
468625964
468866346
468924620
468925098
470994194
471017690
470992598
468582261
469005620
470895290
468581105
468621873
470629830
470621287
469686055
469686322
469687391
469687412
469687401
469686068
469687402
469675784
469673158
469673106
469675355
469675749
469673010
469674467
469674177
469684593
469684639
469674323
469675499
469687278
469672894
469672855
469672868
469685938
469674335
469687497
469672879
469686311
469674059
469673120
469675626
469674454
469675533
469687674
469686078
469674080
469685937
469675747
469402559
469402557
469400974
469401201
469402519
469402555
469401069
469354893
469355012
469348426
469347639
469348306
469354220
469354823
469354232
469354899
469348221
469353703
469395155
469395154
469395658
469353635
469353367
469395915
469353711
469395609
469353584
469401683
469395735
469348135
469400446
469400415
469400419
469353691
469395815
469402335
469348163
469348267
469395663
469354773
469354749
469395814
469352840
469348219
469402515
469390676
469387638
469387882
469388013
469390271
469633559
469632682
469632753
469633395
469633535
469632740
469640151
469384065
469383195
469636715
469637430
469384030
469636677
469637363
469639734
469383860
469633158
469389831
469387222
469639755
469387196
469383932
469390460
469633506
469387953
469636703
469637487
469637385
469383921
469387234
469387623
469633378
469387822
469390491
469389345
469399522
469388959
469399487
469399638
469388950
469681077
469680811
469680807
469638753
469680795
469680250
469638531
469680271
469352387
469669198
469668754
469351590
469668318
469352099
469638403
469388527
469680630
469399079
469352043
469668879
469668930
469352361
469638431
469638522
469668921
469399431
469388879
469668759
469399831
469352122
469351987
469669162
469388529
469399125
469680990
469680774
469388955
469390414
469390390
469402136
469400843
469389179
469389176
469390363
469402126
469400804
469638682
469639867
469680947
469686884
469633210
469633271
469639811
469686859
469639863
469354594
469352262
469668982
469672311
469352183
469674956
469352235
469383815
469684242
469684207
469673639
469684195
469354602
469390327
469669023
469674966
469637216
469383812
469389142
469685478
469387719
469388003
469401186
469387868
469401055
469399771
469389330
469639879
469687593
469633519
469686267
469686272
469638543
469668383
469348026
469347591
469348028
469669050
469672941
469684227
469395642
469352875
469384038
469352107
469400394
469400396
469638417
469639725
469669171
469348027
469636688
469390239
469390651
469399894
469402161
469399640
469681076
469686801
469687527
469633282
469687371
469638752
469352241
469354902
469672678
469354198
469348290
469672731
469353273
469674130
469395942
469674027
469636675
469395126
469354770
469389799
469399102
469685931
469390591
469399568
469401018
453054355
453054332
453054211
453043655
453040761
453041154
453043402
453040737
453041130
453041156
453043750
453052734
453052763
453042165
453042307
453042310
453052854
453053936
453053935
453040866
453042453
453043628
453042451
453055628
453043630
453042309
453052857
453040882
453040747
453052772
453040735
452674163
452675255
452674175
452616119
452616117
452608185
452607274
452608094
452608040
452615099
452607962
452615096
452615183
452608174
452614799
452667587
452666654
452613779
452667230
452613838
452613861
452613862
452666659
452615854
452667464
452674562
452607895
452607907
452616080
452675156
452614646
452615853
452615829
452675486
452608099
452613850
452675222
452663507
452663493
452663494
452660840
452663231
452660984
452996146
452996252
452996121
452988261
452988262
452996042
452996180
452993230
452654690
452992619
452655273
452993454
452655587
452662714
452655578
452655539
452660048
452662664
452655486
452993492
452993214
452655573
452663411
452655566
452987378
452655299
452996274
452663498
452987961
452987937
452662018
452672865
452672862
452672579
452661875
452672442
452672863
452662314
453046737
453047495
452994031
453047719
452994014
452994686
452613078
452613430
453034942
453035482
452612498
452612987
453034905
452612553
452661290
453035518
453035567
452613114
452613170
452613443
452994907
453035601
452661957
452672783
452661818
452661823
452613434
452613031
452994678
452662298
452672474
452661345
452675098
452673755
452660686
452675087
452663324
452675119
452662146
452994800
452996011
453054658
452994728
453053336
453047527
452615696
452607803
453040234
453040182
453040206
453040232
453052019
453052110
453041503
452655398
453041454
452995962
452662091
452675022
453047570
452994778
453035710
452672714
452988090
453053386
452607775
452675078
452672733
452672852
452673883
452672591
452674148
452663598
453054734
453046802
452988079
453054261
452987390
453055315
453054260
452608146
452615147
453043304
453043698
452655683
452992675
452613827
453041985
452662676
452655542
452674538
453041540
452673782
452608015
452663479
452675358
452660983
452660863
452994944
452996275
453047601
453055670
452988322
452988057
453047456
453034940
452608150
453040185
453041102
453035458
452607246
453041517
452667153
453052546
452662687
452667366
452607894
453040798
452613116
453043478
452655429
452655691
452675154
452770535
452770414
452769238
452769107
452769103
452770388
452770389
452770390
452768960
452723037
452722904
452715647
452716431
452722163
452722162
452722215
452715621
452721717
452721439
452763959
452763875
452720926
452720839
452721435
452722735
452763800
452716139
452716167
452768423
452722683
452716150
452723001
452763807
452768433
452715607
452716263
452716160
452722737
452721452
452769754
452770539
452763164
452768361
452722219
469307373
469307492
469306039
469306160
469239178
469239971
469247889
469239176
469247966
469246786
469299585
469299239
469299326
469246694
469246699
469246754
469247819
469239931
469239838
469239911
469246567
469299453
469305259
469305968
469247159
469246766
469248074
469247842
469248091
469299465
469306178
469306058
469246569
469253180
469253259
469259195
469252583
469259205
469259181
452711145
452711026
452702315
452703082
452703092
452702291
452710137
452704474
469251050
452703543
469251071
469251135
452704335
469251848
469251850
469252466
452702343
452702423
469251843
469259771
469259768
452702433
469252502
452710142
452711139
469259073
469259858
469259049
469252514
452703022
469251200
469258402
469300107
469257802
469300611
469300643
469258331
469300653
452709838
452762639
452708914
452761675
452762373
469241499
452715106
452714242
469240595
469240509
469241219
452709039
469257655
452761743
452708947
469257747
452709747
452709031
452715079
469257734
469300029
469241217
452714191
469299993
469300646
469241157
452714107
469259698
469306726
469306702
469305315
469253111
469253107
469253096
469258515
452762506
452768218
452762471
452768282
452768216
452709662
469239399
452715515
452715430
452714955
452715428
452720690
469251722
452704250
452720751
469245980
452710807
452714948
452762423
469253031
452710851
452762422
469300754
452769531
469239370
469258533
469258652
469300887
469305849
469259715
452710883
452769620
452708891
452708882
469240700
452715093
469239395
469239182
469251119
469251794
452763599
452703591
469246442
452768343
469299379
452763727
452709543
452715091
469259714
452761821
469300622
469258545
469259995
469300102
469307170
452709836
452711011
452761690
452710198
452762600
452723018
469239190
452722214
452715489
469247175
452721446
452720757
452703598
452763122
469259071
452716078
452768354
469252387
452714156
452768426
452756026
452755626
452755906
452756015
453008000
453001547
453007343
453001533
453001527
453001534
453001472
453005070
453005470
452751287
453004638
452752029
452751239
452752062
453005358
452757803
452751855
452755239
453001074
452757839
452751898
452757882
452757873
452755559
452755557
452755950
453004695
452758196
453001508
453005367
453007713
452751284
453001150
453000750
452758198
453004676
453004712
469295482
469295240
469295229
469292574
469292865
469628264
469619423
469627258
469620128
469628181
469619402
469625231
469287274
469625630
469287618
469625507
469287563
469294688
469625402
469294667
469294686
469628094
469287686
469292771
469287297
469628222
469628098
469287320
469627254
469625409
469295222
452627999
452621307
452620521
452621242
452627204
452627783
452627781
469343012
469334217
469335098
469335095
469343062
469343126
469336545
469335754
452619058
452619191
469335531
452619267
452620059
469342282
469336419
452626970
452620474
452620391
452620442
469334360
452627063
452627054
452620461
469334432
469335609
452627895
469343074
452621378
469334349
452619188
452626989
452627906
469288246
452624567
469288551
452624565
452624955
452750758
452750663
452750354
469339581
469340414
452750361
452749818
469620873
452999315
469620783
469620878
469621230
452999843
452749862
452749870
452999750
469288014
469621269
452624862
469288941
452749946
452624471
452999259
469620882
452999830
452999398
469340415
469288190
452625224
469288856
469292183
469288878
452627571
469342710
452755115
469340378
469621462
469627400
453000106
453000002
453000542
469624758
452619582
469286831
469286871
469336058
453004587
469340303
453004571
452757668
452750534
453000578
453000051
469288806
452625123
452627546
469334787
453000546
452627510
452627816
469288887
452620983
452621219
452624540
452620988
452624541
469340373
452755098
452750336
469335050
452755544
469619351
453000207
453004574
469624623
452751978
453005286
452757788
452620422
452620419
469628190
469287632
469289006
452620425
469627266
452625308
469295487
469292181
452627190
469340504
452758582
452755634
469339570
452757705
453008138
453000537
469627270
469621580
469335678
452751190
469286691
469625139
452624336
452627070
469294659
469627437
453000188
469335606
452757091
452767907
452756923
452756946
452757342
453006539
453049059
453006047
453049039
452719954
452720394
453037114
452719606
452719602
453036791
452719911
452720391
453036717
453006407
452720094
452756563
453048682
452767035
453006358
452720119
452757003
453036369
452719571
453049027
452720115
452756877
452767899
453036885
453006030
469294319
469304469
469293871
469294271
469294002
469626655
469626681
469678738
469679750
469679486
469626023
469626590
469626859
469626674
469245478
469245429
469245474
469666953
469244450
469667426
469667831
469245378
469244542
469679267
469666919
469679349
469678782
469667438
469679707
469245442
469666855
469667431
469244518
452626679
452625803
452625875
452626591
452668915
469341799
469394637
469394338
469340906
469340870
469394635
469340817
469394539
469346099
469346319
452608574
469346109
452625659
452625662
452667958
452609239
452668022
469394283
452608557
469341795
469394554
469346227
469394355
469340949
469257359
452656559
452656626
469256554
452708505
469382662
452708022
452989677
469631301
452988663
452988670
469631354
452989581
452707727
452989194
469631747
469256430
469381958
469381914
469631262
452656934
452656935
469256469
452989630
469381815
469256474
452989185
469631226
469257095
469293442
452656687
469304003
469293522
469341438
469341439
469394195
469382438
469626123
469631975
469631870
453048146
453005823
469631890
453048067
452609118
469667002
469346639
469244586
452719467
469341354
469341355
452719430
453048107
469256991
469626126
469341399
452626274
469667083
469293434
469394139
452756379
452626367
452626363
469304523
452656758
469381795
469394586
469393667
452707559
452989641
452989635
469632203
453048710
469626866
452719898
469346702
469667790
452720034
453036831
452667939
469667529
452767815
469256522
452626674
469293514
452656159
469304463
452668606
469382743
452767862
469678750
452988739
453048242
452609121
452719425
469667074
452608546
469340958
452756470
469293291
469667559
452609085
452720354
469631263
452767106
452757187
452755723
452755747
453006680
453007871
453048911
453007851
452722595
452720218
453037066
453042915
453043004
453042918
452721286
452751730
452763558
452763478
453005166
453005211
452763475
452721296
453037028
452770074
452770076
452720223
452720263
452722606
453041648
453052196
453001246
452757171
469292735
469292711
469679602
469620059
469619995
469620050
469628006
469674776
469239750
469247622
469667690
469674774
469287451
469673498
469684015
469673550
469245307
469247684
469287428
469287422
469299174
469620042
469292630
469684087
469247671
469625324
469287430
469295278
469679578
469620066
469674823
452668755
452621051
452673379
469342855
469401626
469334938
469400279
452609360
452607323
469347514
469347483
452615294
469336295
469336291
452619806
469394943
469395027
469336263
452619787
452668682
452621035
469354071
469341699
452615323
452626514
452627690
452619728
452656904
452662762
452660115
452662794
469257219
452710712
469382531
452702786
452708288
469387016
452995463
469632539
452987462
469632020
469632014
452704114
452992842
469636586
469636506
469251627
452654826
452708298
469639182
469382535
469632587
452660103
452660108
452989498
469252906
452702811
469639146
452672038
469258191
469258239
469340219
469388435
469388398
469398955
469340210
452994131
452999875
469680071
452999887
469241122
469351427
453035079
469668218
469288679
452661427
469637859
452672078
469257188
452626496
469294100
469300499
469305719
452757128
469401587
452702798
469341650
452758314
469621391
469627928
453007790
453046935
469680122
453001196
453042903
469245254
452704122
452721227
469287371
469299114
452763458
469383114
452989506
452607355
469258232
469305795
469259515
452708350
469389727
452762240
452757170
452994080
469637890
469632535
469639147
452607318
452715950
452992843
469625367
453041678
453041642
452989495
452721290
469295271
469300424
452673306
452757333
452768826
452768827
452755867
452755604
453006815
453000723
453055323
453054139
453048931
453053552
452719977
453040679
453043314
452716388
453005478
453042395
452763911
452763111
452763115
453006419
453006415
453048656
452763771
453040808
453005349
453052952
452769717
452716387
453048786
469304459
469292721
469307207
469626815
469687581
469679726
469620074
469626007
469685420
469627317
469248071
469245057
469672214
469675305
469625363
469299182
469673982
469299285
469675439
469684808
469685863
469245182
469625469
469626666
469303929
469687578
469292954
469672663
452627831
452675301
452620571
452668623
469341549
469394612
469334279
469394347
469342982
452615903
469354101
469346169
469346300
469348202
469347500
469353350
469395023
452620035
469342327
469354679
452667971
452674511
452673188
452627031
469341687
452619909
469402323
469347499
452673189
469257215
469259819
469252554
469259151
452663157
452663418
452710746
469382606
452710184
452710185
452708090
452995472
469633461
452987343
452988266
469639268
452987348
469251107
469383143
469251663
452704502
469637288
469381943
452656088
452659982
469381938
469639926
469381941
469381803
452672073
452624527
469257834
469300507
452662230
469340481
452709426
469340082
469340078
452994867
452994609
453046947
453047671
469241469
452612675
469352303
452715063
452613131
452661302
452761791
452671871
452708990
469258262
469388469
469668307
452761659
452612467
452627563
469294808
452672663
452709659
452709656
469390310
469627443
469686783
452994734
469247276
469354547
469668963
452704242
452720747
452667110
469673586
452614316
452994738
453005886
453053346
452668890
469253085
452749796
469401618
469400745
469382335
452996059
469638740
469639219
453055454
452987347
453054002
452608698
469245051
453041066
469240544
453041666
469299183
452763110
469247799
453035528
453047276
469401666
469687179
452987875
452770510
452770530
452768841
452758255
452770125
453006681
453055515
453054339
453048728
453049040
453007809
452722593
453043582
453036752
453005515
452763678
453004711
452721366
452720132
452721546
453036896
452757850
453048596
453040887
453008107
452758459
453052611
453054039
469307502
469292599
469294137
469686657
469687318
469686326
469628179
469667734
469675778
469667649
469244456
469625206
469286695
469684622
469299558
469246698
469626512
469674302
469687274
469293344
469294663
469625215
469673114
469240026
469295143
452626676
452621109
452675235
452626328
469342857
469334973
469401142
469401010
469342135
452616034
469354886
469347513
469346901
452615883
469336543
469335679
452666721
469395950
452666769
452613855
452609230
469336399
452667970
469401758
452614563
452614647
452668689
452613843
452627107
452657024
452660583
469256480
452660811
452656857
469259778
452711154
469387810
452707580
452710218
452988872
469631216
469632670
452993583
469251978
452992659
469259046
469381942
452656112
452660043
452704137
452993607
452662749
469252506
469633370
452662035
469399910
469399558
452994651
453047739
453047487
469638482
469668273
452714310
452612535
469621195
469352090
452624383
452761758
469638350
452613435
452994903
452714685
452624419
469299978
469259706
452668498
452672715
452673759
452710846
469382456
469399742
453000007
469686794
469247322
452722066
453042867
469354550
452655351
469395554
452720766
452751127
469383782
452626364
469288219
469307037
469259166
469340371
469341428
469387077
452702274
452767556
469686866
453048188
469687322
469241370
469354850
469667792
452613957
453005157
452721354
469286911
452989244
453005287
469389842
469592625
469592636
469591307
469591163
469591291
469568877
469568722
469564859
469564772
469564769
469568349
469564366
469567294
469567521
469588349
469567541
469567426
469567388
469567390
469592108
469588541
469564655
469590749
469590764
469567532
469588655
469592093
469564879
469564353
469567005
469567544
469568842
469568743
469568589
469588088
469564327
469591037
469591157
469588640
469568553
470733119
470732984
470731519
470731497
470732841
470732840
470731641
470685587
470678997
470684780
470684795
470678847
470684003
470726506
470725635
470726499
470726251
470683487
470684193
470683401
470725690
470732242
470730963
470730919
470684063
470685327
470684133
470726372
470678719
470731715
470731447
470732769
470685333
470678119
470731755
470683400
470709214
470704857
470708770
470709164
470709209
469545118
469537713
469538387
469544326
469545033
469537695
469537724
469540565
469541098
470702745
470701959
470702675
470702139
469540355
470702669
469544590
469544561
470702542
469537901
470702561
469541019
469537977
469537659
470705175
469540337
469541127
469537664
469544957
469540616
470704863
470708763
470702696
470707999
470729159
470707471
470728881
470728877
470707733
469543522
469543783
469585763
469542991
469543005
470681638
470681577
469561474
469561666
469562211
469561749
469561665
470681338
470707162
470707203
470728359
469562009
469543227
469543737
469585979
470728347
469585711
470707685
469543757
470729074
469561747
469561663
470709059
470729003
470732525
470728988
470732555
470732587
470709089
469544827
469591823
469585875
469538255
469590487
469538170
469568060
470678471
470678403
469564095
469540891
470683745
470702403
469566730
470725931
470702435
469540865
470702468
469564083
470731187
469590463
470705048
469540856
469562143
470707863
469585846
469564063
469585865
470731239
470709081
470704831
470707483
470732923
469592553
469537691
469538475
469544287
469544288
469586011
470685405
469561461
470678147
470678451
470678804
469564697
469564112
469561457
469567203
469587871
469567469
470681348
470702588
469568531
469585479
470704571
469537947
470708529
470678455
470731467
469544285
470729156
470733058
470705122
470707486
470728989
470707845
470709163
469543774
469538359
469585869
469585208
469564041
469564755
470680832
469564767
470684273
469540627
469567210
469540809
469541071
470707222
469590706
469564623
470684249
470708551
470725965
469564635
470683457
452960494
452960624
452959147
452959031
452959185
452959149
452936866
452936732
452932919
452932330
452932763
452936345
452932916
452936289
452956091
452935025
452935019
452956115
452956113
452956642
452935029
452936611
452960051
452956486
452958790
452935363
452932652
452958766
452932639
452932349
452932880
452959256
452936602
452960633
452959277
452936287
452936815
454671333
454671083
454671188
454669760
454611826
454604026
454603106
454603880
454610930
454611011
454603892
454611014
454603082
454610937
454610359
454662502
454663139
454663078
454663401
454663173
454611695
454603774
454669111
454603747
454669082
454603772
454610462
454604003
454669101
454663148
454610990
454669809
454603737
454663150
454670998
454669089
454611859
454647587
454643504
454647071
454647047
454643613
452901080
452901093
452900216
452901143
452893304
452901098
452897213
452896689
454639574
454639133
454639130
452896342
454639577
452897087
452897086
454639546
454646642
452900609
452897138
452897255
452901045
454646972
452900698
454646649
454643570
452900254
452900613
454646279
454666853
454666869
454667134
454667075
454667359
452899655
452899915
452951698
452899821
452898982
452899634
454607405
454607981
452928034
452928014
454607061
454607366
452928369
454607374
452899331
452899354
452928595
454666378
454607690
454645343
452951729
454607035
452928917
454607426
452899637
454645353
452928019
452951734
454666802
454607011
452928633
454646143
454647269
454643345
454669472
452900951
452900972
452952488
452958299
452892950
452952547
452958370
454607837
452928827
452928722
454603450
454603442
452928767
452931962
454603448
452896978
454662809
454662875
454610011
452935915
452952524
454670726
454603466
452892992
452959613
452958389
452928763
454669478
454647559
454671299
454669497
454647029
454669712
452960411
452959214
452958959
452960276
452893040
454607849
452936781
452928008
454610966
454607045
454603052
454610099
452935190
452896310
454610090
452956051
452935193
454611631
452935322
452935327
452960015
452952158
454669055
454611626
454607709
452928811
454647422
454603495
452892353
454666846
454645712
454669745
452892957
452960354
454607805
452936858
452932910
454603413
454603901
452936254
454611017
452934597
452935022
452956634
452900674
452900683
452928596
454610405
454639651
452952176
452960570
468735800
468737011
468737119
468689603
468689734
468683147
468683024
468683014
468688174
468688173
468729887
468729879
468687611
468687643
468730639
468688083
468729849
468730591
468689458
468735140
468682863
468735164
468736450
468688412
468689720
468730533
468737063
468735611
468730531
468735152
468689590
468729800
468735939
468735742
468735807
468736449
453340667
453339178
453340761
453339188
453340497
453281396
453273478
453273383
453280378
453273321
453331859
453332858
453332611
453331910
453332863
453331918
453279770
453279944
453339770
453273119
453281036
453339871
453281126
453332852
453339861
453340694
453331931
453332587
453340567
453279934
453332854
453339118
453272539
453273343
453279056
453332709
453339446
453285886
453285795
453292487
453286535
453293192
453293247
468677853
468669957
468669861
468669826
468669794
468677783
468677648
468677870
468671279
453284414
468670382
468671270
453284469
468677003
453292346
453292322
468669075
468676991
453285730
468671133
468677661
453293049
453285783
468669740
468670331
468671254
468670400
453284420
468669027
453292390
453291945
453291919
453291159
453291874
468676557
468676555
468675598
468676514
453274707
468681838
453273855
468681026
468681045
453273998
468681475
468681566
453333183
468675663
468681482
453290991
468676475
468676471
453291861
468728343
468680871
453290997
468729351
453334178
468680959
453291788
453339980
453333975
453339971
453291819
468677614
468729227
468729131
468676328
468729199
468676330
453280599
453280604
468688810
453274562
453274570
453332003
468729651
468670915
453285010
468670922
453274627
468688799
468736263
468682190
468734942
468669608
468677583
453291818
468736323
468669591
453291812
453286395
453286508
453339255
453339128
468676531
468735854
468669791
468675608
468676916
468729211
453280595
468683055
468682931
453280389
453281306
453279267
468670315
468670442
468688207
453339788
453273127
468677042
468676527
468681549
468683059
453293131
453334112
453286402
453338601
453339339
453340623
468736353
468737114
468736329
468677517
468728396
453281247
468689662
468682137
453280371
468689534
468670483
468688130
453331870
468729794
453285009
453284347
453332643
453273183
468675668
468689582
453331923
468713375
468709559
468709493
468712931
468712928
468709529
468713458
452912962
452905707
452905725
452906363
452912955
452909145
452908618
468706907
468706899
452908545
468706037
452909002
452912588
468706786
468706757
452908942
452909132
452912921
452913056
468709473
468709340
452912589
452913113
468713511
468706701
468712983
452913029
453313018
453313055
453313054
453316877
469525307
469525310
469525184
469525295
469525286
469525185
469525316
469529266
469528751
469529217
453308186
453308486
453308189
469529084
453308890
453316016
469524785
453308918
453308981
469533173
453308564
453312140
469532685
469525313
453313058
469532213
453308492
454623824
454622955
454617081
454616422
470672795
470672786
470672768
470672792
470664849
470673554
470666241
454615823
454614982
454615126
454615035
470667014
470667026
470672903
454615778
470664974
454615893
454617008
454617140
454623806
470665791
454616350
454615832
454617086
453310353
453309821
453309903
454619067
453310421
468705597
468704975
468705062
468705537
469526547
469525610
469525702
469525629
469526045
454618894
468704723
468704703
452904578
469526042
454618887
452904659
454618937
453309501
469525649
470668742
469525841
470668905
453309513
470669127
453310299
453312281
454616681
454616624
470673191
468712568
468705434
468712529
468708572
469526483
452912090
469524431
452905587
470666530
454615289
453308222
468705905
470673099
454615358
468712503
468708548
452912127
470669595
454615328
452912134
453312190
468708531
453312218
454623779
453316820
453312995
454616385
454617041
454619060
454619319
468705455
468709461
468709325
469532427
469525235
452904375
452912222
452905580
469528659
452908533
452909057
468706823
453308102
470666135
469528658
469524707
453308897
470668934
470666576
452904645
454623770
452905577
468708615
453310424
453316899
454617178
453312483
454617089
468705584
470664857
470669529
469533087
452913022
469524514
469525215
452912894
469529259
469528666
470666505
452908222
453308110
470666093
469532679
453309416
452905922
453309452
469532607
470669541
469533039
454614965
469524465
452906318
468732994
468711657
468711633
452911763
452953239
452953954
452910923
452954001
452910995
452953995
452911779
468685797
468684993
452929421
452930218
452911229
452930011
468711371
468732459
452911469
452953179
468732963
452953713
468711389
468685762
468685497
452911493
452953449
468733311
452953769
468733047
453315703
453336779
453315127
453336513
469584623
469584621
469530898
469530959
469530974
469530993
453276899
453277378
469560023
469560862
469560431
453276446
453276413
469560417
469560429
453276890
469531355
453314791
469560686
453335849
453314731
469531855
469560914
453336734
453336213
453336739
469530933
453315622
469584713
469583753
454622518
454622239
454663875
454663881
454664487
454663927
454621714
470672386
470725185
470724838
470724923
470724914
470676742
454605254
454605255
454605338
454605051
470677378
454663835
470724314
454663831
470677634
470724191
454664399
454604391
470725111
454605093
470676655
470724831
470725155
454640999
454640122
454640471
454640403
454640451
453288465
470700850
468672890
470700842
468672993
468673910
469536303
469536183
452893749
469537114
468673067
469536665
453288335
470700550
454639971
468673022
470700586
470700431
470701346
452893647
468672909
469536173
470701431
470700903
452893697
453314926
453314923
453336041
454621907
453314863
454621906
453314885
468732386
470724626
469531127
469536895
469531031
454604739
468684790
454604791
470671783
469536869
469583858
454604767
452953054
454604731
452910785
454621898
454622191
454640167
453336749
453336487
454621661
453315105
470671855
470700470
470725133
468732959
470724211
452894361
452894355
452953095
469583911
452893677
469531106
468684863
470676693
453276626
452894067
452929911
469584101
453335831
454663771
469536233
453336746
469583705
453314925
454640191
454664753
453336226
453336507
454622165
470701339
468732782
468672979
452910777
452911754
469583691
452910962
469560165
470676785
452929418
470671517
469536607
468685466
470724346
453335907
453335847
454640899
468732962
468733124
468735370
468735395
468733147
468712003
468709270
468713225
452911639
452906254
452906211
452953868
452958499
468689231
468689228
452930115
468682571
452932059
452935997
452908829
468706655
468730111
468706594
468687843
468711979
468736659
468735344
468713165
468685630
452911637
468713223
452953901
453316775
469531783
469590350
469590356
453277241
469563995
453272846
453280838
469528951
469566539
453332350
453308794
469560782
453336611
453312715
453279488
453315554
453316678
469584526
469563958
469584545
454669163
454623483
454670539
470665499
470665526
470673350
470665502
454605224
470684648
470677978
470677983
454611074
470666818
470666767
470725586
470725507
470666827
470724975
454664522
454616875
470673370
470684638
454623530
470732187
454622294
454640840
453286145
454640807
454642822
454646746
454642784
470701306
470708339
470701208
470704406
470704373
470708375
452894499
469544171
452892443
469537594
469537490
452894403
469537592
452896486
469540145
470701829
452896394
452894439
454638863
454642742
454640765
469540203
468677343
453292742
469540172
453333605
454666547
453333663
454619531
453291341
454666543
454619547
468705298
468728734
468676022
470728171
452899042
469542835
469585010
452899027
469526271
452928167
469561258
468681219
468681218
454607138
468681269
454666503
470669487
452899085
453291362
454622321
454646768
454640825
453291399
468733088
468733085
468709196
452894463
452959748
470680685
452932031
453272864
469528923
454662587
454662579
454609778
469542845
452935987
453286106
454623569
454619552
454646719
453340186
453336663
454646743
468711970
470708407
470672165
452894479
469590291
452906162
452928142
469560795
452928068
468682538
468682598
469567887
468670747
469528930
470683313
453308811
469540147
452911598
453310076
453315483
470665445
454642747
468713483
468737087
468735893
468736952
468708992
468713345
452911773
452959827
452953215
452906351
452958512
452959831
468685241
468685245
452932305
468684983
468688904
452909121
452956591
452912551
452911243
452960027
452960024
452956457
452960023
468685509
468730485
452959829
468712947
453313039
453339415
453316473
469531773
469583769
469591091
469531766
453280857
453280850
453308843
469567459
453308555
453332546
453279093
469531367
453316070
453312115
453277142
469529240
453308949
453316994
469588449
469588580
469564687
454623671
454671275
454671141
454616959
454621699
454616960
470733021
470724242
470731430
470671449
470733019
454605207
470685362
470678768
454615883
454662633
470726423
470683387
454615635
470671583
454615748
470732223
454669023
454611602
454611871
454670349
454662428
454647512
454643547
453292421
453292425
468677817
470709254
470709257
468677678
452894607
469537175
452893101
469545015
452897189
453284817
470702127
468670730
452894087
468671079
470708468
453285687
468673359
454638668
470702132
453310157
454667049
468705559
470728526
470707409
468705033
452951709
469525679
452898911
452899826
470680694
452928338
453274469
470668923
454645262
453274473
468705555
469585097
452928343
453316207
454643291
453338619
453338624
468676364
470708996
468732362
470731175
470673146
452899700
452910851
470684966
470684972
452935863
453272621
452929325
470666551
453308282
470725889
468705953
452955667
453274603
469544753
468711243
454667174
453288763
453310269
453339945
453309872
453340467
468676232
470708997
470709127
470733017
468669895
468736946
469591749
452928872
469568643
470678765
468688898
470666553
469588047
454609625
454615745
468712682
453332679
453285691
468712054
468737141
468735766
468736997
452959047
452906299
468685268
452936085
452932851
468682937
468683129
452936331
468687849
452909095
468730373
468706375
452912563
468712699
452956515
468685232
452935527
452958465
453312547
453336550
453340233
453312523
469531652
469533103
469524295
469531556
453277414
469567942
469564822
453276512
469560896
469529263
453279489
453332554
453332313
453277172
469532647
453277112
469564646
469588502
453280049
469532695
469566609
469567262
469588118
453273437
454623823
454670541
454669234
454622301
470673559
470725184
470665522
454604542
454603245
470684798
454610331
470684258
470683918
454614979
454662507
454662549
470666191
454622815
454670427
454663748
470677400
454663287
454664660
470731442
470666167
454670991
453289316
453289256
454643026
453292426
453289232
468677289
470709130
470704473
470704862
470700886
468676925
468677645
452893299
469536981
452901135
469541090
454639083
470702134
453285269
469536668
469536572
468670725
469536656
469537970
470704389
470700824
453310402
454667314
454619263
470669457
470728233
469525759
452951841
469585017
469585730
452898951
453274209
469562182
452928015
470680838
453273905
453290974
452904571
453333269
452952087
454645287
453310077
454646175
469542938
454619743
453334037
453291737
468676421
470728958
452952555
452904979
452935851
469568054
468682174
468681617
470681414
453284993
454662843
470725946
470671784
453292913
453291809
454640960
454616383
453336488
468676265
468728805
468732380
452904909
452912179
469585886
452900271
454605165
454603491
469564106
453273845
452936247
454610571
452908797
452908531
453308107
468670313
469540322
453281045
469590698
469580626
469577675
469578066
469580360
469577696
469577697
469580598
469659897
469659941
469659821
469663378
469660833
469660698
469660746
469576750
469661147
469661142
469576607
469659536
469661086
469661135
469663869
469576773
469578053
469578054
469580303
469659548
469580597
469578101
469577981
469580302
470718598
470718201
470720838
470718452
470718174
470718454
470970706
470964035
470963955
470963975
470970501
470970579
470967633
470713755
470967202
470714591
470713798
470967944
470967942
470714507
470720446
470720420
470963715
470970239
470967858
470963636
470967933
470970308
470964066
470964063
470720754
470967658
470721022
470721087
470970237
469374779
469374815
469378605
469374694
469374776
470875544
470869079
470875587
470874872
470868934
470868284
470871185
470871189
469371387
469371405
469371670
470871123
470871563
469377920
469374046
470875059
470875064
470868526
470875143
470871689
469378715
469371375
470868225
470868881
469374615
470875089
469378779
469378582
470868197
469371656
469376157
470717278
470716691
470717218
470716834
469375565
470717226
470872595
470872989
469573763
470872191
470872230
469657317
470965882
469656779
470966669
469656778
470965881
469656918
469375367
470716479
469656869
470716438
470872455
470872497
470872578
469574097
469656737
470716791
469656741
469375349
469656522
469573629
470872241
469656774
470717120
470718006
470720663
470717098
469378373
470875283
469579882
470868654
470872820
470868680
469663103
469657102
469659164
469663097
469660482
470714105
470714019
469660419
469660433
470872844
469663074
469575980
470868615
470970162
470714024
470868593
470718039
469378748
470721179
469374261
469378218
470717250
470718405
470873015
470875266
469580540
469577315
469663833
469659867
469659869
469656764
469657289
470871671
469371789
470714178
469576313
470872481
469377959
469580147
470720382
470970261
469378743
470714096
469573337
470868665
470720775
469378401
469375712
470721178
469374678
469378254
469574001
469580727
470869062
469577277
469577967
470872556
470970689
469656502
470963321
469663323
470966541
470967629
469372150
469661194
469576791
469576395
469371582
469660815
470966338
469576611
470721017
469573700
452948600
452945709
452948362
452948576
452946090
453027417
453027418
453031388
453031389
453031365
453029267
452944271
452944342
453028821
453029261
453031472
452944667
452944661
452945538
453027539
452944613
452948226
453029130
452948216
453027383
452948298
452944377
453031914
452944796
452948566
452945541
452944400
452948357
453027402
454656426
454656680
454656419
454659297
454656824
454983274
454983170
454991171
454991192
454991193
454991978
454989466
454651559
454988454
454650585
454651510
454650630
454651065
454658459
454658530
454651394
454655810
454983706
454983774
454658550
454651533
454659251
454658540
454983786
454984019
454659378
454991697
454992090
454658529
454656422
454984018
454651064
452651603
452647269
452647793
452647642
452651168
452647769
452647605
454896934
454888221
454889018
454896143
454896134
454888209
454892129
452643214
454892495
454892177
452643213
454892921
452650835
454888526
454896455
454888606
452650805
452651528
452651529
452647166
452643287
454896089
454896530
452642816
454896094
454896137
452648670
454655518
452648542
454654938
452648657
452648705
454893995
452940826
452940741
452940438
452940431
454894034
454987619
453022977
454987138
453023402
454988057
454988062
452940311
454654526
454654493
454654541
452940246
454893893
454987577
452648490
454987574
454987701
452649098
454987186
452651360
454656263
454656306
452648922
454655338
454896656
452947826
452947802
452947778
454888738
453023864
453026974
454983608
452643443
453028258
453028254
454651022
452643378
452643374
453023814
454655291
454655285
454656206
453026984
453028325
454894277
452651330
452947829
454896581
452647751
452647619
452651180
454659414
452940686
452945181
454893488
454889108
452946020
452948526
454992059
454991921
453031814
453023051
454983657
454984004
454983998
453027729
452643786
452642865
454650573
452643254
454892933
453029048
452643650
453023046
454651016
454888745
452643260
452648558
452651742
452648672
452647602
452940814
452948594
452945193
452940657
453023060
454987232
454987172
453027806
454989022
454651018
452643210
454991693
453031514
452648144
454651366
454651325
454894245
453031730
452943849
454896090
468722314
468725214
468722577
468974746
468967487
468974660
468971831
468717993
468718779
468972153
468971754
468974458
468718643
468724599
468724582
468721918
468967851
468967832
468974398
468972212
468974699
468725175
468967439
468971421
468724605
468968058
453328763
453325830
453325856
453328508
453328770
453653618
453653474
453653612
453660621
453653636
453658917
453319979
453658814
453657978
453661162
453653210
453658893
453661146
453325334
453325782
453328427
453658904
453326258
453652710
453653145
453326050
453320948
468594563
468588118
468587243
468587972
468593907
453376307
453368507
453367581
453368384
453376202
453367570
453375489
453369837
468586790
453369743
453369735
468585921
453375639
453369623
468587103
453367622
468593708
468587096
453375550
468588014
453367503
468587229
453368888
468587883
453376407
468594710
453367587
453368283
468591683
453321519
453321834
468591598
453373402
468717030
453372777
453654946
468966082
453653938
468966866
468966951
453654033
453372918
468591059
468966506
453321339
453321390
453372998
453654546
453373715
468591134
468966111
453654902
453654550
453373743
468965986
468717394
453321434
468594323
468591896
453325434
453328071
453328122
453373642
453375994
453376014
468717242
453368075
468721826
468967355
468967270
468966735
453660758
453658043
468971214
453320115
453369347
453658026
453320118
453369386
453654774
453320180
468717843
468724467
468721779
453320156
468967326
468591854
453375939
453328832
468587277
468593879
453325472
453376388
453368466
453367547
468717054
453372851
453372842
453660753
453661467
468974648
453653555
453652826
453661466
453369423
468971298
453319989
468717906
453372975
468593738
453661070
453369788
453376023
468594302
453368463
453653418
453321890
468591668
453321502
453328101
468588102
468587238
453328467
453328077
453321476
468716530
468721822
453368358
453654934
453654801
453652611
453652749
468968246
453369042
468585774
468717998
468717789
468971354
468585786
453654560
453654476
468974426
468721870
468965984
453367710
453652659
452746784
452742827
452742249
452746246
452742287
468873231
468879752
468873236
452739322
468875073
452739347
452740138
452740064
452745975
452742047
468872703
468872684
452742023
452746001
452740167
468873173
452742755
452746181
452739320
468872698
452742045
468872429
468873101
452742622
452742639
469283759
469283602
469279601
469279653
469279256
453566384
453558597
453557663
453558454
453562498
469274915
469275310
453561929
453562550
453565985
469282738
453558038
469274882
453558539
469278854
453561608
469283525
453562401
453566326
469283530
469278873
453557573
470590415
470583743
470583740
470583135
470590419
470589741
454706987
454698058
454698134
454698923
454698922
454706846
454699595
454699587
470581706
470582542
470581742
470581631
470581695
454700235
454698202
454698183
470583032
454700372
470582493
454698993
454698855
470589671
470581814
470590418
454698274
470583866
470589734
469276281
469276613
470585985
470586051
454703033
452737941
452738246
452737895
452738810
452738289
452737937
453559834
468870899
468871814
468871126
468871827
468871382
452738078
470585591
452737997
468870926
452738793
452737862
470585655
470586502
452738074
468871121
454702011
470585738
453559025
469282943
470583431
469278941
470586375
469276959
469282937
454706470
454706446
452741855
452741885
452745814
454706402
453565635
468878890
468878811
470582045
468874946
469274963
453561758
470582007
454698461
470583329
470589934
452745843
470590361
469283673
469279181
470590011
469279184
454702892
454706939
454706804
452741897
468871893
468871886
468872343
453558383
453558512
453559766
454699857
454699539
468875255
452740101
468875775
453562337
470589572
453557979
454706931
453566297
468875780
470583098
452738319
452746167
470590553
469282954
469276606
469276965
452746646
452742770
452742638
452738336
453565725
468871761
468873014
454700381
453562551
470582025
453559304
452741950
469278843
453559856
470583857
469278855
470585708
468720850
468720978
452744099
452743701
468721422
452941283
468876358
468876393
468876711
452941278
468970919
453025307
468970109
468970306
468876670
468876605
453024867
468720587
468720641
452743301
468720582
468970869
468970343
452941299
452941302
468721371
452942105
469280675
453324946
469280573
453324377
453324513
453563470
469571858
453657581
469655075
453656606
469655939
453656654
469655469
469655993
469655498
469572250
453323938
469572242
453323970
453657189
453657545
469655027
469572774
453657542
469281017
453323985
470587871
470587521
470587126
454703914
470712866
454704263
470712294
454984635
470962778
454984587
470962713
454703559
470586898
470962394
470712423
470712522
454985463
454651982
454652775
470712834
470713230
470587029
454704339
470586993
454703350
454651905
452644546
452645153
453372419
453371554
453371495
453372381
469369886
454889679
454890395
454889554
454889471
454889462
470866827
454889867
454889861
468589733
452644169
452644174
468590126
469370075
470866907
469370265
452644533
454889465
469370811
468590358
470587342
469280271
454652345
453324099
452644697
452644757
470587306
453372023
452743187
454703729
469370414
454890082
454889991
452941182
469571990
453656806
468969890
453656798
453371993
468969938
453024347
469571979
453324063
470712702
454652250
452743179
470712723
469571945
452644319
454652418
469280499
453324342
454703814
452743221
470712335
470712861
454704290
453563787
452942054
452941215
453562863
453657513
470961809
469655193
453024695
470961945
453657506
453371634
453024821
454890425
454704291
453024825
470712771
468876305
468590182
454652033
453371946
453371934
470712293
468721370
453371985
470712341
453563001
452942062
468876189
468876710
453656794
468970370
453656590
470962709
453657195
468970466
470867130
469369998
452743358
470712437
469572207
453563025
468876650
452744066
468589866
452746379
452742394
468722225
452742414
468877038
468872751
452947919
468872792
452947918
468967743
453031067
453027137
468974266
468875422
453028398
468971622
468718222
468971643
468970739
452945259
452742356
468879389
452739800
468718208
452947877
468879353
469280963
469283338
453325691
469279349
469283300
453324798
453558198
453566026
469662970
453653050
469655801
469659008
453657458
453562162
469660259
469660350
469575827
469660349
469280891
469658978
469577126
453324726
453563686
453660966
453563693
469275440
453325742
470590158
454652722
454652715
470583563
470590079
470717674
470720262
470717576
470962634
454983315
470963098
454991234
454988634
470582194
470713623
454699899
454699906
470713614
454699910
454699976
454699971
470590058
470717586
454698596
454658586
470962662
454650680
454652738
470720230
470713131
454658630
468594125
468594188
468587590
468594099
452650904
468594183
453367985
453367967
453367961
453367892
454890320
470874755
470867540
470874662
470874747
452642954
468586187
454892223
454892230
453369284
470870765
452646908
452650865
454890286
454896281
452642960
453367959
470586203
469276714
454654666
453321723
470586114
470586118
468716854
470716302
454702586
470872106
469573187
468871438
468871419
454987282
469656326
469656389
453654377
453321689
452939978
470965779
469573174
453654330
469280895
454702614
453373247
454706538
452743928
453367937
468722132
453375854
454893618
453558119
468872747
470868104
469655775
469656365
454699937
453563657
468876965
469658946
454655978
452650962
469283355
453325666
469276700
469370718
469375184
468716948
468721238
470717573
470720261
469573210
468970690
453031034
469655763
454892238
468875474
469660270
454892226
469660287
454890282
469377786
452939984
452941958
452746391
468721409
452742425
468877050
452948543
468872396
468974337
468970364
453025175
453031113
453031695
453024761
468875466
468875303
453028467
453028794
468718733
452944187
452741994
468721907
468721902
453029057
468879255
468875300
452746611
468717944
468872393
453328853
469280564
469279388
453563850
469577627
469663821
453656642
453657566
469663293
453562149
469660343
469275422
469576175
453320538
453657933
453658454
453661103
453325289
453325290
453325292
469580130
453661494
469661049
470590149
454656351
470589711
454658670
470590143
454699029
454698896
470718362
470712897
454985493
470970621
454989393
454989390
470582231
470714138
470962379
470714403
454706150
454991898
470967584
454659254
470712891
452651144
453375893
469369928
469378569
469370327
469378175
453372326
470867735
454889066
454889522
454896266
453369299
469371261
452643221
452643029
468586251
468593726
469370060
452644203
453367661
469373945
453371661
454889657
452643032
453368451
454655429
452648507
452648309
453373338
469376061
452737902
469375217
468871862
469573271
468871079
453558939
469573218
453654897
454987347
454987541
469656686
452738034
469656827
453321329
470586182
470872541
468716487
470586416
468591884
468587658
469278951
454702854
453375977
453373598
469577222
453656775
453660699
470966528
468973895
470871227
468874901
452643351
452943785
468590330
452745819
468590610
468592016
453325425
452742782
454889658
452940621
454992029
469663815
468967293
470714537
452944178
453561579
453369642
453372944
469276184
452745950
453027470
468721436
468724869
452746266
452742810
468879678
452942134
452948751
452945955
468879750
452948571
453025185
453025101
453027742
468973997
468875433
452739790
468718781
468970460
453031491
468718661
468967853
468875322
453025137
452944767
452742357
468722537
469283337
453325749
453558582
469577930
453661005
469663898
469659950
469663358
453562150
453320981
453561534
469275294
453658726
469280192
453557970
469655540
469655817
469660850
453320045
453656624
470587520
470583954
454656831
470589678
454706818
470718542
454992034
454985432
470963182
470964026
470582241
470967982
470713617
470967230
454988535
454703542
470586944
454658451
470963714
470587820
470969745
470581818
468590168
452646921
452644628
468589942
453372416
469378658
469373902
453376337
454896862
470875450
470867529
470867660
470868069
454892523
470870830
454892487
454889926
469371974
452646771
453371672
468586769
468590529
470875610
452643687
469371374
469374026
468591501
453322313
454655434
469276701
452737938
452737890
469375694
453559078
469574150
452940387
469573310
453654898
453023463
469656333
454988055
453654502
468966557
470585670
469656914
453023535
468591065
470966702
469656902
468591893
469278942
454703806
454702842
452745846
468720512
470720642
470875250
454888755
468876188
469655182
453030963
453027027
469663058
453369437
453369353
469575914
470589930
452739246
468587621
452647743
452644580
469279578
468717329
453367541
469574126
454889103
469654988
468967653
453024692
453027723
469663298
469371614
453657116
454893879
468716657
469278786
469579403
469578990
469589687
469589723
469589562
469662319
469683173
469683189
469683391
469683682
469683655
469566239
469671442
469671389
469671429
469566221
469662203
469662166
469671509
469565915
469671570
469671510
469662283
469671801
469671797
469671558
469565791
469579169
469671513
469589542
469565647
469589681
469589561
470719643
470719474
470730043
470730045
470730046
470969383
471011638
471011374
470968593
471010809
471011635
470969050
470999747
470999343
470999754
470682903
470969003
470719087
470999403
471011207
470729643
470999490
470968991
470968987
470999723
470719831
471010794
471010797
470968559
470682943
470730394
469377202
469398598
469398295
469398319
469377413
469376889
469377154
470916586
470915795
470916321
470915763
470916562
470916249
470916511
470892755
470892754
470892291
469350483
470892029
470892575
469397801
469397767
470873739
469350725
470874299
469350513
469377387
469398251
469376863
470915743
470874027
469350753
469377195
469397721
469398531
470873525
470892295
470706191
469386669
469386137
469386670
470706658
469386261
469542466
469542066
469541994
469541997
469542063
470987878
470986995
469635346
470987339
469636113
469635405
469541891
470987399
469385874
469541895
469541937
470706635
469385909
470987298
469636134
470706267
470987070
470987346
469636110
470706451
469377034
470719339
470719342
469377029
469542175
469542167
470916150
470916162
469589203
470968834
469635847
471011067
469682839
469661746
470682366
469565447
470892382
469671042
470873903
469350641
469565411
469661759
470987559
471011058
470999190
469350646
469350619
470987526
470719323
469377431
469377427
470719853
470730417
469398282
469376901
469542441
469589193
469541649
469579086
469635629
470987599
469662515
471011093
469683099
470987311
469683369
470998901
469671357
469671222
470892523
469589379
469683233
469350667
469565755
471011181
469377081
470719858
470719329
469398006
469376946
469578645
469579131
470903911
470916510
469579119
470987083
469661986
469683675
470968589
470892790
470892042
470892294
470873790
470892570
469376638
469578903
469589415
470682917
470999193
469683663
470916270
452947387
453051454
453051394
453030273
453051187
452933794
452934234
452933705
452933657
453039261
452933939
453039571
452946850
453030137
453030186
453030287
453030285
452946899
452947111
452957538
452957541
452933669
453030550
452946909
453039247
453051261
453039406
452946982
452957717
454657857
454668702
454668450
454657843
454990786
455042577
455043299
454989779
455043235
455043290
455043554
454609306
454608342
454608390
455031662
455031451
455031350
455043154
455043158
455043166
454990749
454990487
455031681
455031287
455031438
454990401
454608871
455031682
455031357
455031319
452650439
452650173
452650435
452670970
452671543
454948545
454947626
454895663
454895661
454948543
454895486
452611631
454923779
454924694
454924166
454923809
454924531
454924438
452670533
452670599
454948027
454895213
454895431
454923835
452649815
452671193
454923871
454948018
452671022
454947933
454948289
452671226
454644910
452659085
454644381
454936667
454936658
452897578
454936182
454936266
452898501
452992318
452991389
452991381
455018846
452991918
452991917
454643939
452658654
452991338
454644329
452898050
452898009
452992254
454644950
452991346
452659226
454936625
452649990
454657571
454657567
454668125
452649983
454657566
454895322
452946478
452957074
454895262
454948063
453029630
453050786
452992046
454608737
452933310
454608690
452611666
452992007
452992003
452898269
453029618
453038873
452671067
453029626
453038815
454657562
452671106
453050754
454644683
454644678
452659643
454668174
452650025
454936639
452947070
454936394
452957639
453030235
453050774
454989809
452991357
454924746
453039206
455030733
454608329
454895178
452649463
454936115
452658715
453030105
453038899
454658090
453051354
452946941
454658098
454658117
454668178
452671246
452671230
454658105
452946477
454948542
452947034
454936267
455043009
455043293
453051410
454924698
455031701
453038817
452933642
455031221
454924734
452934170
452946814
454947966
452897971
455019787
454936135
452957450
453039398
468723815
468734322
468723669
468734227
468973291
469015007
469014993
468972759
468972730
468972747
468972751
469003827
469003522
469003863
468973158
468973159
468733794
469015311
468973075
468723238
468734159
468734154
469015487
468687075
468724071
469015353
469003471
453327597
453327562
453338106
453327203
453327191
453337878
453327190
453327558
453659939
453659959
453713038
453659875
453701150
453700715
453700666
453278702
453659838
453326675
453326671
453278390
453326659
453337662
453712622
453712723
453659805
453327554
453713034
468593095
468635375
468635361
468635355
453375083
453374817
453427823
453374090
453427641
453426950
453426991
468576226
453379454
468575222
453379595
453379605
453380391
468576142
453374239
468634706
468634670
453375031
468592463
468635543
453379567
453374103
453380037
468634702
468634826
453379591
453426951
468623757
468623278
453289835
453290187
468675239
468674210
453415058
468675142
468674217
468955599
453664718
453664714
453664587
468955998
468674391
453665018
453415146
453665471
453415953
468622863
468674231
468622866
468674397
453416019
468674211
468674349
468635159
468635154
468592918
468674971
468723146
468674874
453374666
453659447
468972634
453712142
453712202
469014838
468972550
453277878
468686142
468686146
453277931
453665207
468592903
453415687
453326711
453427431
453374630
453277879
468674919
468623486
468723147
468623402
453277867
468622929
468635229
453337811
453337351
468734138
453374147
468674274
453659435
453712023
453664691
453664682
453659882
468575399
468575823
453700346
469002978
453700146
468733742
468634663
453337147
468955965
453374703
468635222
468593358
453337755
468635157
453290155
468674827
468723770
453426946
468733677
453659434
453712095
468955438
453659230
468955387
453277881
453379470
469002897
453380094
468686758
469003610
468733754
453712599
469003874
468635145
453338055
468734282
452745478
452745201
452766593
452744885
452766563
452744949
468878507
468878251
468920745
468920751
468920410
468878163
468878235
468896999
468896187
452718227
452718466
468877930
468877927
468896698
468896647
452744621
468896693
452719037
452766515
452718243
468877663
452719035
452744674
468919961
468896434
452765769
452745147
469282175
469303289
453565161
453617902
453617639
453565094
453564259
453565178
453616975
469244145
453594226
469243169
453593614
469244138
453564665
453564667
453564569
453617434
453564626
453564655
453617015
453593669
469281806
469244095
469303462
469243198
453564173
453617717
453564573
470630602
470588446
470631123
470588967
454758479
454757541
454704658
454704715
454705319
454757517
470571201
470571059
454710062
470571189
454710015
470571727
454757650
454705593
454710683
470589139
470589135
454704849
454710019
470630590
470630469
469255497
470606926
470606914
469255157
470606859
452706611
454734173
454734189
453570465
453569543
468860474
453570375
453569885
469255114
454733918
453570417
468860366
452706183
469255145
453570411
452706651
469255490
454733841
452706171
470607415
469281610
470607395
470607391
469281579
470630887
470588703
452765633
452744549
468877586
453617115
468919750
468860999
453564314
468877551
469243359
454710425
469243263
453593357
452718115
452744471
469302662
468861026
468895987
468919793
454705047
470589177
469303467
454734683
452765657
454758153
452706626
453564849
468920391
453569511
468860522
470572019
469243545
454709966
468896055
454710101
469244066
452718719
470606755
469281427
468920127
452706915
468878153
469302746
453569645
470630626
470630865
470588441
469255183
469282371
452706922
452706271
453565191
468878234
453617895
468920398
470572073
469243623
469243305
453593211
468896906
468896378
454710653
468920134
452706849
470571245
470589137
468920210
468860371
468710862
452754706
452754270
468710339
452754143
468908067
452909999
453003611
468991239
468991509
453003394
453003737
453003797
468710086
468991635
468991578
452753873
453003791
452909933
468710391
452753907
468710393
453003790
452910461
468991974
469291269
453313854
453605675
453605142
469530098
469529673
453688258
453689258
453688691
453688742
453688739
469623693
453688253
469290689
469623818
453605586
453313421
453689222
453688701
453688301
469530593
469291610
453688734
469530497
454621194
454620315
454620359
454621115
470618757
454620321
454745577
470670585
454746550
470951314
470951294
454995062
454995069
470951438
470670238
470618570
454620182
470618574
470670230
454620261
454996062
454620189
468611003
452623235
468610997
469338610
453404159
453403631
469338266
469338257
469338602
454900113
470856275
454900227
470856303
470856262
470856605
470856603
454900415
468610862
468610947
468610887
468610865
469338393
468610982
470856215
469338321
470857109
470856573
469338567
454620610
470619017
470670498
453403754
470670494
469529722
470856747
454900643
452909454
468907898
469529703
469623466
454995459
470951615
454995466
470951663
468709865
470856797
469338735
453688482
468907853
468611831
453313917
470618747
469291191
454621131
468709938
454746533
452754623
454746137
468710381
454900626
452910374
454900191
470856225
453605106
470951691
454996019
453003573
468991094
469529979
454900457
453688799
453605498
453688793
453003699
453003705
452910377
470618738
468611286
452623158
470619545
470670677
468710462
470670137
470856790
454900593
454900938
469529590
454900557
454995538
453688389
468991418
470952137
454620214
452753830
453605535
454995501
452623938
468710390
452766162
468734107
468734059
468878087
468920363
468920323
452957119
468878067
468908526
468991738
469015263
469015229
468972941
452933394
453039047
452718591
453038998
452933386
468878058
453039005
453050871
453050875
452946582
452910161
452754447
468920302
452910125
469281995
469303111
469578515
453605846
453617598
453564698
453659671
469661639
469623950
453278225
469670862
469565246
469565250
453593789
469624002
469243721
453605795
469670870
453712463
469303062
469670874
469530329
453314090
469281946
469661574
453712506
453605801
454667838
454667891
470718898
454746239
470718895
454758030
454705183
454746330
470670758
454990003
470951967
454995814
455042719
470681987
470998835
470998743
470571579
470681979
470571639
455030887
454757999
454757990
454657266
470670771
454705198
470968374
454657270
470670711
468592871
468635027
468635021
452623683
452670730
469376515
469397615
453374495
469397611
454894879
470915674
470856838
452611275
468575643
453379769
470891830
454923941
469350062
454923905
470873366
470915615
454900707
470856845
470873393
469376511
469397667
468635066
454644162
452658839
454644107
468674662
452706707
469385790
470705734
454935794
469541466
470903746
469635274
470986851
452897739
453664934
452658791
469385705
468860894
454734219
452991426
470588777
453314051
470631019
468592815
452706762
468674675
452766101
469530246
468878027
469588982
453003830
453003831
470571615
468686486
453700539
469350099
453570041
469385751
452670710
468611566
454644163
453314127
469291330
454667873
468592782
470705695
453564747
453570046
469578430
452957114
468920318
453664927
455042765
453712467
454710509
469350090
453700623
469003322
469541491
470873370
468710522
468908546
454667825
452766551
468734097
468710315
468723618
452766281
468734575
468878106
452947083
452946959
468877677
453051633
469015735
452718671
452718666
453039227
452718233
452718237
452933429
453003762
468991607
469015343
469015335
453051235
452946822
453003765
453030117
468710439
468734175
452946953
469291639
453337613
469302978
453313833
469530163
453617018
469530554
469683621
453712490
469661971
469683357
469244105
453594182
469243181
469565870
453605549
469671475
469589375
469578810
453688998
453617585
454620919
470588925
470619323
454620366
454758167
470670110
470729539
470670794
470969039
471010751
471011535
470968507
470572026
470682018
455031234
454608967
454995642
471011138
454995639
470588918
454757499
452671205
468611597
452670751
469338923
469338914
470916494
454948466
454948203
454900755
470916237
452612067
452612069
453379415
452611151
470892213
470856629
453380069
469376591
454947947
469338369
469338627
454900997
452623994
469397655
452623202
453290574
452659595
468623214
453415977
468674774
452898510
453570429
453664658
455019029
469636095
468860778
454733870
469541847
468860781
452706615
453415575
468955410
454620630
452649951
468623435
468635177
453337303
470706355
469376982
453374654
454895270
468956069
452991967
453003233
468991079
471011015
469014807
454608702
454710378
454924311
468896021
452991966
454620626
452744499
454657538
470607307
452659591
468635574
453415713
453605289
468908042
468919910
453665455
470969297
469661655
453050709
455043245
452611677
453700305
453701091
470571101
452611146
455019355
453051230
469589367
452745166
452766582
468710347
468734369
452947354
468877638
468908395
452947383
453003607
468973469
452719074
468687101
469003037
468686321
453039255
468686801
452753890
453051315
452765766
468710529
468710791
452745390
452947107
469282398
469303113
469302982
453313819
453313939
453564174
453660233
469662502
453712473
453712997
469670913
469671830
469243230
453700581
469623871
453659782
469565930
453593910
469624267
469243590
453688965
469662542
469671266
453617010
470619166
454620403
454657719
454657317
470719558
470730026
454746199
470670583
454990450
454995283
455043327
470951347
454609234
454710561
454709934
470670250
455043195
470618623
470968425
468593338
452650131
452671011
468611335
468634805
453374794
469376457
454900677
470873470
454894731
454900951
470916314
454947591
468576221
452612139
453379773
470892742
452611167
470892290
452623111
470916062
454894905
453403351
469377386
470607273
468623302
453289757
454644495
452707150
453415637
470706094
453415985
452706570
469541553
454936263
468860418
453664493
455018907
455019291
453664505
452706358
468955913
452991819
469635225
452623606
468623453
454668147
469377074
468723053
468709891
452898279
454900591
452946471
468919746
469578590
453659386
453029590
453029607
470892386
469002941
470682386
469565402
468623717
470618743
470630622
469377062
470718933
468733697
452947071
469529587
454990731
453003259
470987042
471011570
453050829
469243542
453379985
468686621
470682098
470916014
469302546
469592216
469590870
469592215
469663651
469659655
469659635
469685794
469683551
469663592
469662461
469662425
469566078
469675208
469568418
469671702
469566046
469567163
469576499
469673885
469684446
469576481
469684447
469567121
469660988
469687097
469659644
469580430
469579277
469588258
469590862
469684472
470732722
470732672
470718282
470730307
470720927
470730310
471011506
471017447
471011420
470963771
470963828
471011467
471016124
471017443
470685174
470999624
471002843
470678600
470682819
470683835
471014799
471014802
471014766
471014770
470969215
471004215
470678562
470967790
470719755
470732638
471016038
470731371
469377346
469378495
469377311
469378532
469377286
470916442
470916383
470868791
470868783
470916439
470922370
470868728
470892683
469347879
469354443
469371931
469371927
469395341
469377255
470892663
470918420
470894651
470921021
470894645
470875385
470892703
469378450
470892619
469398459
469401987
470706560
470706534
470704938
469387484
470706521
470706581
469544674
470910442
469544636
469639606
470987681
469639623
469540715
469636990
470702355
470906513
470906502
469387421
469542279
470706531
469538117
470704918
469375846
470707579
469543362
470909123
469585551
470909159
469585599
469638251
470992282
469680490
471013447
469638219
469680507
469680547
469561799
470895953
470966447
469388741
469638255
470895955
469375839
469680486
469638222
470719723
469374523
469387469
470731340
470910487
470909179
470916419
470916411
470868762
470921035
470921036
470987711
470993648
470966463
470898599
469668644
469347858
471002861
469668642
469561853
469636951
469371879
471004187
469383510
470987706
469576448
470910485
469347859
470718267
470707618
470716976
469399340
469400706
470706523
470732681
470875386
469573870
469538071
470993599
471017386
471016097
469685799
469568451
469671622
469675203
469347882
469351784
469588275
471014801
471014765
471004193
470967785
470702335
469660983
470708875
452957816
452958874
452958887
452948454
452957815
453055091
453051521
453027694
453030403
453053768
452934107
452934058
453039706
453043268
452932517
452936423
452934042
453040580
453029010
453052463
453052459
452948429
452956256
453051533
452932483
452932484
452935133
452934103
452936446
453051582
453027666
454659191
454657999
454991816
455043422
455049250
454611534
454603538
455036051
455038662
455031538
454989215
455037359
455037391
455047955
455047946
455037347
454989206
454662943
454611522
454668491
455036035
454603604
455038674
455038711
452651455
452651471
452673670
452651431
454895600
454955459
454948394
454954138
454954207
454888862
454955455
452615564
454924571
452607569
452607572
454892813
454930475
452643566
454951526
452614174
454895567
452667041
452671328
452607631
454888829
454924663
452650210
454930376
452650262
454888889
452643512
452663045
452659482
452900843
452900840
454940978
454941030
454941008
452995751
452995745
455026832
452987830
455019644
452995649
454639282
454639186
454939706
454939709
452896787
452896874
452896856
452995697
454639250
454940969
452896858
455026786
452660402
454639220
452672297
454666967
454666962
454645822
454666939
452940538
452940475
452952274
454952818
452940523
453023695
455025410
453047231
453047134
453047189
452994329
452612891
452928458
453035298
452928497
454607534
454607563
452612910
452672255
455046583
454987890
452648798
453047130
452672321
452898431
454896764
452948395
454952882
452960144
454987867
455046611
455050535
455022836
455049212
452615538
454611497
452934005
453043170
452993069
455037331
452956187
454610174
452992146
452898425
452936383
453043171
452663047
454659185
452671398
454669589
452952272
452958866
452945822
454991813
455050589
454983874
453027650
455019643
453053798
454607600
454929104
454927830
455036014
452607642
452896879
452956186
452643510
453052466
452936438
454651265
454927794
455049221
468723947
468734459
468735526
468722466
468974611
469021582
469007002
468682707
468682734
468689274
468688038
469018967
468718483
468971887
469008351
468718486
468688019
469008383
468734420
468734418
468730255
468736795
468973386
468723903
468736875
468682726
468735519
469008356
453327428
453338002
453326011
453340362
453325990
453328650
453660071
453660103
453720026
453653338
453718670
453718711
453712867
453718712
453708059
453705515
453280904
453700998
453278594
453658614
453706739
453706798
453717346
453717354
453660054
453328559
453340298
453273038
453328554
453279680
453279644
453339074
453705463
453280903
468593227
468641355
468635423
468587851
453427763
453427748
453374890
453376130
468582044
453380175
453380768
468576003
468581950
468580726
468580639
453386066
468633443
453428230
453369475
468580634
453387359
468633503
453434823
468641342
453380755
453380223
468587756
453368211
453368223
453376071
453292858
468629475
468623542
468626926
468623538
468675083
453415880
468669466
453415902
468962103
453665816
468959559
468959511
453284906
468959474
468956211
453665339
453672464
468623531
453284912
453290450
453423003
468954238
453291511
453333718
468676110
468676123
453373430
468717174
453373438
453654659
453713342
453654591
468960842
453274311
469001759
453701499
453274394
469001706
468960835
468717131
453432183
468960882
469001719
468728878
469013598
453322028
453286247
468626883
453328566
453373507
453422996
453432242
453433543
453415866
453661203
468973322
469020187
468689264
453701523
468574074
468670843
453279591
453279595
453706751
469018871
468718434
453278539
468966666
469001779
468635450
469018868
468734403
468593262
468626899
453373532
468669559
468669463
453661287
453719931
469021574
468966608
468689330
469007030
468574098
468959515
468687946
453291464
452746498
452742571
452768651
452742551
468878363
468879574
468925243
468878299
468878343
452722448
468896859
468898781
452715908
468896861
452721125
468901479
468922563
452721161
468920561
468872915
468898807
452745257
468920597
468922582
452745279
469306990
469279535
469279493
469303391
469303385
453565027
453617842
453558331
453564968
453565058
453624958
453601211
453601210
453594074
469239611
469243922
469243925
453562255
469275479
453562195
453599846
453562286
453599909
453562268
469246243
469306889
453597239
469279436
453565037
469239607
469306946
470589106
470590292
470637200
470583687
470589015
470631303
454758311
454764122
454706635
454764116
470569882
454710734
454700051
470629359
470629262
470629327
454716542
470629340
470569923
470583599
470569928
470571902
454710790
470582276
470635958
454710739
469252787
470609506
469252847
470613459
470609537
452707043
452707042
454741610
454737658
452706971
454737752
468861218
452704030
453573413
468863138
468867104
453577409
454735082
469252775
470609463
454734579
454735028
470609474
453570785
469255814
470586329
469300306
469258059
469258107
454702739
454702738
452762105
452762069
454702670
454761511
453576050
468865743
468871562
469240925
454713994
470586233
468894842
468918579
452714547
469300291
469258047
453576053
468894823
470612183
469306901
469300359
470637223
454706669
452710592
454740362
454741676
452766371
454706666
453566168
453624908
469243943
468902703
453597182
470576507
469246183
468922511
453620945
453577433
454758812
454765407
453597187
469306959
469279450
469258064
452709286
452746502
454737727
454706633
468920594
453624891
468859210
468872930
468898750
470569937
453562287
453620950
452721098
470589005
468896822
453599883
452758126
452755510
452755463
452754536
452755481
468908655
452906067
452906096
452906091
468911960
468997763
468991817
468995122
468995154
452908674
453004906
468995117
452910281
453004013
468995180
468910695
453000980
468997818
452754519
453000966
468709107
453312623
469292442
469292408
453316582
453605962
469524899
453610442
453605886
469624127
453689050
469624082
469624085
453609094
453609098
453693569
469295015
453312578
453692261
469532837
453308698
469291538
469291478
453692214
469287140
454623390
454623392
470619383
470625404
470619418
454621011
454750850
454750854
470952106
470952008
470952010
470617478
470955302
454996422
470950070
470619366
470670939
454746382
470665318
454995858
454616810
452623880
468611722
468613659
452623823
452623875
452620784
469334645
453411125
469342598
454900811
454900808
454901350
470862902
468609759
453404458
468609707
469335938
469342539
452619521
468611643
470855018
454900901
468617594
453411087
470621398
452624823
469339925
470669309
453408466
452904750
454905347
468906683
468906678
469526186
454905339
469621059
454999019
470860302
453309942
454749543
452999655
452904742
454999110
468705118
468906706
454749567
468906713
469292382
468615017
468710651
453408486
452750207
452754486
469526211
452910248
468914582
452906019
468914586
469627667
453696191
468989894
453000927
469627658
469528799
470858993
469528790
469624098
453308636
469288478
470665335
452620814
453316558
470625377
469295079
454616789
469339038
453408416
470665373
470857038
454900902
452910338
453605883
454901334
453606464
470952017
453001022
453404506
452751454
453404490
468706454
469336002
469532775
453007574
453693603
452743854
452767391
452756783
468876851
468876846
468970591
469017646
453048459
468996437
468900162
453036611
468900099
468900102
452719803
453006259
469005723
452953577
452929841
468711795
452941841
453336442
469304347
453563567
469584283
469531466
469655690
469679170
453715978
453657239
453657235
453694853
453704147
469667346
453598493
469560518
469572509
453611730
469655686
469584317
454622083
470634599
454652562
470587563
470634643
454762734
470671958
455001658
455001655
455043995
455001747
454985162
470677278
470997555
455032019
455032011
470575142
454715275
454762751
454985206
470713011
470997595
452626111
468590453
468616366
452668391
469341245
453409826
470861595
454890130
454906711
454948947
454948910
454906623
453383375
470890631
452608889
468578078
453372123
454906655
469370531
469370522
470914418
454890154
468590398
470890639
469394026
469256782
452656455
452707990
469382177
469382166
468864519
468864518
453668450
469631621
470985761
455020174
452707907
470700954
468625503
453288826
455020146
468625550
454640562
468616319
454652549
470587587
452743799
454739034
453419033
469394054
452911298
453622266
469584230
469631671
453668519
453657242
453694865
468578031
453383381
469560479
452929783
468625562
453048450
453288871
452656423
453336387
452668302
453324639
454704041
470712953
453372114
452707891
454890174
454906710
454937071
469584279
453006214
453048458
454715309
452719862
454925146
453598491
470997545
453598527
469536739
470623985
469584255
468734442
468732895
468736819
468908703
468974555
453051503
469020219
469015603
469020224
468997805
452719842
468896816
468896811
469007019
452932436
452935074
468730223
452956193
453004947
453006282
452911373
468711771
469015602
468735495
469292431
469291506
453314225
469532807
469572548
469530422
453696235
469659595
469243974
469244924
469566002
453594050
453708092
469672535
469672530
453594053
453717326
453717330
469667323
453324662
453558281
454623403
454623404
470634623
454669555
470730246
454698763
470718230
470731304
471017343
455049183
455043379
470685102
454710770
455031495
455032088
454603554
470582327
470617443
454700084
454706679
454715287
471005467
454662956
454983846
468637463
468635439
468613685
452620832
452651405
453374921
453427727
453427718
453430927
470916363
470855042
454895534
452615504
454931708
468586466
453404515
452608963
452644862
470918348
469347811
454644740
452656481
468626862
454644737
454741658
469382204
469390049
452894214
452898375
453577427
470907791
455020211
452987747
468670823
453284898
454735058
470906465
453577421
470605556
452702655
469258097
468615006
469300339
454702722
469375794
452750189
453421646
468906722
469585539
454894082
468966631
470573874
470895902
454929066
469001741
453274339
469388727
453713370
468625579
470634617
469304319
454656485
469339952
454706681
469378434
468723878
453420331
452768654
453570295
468913334
470914458
468872918
453657303
453007586
453051494
454983845
453278559
454924578
453620979
452743856
452756806
452742546
452912671
452945799
468974554
453030423
453048488
453055143
452718898
468685352
468689309
469003697
468896802
452936415
468687982
468875550
468922558
452751499
468723857
453043227
453315284
453337966
453312679
453617862
469592234
453623634
469589822
469627714
453657272
453696238
453715976
453657236
469566098
469672534
469243926
453598532
469566038
453562254
453609055
469673882
453332429
469246170
469528855
453598556
469663598
469673918
470590246
470634608
470637246
454752236
454765374
454752224
454753543
470970422
471009440
471017354
471017402
470677184
470682734
454615519
470726026
470955307
454989111
454620967
470969210
454746379
470718242
452644870
468611719
453376169
453409796
469394048
469334674
453433553
469341212
454896730
470867456
454948419
470868806
454901407
470894678
469335943
470871358
470918350
454951491
452623807
470897294
452651391
470922338
468640025
469259422
454644771
468625520
470609538
452707966
469390082
453415853
452898382
454940950
470907854
468962177
453665285
469631624
452989052
452995647
468863202
469251502
454735026
468867102
453290405
454738988
469538054
470609466
453310006
453309955
468628186
469300350
452738514
452750167
452762070
454749583
453373433
470707574
470919670
470909150
455025430
453689611
453671105
469561826
453701501
470895938
453291461
454929111
470610848
468617635
469288483
454655223
454643199
454704032
469390106
454948904
453048452
453055047
454983867
452714562
453704108
453609067
469592591
469589970
469591269
469592323
469589706
469578080
469592587
469662308
469687616
469686029
469686033
469675256
469565687
469661239
469660847
469661238
469576235
469588098
469674019
469576518
469565951
469565947
469576628
469687217
469685903
469576626
469565949
469580193
469683162
469590741
469591265
469566980
470721071
470730335
470718320
470970547
470969247
471016568
470682813
470999612
471002910
470683869
470967643
471004233
470713803
471015515
471015510
470683439
470683431
470726107
470719100
470726334
471015375
470714466
470967903
470685415
470999469
471006139
471011490
470682139
470730183
469401044
469374669
469377185
470875399
470915781
470916567
470921527
470916311
470868800
469354977
470898627
469347899
470898825
470871149
470898027
469395899
470870887
470898029
470873804
470875112
470892545
470921264
469354713
469402359
469347895
470892283
469390481
469387499
470708783
470904575
469537674
470908197
470908458
470994392
469633497
470993859
469636047
470994257
470991755
470991351
470906553
470906874
469383615
470702181
470701913
469537938
469537935
469538465
469387491
470704815
469636664
469387839
469389293
469399859
469399461
469399854
469376117
469543746
469543485
470920473
469585199
470872995
469543743
469638513
470966715
471001919
469668654
470909379
469680618
469668870
469573877
469351543
469390355
470729922
470705081
469378361
469543616
469544807
469589175
470922719
469538203
470908326
470921396
470922715
469638647
469633231
469633227
470966583
470892411
471002183
469674944
469562093
469566711
469575971
469673623
469684181
470871284
469383752
470990166
469390135
469399856
469402101
470874330
469544805
469542055
470909912
469579929
470923110
469632703
469350657
469351856
469637455
470714073
469588623
471014789
470991223
469639699
469661103
470719097
469397778
470963681
452946078
452945947
452959139
452959137
453051571
452934210
453039812
453040697
453040962
453041096
453028845
452944757
452934981
453031483
452944631
453040829
452933945
452944760
452957445
452960453
453027390
453040963
453054162
454659199
454671306
454656669
454656404
454991951
455051423
455049830
455051156
454984160
454611774
455038701
454603631
455031299
454989042
454651279
455038221
455048783
455048378
454609663
454991683
454667762
455051024
454611645
455043450
454671170
452650411
452647521
452649881
452651192
452651477
454895735
454956374
454955060
454956379
454895462
452612133
454924653
454931783
452608137
452608004
452667530
452667271
454930775
452643557
454955849
454928399
452607866
452607872
452615923
454931036
454955537
452674970
452663093
452663445
452659256
452659530
454936653
454935722
452892338
454941018
454944098
455018891
455026820
455019689
452655659
454639097
454940145
454639499
455019410
452655521
454943975
452892743
452892740
454940406
452995734
454639268
454935725
452893265
455023170
452655260
454643450
454645963
452661995
452648551
452662254
454894401
452899869
454893475
454952899
454893998
454987883
455025494
453047213
453023426
454607949
454607417
454929981
454929978
452928374
453035421
452661331
452671889
454953206
454987725
452662250
452939873
452951741
454987194
452651327
452651324
454670779
452900924
452952535
452992028
452994767
453029651
455043038
455049566
453050767
455027393
454611380
452935902
454892682
454610057
452896958
452995950
453035683
452952533
454670774
454655240
452659123
452671137
454657733
452899737
452947142
454955538
454941727
452994416
455018887
453039806
455036501
452608002
452993095
452642874
452655655
455048253
452944358
454644007
454983761
468737094
468735551
468723656
468724965
468734215
468968243
469015507
469020861
468689576
469003893
469007067
469007663
469010298
469008851
469008847
468730269
468730367
468688023
468718627
469008975
468967842
469019539
468688251
468686829
468974838
468717968
469007071
468722319
468687596
453327452
453327311
453328749
453340617
453340484
453338011
453327450
453660212
453653603
453653594
453720727
453280989
453281348
453273422
453706208
453277809
453706823
453320035
453332558
453281083
453720458
453325319
453338502
453653204
453281347
453707529
453707396
453337730
453332564
468635492
468634823
468640827
468640111
468640703
468593367
453426971
453427628
453374966
453434899
468582755
468582032
453380372
468574106
468581828
468574701
453387375
468586521
468585830
468585831
453429011
453367691
453381355
468639902
453387951
453376395
453386769
468594674
453434283
453290490
468630273
468630143
468623336
468677826
468677468
453415091
468669546
453420825
468674282
453673343
453673208
453665942
453664694
453665900
453285311
453284942
453416421
468670299
453284517
468962511
468669119
468622218
468677463
453666345
453666738
468627230
453284516
453321883
468639249
453432263
453654919
468966683
468966914
453714254
469014386
469013467
453274751
453274383
453385578
453384786
469002117
453274742
453671622
453421743
453654518
468591111
453654918
469002511
468628682
453333350
468594282
468641759
453337338
468635211
468587687
468677562
468676375
453422402
453423599
468669647
453718742
453666471
453720067
453280551
453700335
453279234
468687458
453428743
468575815
468717836
453322142
453720066
453652806
453328743
468635217
468641430
468634818
453374826
453433100
468722474
453433578
453420823
468962649
453671180
453720855
453653355
468576210
469002969
453708843
468972194
453717819
453368874
453386766
468689438
468622219
452766045
452768699
452746757
468878227
468920733
468872409
468873067
468927011
468872408
452722493
468902795
468902987
452718519
452763893
468923047
468901665
468902055
468920204
468872669
452768379
452718523
468927269
469279763
469305656
453566481
453565171
453557635
453624236
453601214
453593289
453597261
453597569
469243208
453601526
469239656
469246733
469246255
469298615
453621017
469245806
469282796
469305209
469275800
469239873
453597837
469303262
470590280
470630655
470635947
470583123
470588423
470583789
454758446
454698117
454758191
454706035
470578460
454710813
454710008
470569947
454717983
454717197
470629811
470576342
454717191
470577139
470629943
470582999
470630527
454704854
454764189
454710139
469253339
469252539
470607165
452711096
454734689
454738580
453570911
468859029
468859815
453571563
453571569
452704493
454735095
470605385
468863777
453574205
454735811
470606174
468859418
453570329
469259450
470606312
454741749
470605784
469258133
470586031
470633505
469276595
470585765
469276587
452738594
454740953
468865833
453576143
453576715
453618431
468871087
453618950
469240977
452714261
454714025
468871351
453576451
468895323
469299929
454761542
470574103
452738049
470607423
470630921
470633900
470610005
469278968
452710831
454757921
452741875
454764452
453576847
468925031
468861062
453623708
454711646
469239344
452722047
452762966
453621071
468863648
469259666
468902587
470614231
470633312
469300064
452708852
452710171
453578299
468919934
468925226
468879002
469247571
452722838
468894668
470570145
468899018
469243203
454717985
468875306
469298607
452763098
470589593
452738048
453597831
468710732
452758218
468709377
468709508
452910452
452913071
452910450
468915387
468908063
452909655
453007619
453003647
468992013
453003375
468998021
468993872
468910707
452908311
468995381
452908317
453005321
468995783
468998151
468908324
468914859
468994196
468914865
453000702
453316988
469295447
453316457
453316985
469530572
453605973
469525271
469525136
453613542
469525130
469530566
469620299
469619816
469625573
453694454
453609453
469528302
469625090
469286730
469623896
453610775
469530038
469623762
453688857
469292930
454623789
470622750
470670654
454746452
470672738
470673662
470958615
455003060
470951289
454995123
470955393
470666277
455001261
455000862
470617467
470617791
470955983
454615739
454620242
470625182
454615731
454621046
454620374
468618261
468613715
452620541
452627931
469339169
453411449
469335038
469335045
453411137
470862993
468610475
468609549
452619227
453404537
452619087
469336361
453411191
453411183
453407222
468610337
452627013
453404127
468617469
452621198
468615359
452624499
470621753
468705021
468704621
452904789
468906753
452904354
470861066
452904219
453689702
468989906
470953863
468990098
468990629
469526055
453690102
453408543
470621231
452999781
454749615
454620641
453312233
470622944
469340324
468705414
468712544
469338770
470856779
469524471
468914466
470954660
453007172
468993665
469624782
453004535
468705942
452627534
453403731
453316190
452905541
454623653
452627142
454753893
452749772
469335174
469335042
454751645
452910446
453606548
468912026
470854866
469529643
469532259
470958029
454999100
469619505
455003105
453694455
454747421
470958353
452909918
468990236
452744121
468721161
468720869
452743877
452941881
452953986
468924231
453025283
453025035
453048749
468970089
452720334
468900873
468900342
452929865
452756501
469017954
468876761
468720867
452953721
469280687
453324391
469304337
453336263
469293774
453622787
453612225
453695510
453716375
453716057
469655435
453716059
469560909
469667810
453704178
469667546
469584143
453335863
453695778
453562913
454652043
470634630
470712357
470724225
470712883
454763659
454985483
454984689
455032103
470998350
454703526
470962358
470998082
454762866
470998086
470724357
470676835
468617073
452668587
469370601
469394577
469394315
469394095
470867479
454907543
454949781
470866923
470866922
452608667
470890511
453383462
468577865
454889911
470914661
470914663
452609455
453409815
454925227
469340847
468625782
453419507
452893791
453574863
468958419
452988825
470985545
453575126
469256370
454640019
469381899
452989614
469536221
454739109
469382211
452656490
468625389
455020530
453574865
470611323
469293463
469304021
470624262
469341378
469370442
453419633
453431378
452766935
469394179
469531079
452953058
453024351
454604778
453598631
455032407
470891033
453276590
470962230
455020794
468899947
468923705
452644878
469281075
469293855
454704317
453563595
470861997
454948938
452953718
453562911
470962233
453025274
453024746
469245411
454715613
455032145
469006070
453668983
452756498
455044421
453335859
452743988
452743986
468736700
468733135
452910191
468878094
452953856
452959791
468920335
453007829
453006643
453054824
452908842
453005191
452908841
468995647
468995646
452912801
453031086
469279367
469279361
453564779
469530302
453625423
453720335
469686691
453277256
469247658
469528962
453600347
453694194
453717691
453562124
453660990
453624101
454652708
454657335
470636274
470718968
454985351
470958488
455002451
470963156
470958482
470571651
454718378
471005351
470955847
454662595
455047987
454746303
468592844
468635087
468611585
452623743
453411719
453407750
470867587
454901990
470873403
468575681
453387689
454923983
454927868
468580907
470859485
452619749
454930507
452666738
453386372
468610208
452670734
469255619
469259540
454644138
452658857
454642799
452660141
454646753
468674687
453415478
470705765
468867476
453575526
470910308
469537538
469537544
453664964
453669242
469540187
468621827
454939743
453573939
452708319
470907665
452625030
453321747
469300463
454666551
468675979
469375190
469398931
468866159
454905950
468907203
470992142
453690233
453671487
452928110
469668207
454893605
469656354
452951873
469258220
454644139
469282011
453374562
470707064
470716316
470718965
469401570
454698641
469532919
453570055
468878090
470919548
452945282
453695643
469013864
453048878
471015905
454718381
469565283
470998805
453042938
453562119
469246335
453386370
454638835
452743989
452758615
452755713
452911484
452945289
468925230
468912619
453004171
468974313
453031875
469020465
468685388
468686693
468900476
469010429
468682745
468899157
469010033
468875838
453005059
453052491
468896706
469008977
468735113
453312667
469306134
453566346
453558165
453562916
453624366
469580318
453695649
469659674
469685373
469247922
469559984
469667685
453708845
469565678
453309067
469299270
469588358
453694327
469281486
453320825
454621171
470587484
470635352
470623209
470636670
454706958
470665387
454758186
454995127
455043567
470682009
455032809
471005546
455036895
471005870
454610583
455000863
454746979
454718514
455048643
470622547
468590480
452623891
452647515
468616544
453376397
469398566
469402490
469334251
470868242
452609456
469350926
470894666
453380825
454924239
454932087
453369797
453386057
454930509
470918618
452615787
453292865
469252941
454640420
454738578
469382300
468861210
453575529
452892903
470908190
452896695
469540742
470906349
453284513
470704550
453310387
452624503
469388810
452761650
452899599
453576714
470908989
470920466
468990631
455026071
469680093
452613015
454714290
454929135
454618903
469299930
469294783
469305342
469338775
453410264
454757922
469387706
454908463
453557766
454888719
470921390
453050763
468575813
469350650
468688781
471005738
470570142
470666539
469579281
469579004
469577971
469662465
469663882
469662429
469683704
469683128
469686317
469687385
469671286
469672973
469671657
469673129
469568334
469671260
469576267
469588630
469576387
469567101
469588110
469683320
469580179
469675233
469673117
469580299
470719880
470731494
470720806
470719868
471011494
471017445
471011336
470963971
470968592
470999756
471003663
470682080
471005943
470998916
470967631
471004731
471015147
470726478
470970295
470719124
470726382
471015382
470717719
470730958
470684058
470683857
470963935
469378795
469377200
469401233
469374679
469402253
470874092
470922381
470868729
469355021
470899419
469348433
470898111
469371370
469352837
469371583
470871550
469376648
469348114
470895171
469350909
469371379
470916405
469397984
470868535
469347605
469390618
469542454
469544721
470904561
470910514
469537678
469541636
469538370
469636136
469632749
469633421
470990319
470991358
470907351
469540302
469636905
470991675
469385902
469537926
470991687
469383929
470910465
469633505
470716879
470728890
469388957
470716965
469543750
470909715
469585641
470919729
469542990
469657053
470992354
470993115
471014194
471013401
470681094
470896791
469562190
469668669
470680842
469351553
469375330
469388506
470909427
471013827
469573303
469399433
470965915
469386416
469374406
469400782
470731242
470872870
470872855
470922718
469591758
470873876
469591806
470966563
470994130
469633253
471016383
470681478
469352237
469672277
471002211
470896599
469566762
470897715
469395473
470918799
470967463
469661756
469383785
469376131
469377297
469388805
469402505
470873948
469538238
470920263
470993007
471011576
469633277
469562250
470998904
469672349
469395545
470906919
469573603
471011180
470732262
452947414
452947040
452960205
453054341
453030008
453027763
453054329
452936698
452934188
453039308
453040757
452944762
452934966
453028953
452933936
452936574
452945527
452936550
453031867
453043625
453054173
452936310
454671330
454656787
454659067
454657844
454991842
454991829
454983238
454984063
454611798
454611537
455030696
454603066
454603545
455036770
455037297
455037866
455038262
454610274
454611690
454983766
454603746
454989247
454611918
454658060
455038022
454603758
452673893
452675249
452651433
452651695
454895756
454896813
454948544
454956326
454955150
454896055
454954209
454928134
454928210
454932182
452615493
454923812
454892575
454930462
452666614
452613773
452613857
452667406
454952290
454954586
454895565
452615837
454954826
452647567
454644801
454647594
454643458
452901102
454936580
452892921
452991728
455026737
455018890
452987818
455022849
454639662
455025110
455024582
452993537
452898068
452897082
452655581
452897250
452659052
452987945
455023214
454655071
452661917
452672313
452661741
454894162
452940835
452952321
452898990
454987594
455026130
453023455
455046597
454930022
453034949
454929454
453035825
452613209
453035561
454607634
452648757
454654579
452672513
452648959
452672717
452659364
454656283
454894303
454954666
452940655
452957036
455043068
453054725
455050958
453053429
455019512
454611402
452933264
453040174
452935890
455037694
454662870
455037734
452940643
454944266
455048318
454645857
452659640
454654963
454669581
454943246
452947076
452945179
452994405
455027582
455043536
454611894
452615933
454924388
452928006
454639638
453028783
454952102
454892143
452613821
452648167
455026010
454669050
468723800
468734505
468735810
468973556
469022182
469014968
468686708
469003774
469010379
468682761
469003498
468971806
468718795
469019343
468687598
468972079
468723200
469007571
469020598
468686949
468687080
469015748
469021983
468722275
468687618
453327584
453327310
453328629
453340650
453339070
453327164
453326131
453659972
453653479
453720782
453280953
453708914
453706418
453700712
453280426
453279633
453706822
453332862
453331854
453657895
453707266
453718034
453658750
453707618
453337136
453719186
453661063
453660057
453717369
453718665
453712724
453339246
468593096
468641361
468640611
468587899
468640887
453427894
453368482
453367591
453433557
453374192
453375020
468574899
453379592
453386690
468634234
453386198
468581151
453375610
468586567
453433630
468574623
453429062
468574089
453434294
468581871
453293142
468629481
468626925
468629931
468677862
453423033
453415100
468669550
468669798
453423770
468962194
453673286
468955472
453666014
468671230
468622431
453416906
468677082
468629403
468674348
453665337
453293046
468954237
468592027
453291126
453291870
468675594
453654657
468961659
453713558
453654859
469002495
453702062
453273906
453385318
453702206
469013499
453714038
468635240
453339978
453374672
468677574
453659408
469014243
453666478
453718754
453700364
469006851
453705590
468671010
469008190
468670914
453660715
453320179
453428810
453435350
469020099
453327248
453333378
453289808
453339258
453373771
468677598
468721819
453415604
468956120
468960861
453671966
468974647
453719546
469009575
453708854
453272997
453384854
469009095
453416522
453332070
468718303
468960183
468628083
452766332
452746267
452742811
468920734
468873202
468925954
468878301
452719064
452718284
468903063
468902007
468922803
452721105
468922827
452746003
468923259
452716085
452763809
468923247
452742489
452742751
469283623
469283611
469303280
469282245
469307237
469248113
469240138
469243172
469240169
469243929
469244060
469246258
453562495
453600794
453621626
453562459
469247794
469278838
469239905
453597902
469247753
469247553
453594200
469275283
469305965
470631345
470583657
470637807
470636463
454706971
454766366
454764806
454766114
470571934
470570674
470569881
470570595
470577789
470581747
454759754
470577142
454757600
454759634
470570451
470635803
454710128
469255845
470609505
469255160
469259189
470606864
470614119
452707065
454738582
453577473
468860432
453577514
468859221
452704029
469251137
470605371
454735946
452704421
469251857
468863967
469255412
454735089
452703149
469277155
469277071
469257826
454702762
452709797
454762430
452762369
468866331
468870979
468871123
453576266
470573925
452715113
454714370
468895659
468894825
468866067
468895407
453595250
470585659
453594722
468919107
469276939
469302704
470583343
452706910
454706467
454706443
468877592
468878815
468919222
468925107
452714957
470570163
453601298
452720789
470582011
453599954
469298746
469298765
468874927
452745787
452715473
469283671
469300097
454765413
454738394
454764878
453569516
469240965
470569767
469247105
468863715
453573477
468923295
470581783
469246577
452738059
453618758
452765708
454711946
468710734
468710864
468713073
452754188
452754260
452755889
468908062
453007966
453007605
468994143
468995595
452751197
452751677
468710084
468998187
468914866
468998451
468910701
453000981
468708750
453001373
468911091
453313988
469291521
469295501
469291616
469532841
469530152
453605698
453613586
469525086
453611246
453689254
469620125
469619805
469528881
469286734
469286777
453693974
453308661
453694490
453609938
453692834
453605540
469627701
453309090
453610934
470618720
470623395
454623357
454620716
470670945
470673670
470672766
454751846
470670584
470958622
455003834
470949975
470951300
455003906
454615914
455000866
470955171
454615437
470666898
454620176
455001170
454616226
470958651
454746512
454616745
468611745
468618315
468618411
453411482
470857184
454908070
470856969
454908146
470856308
469336553
470858985
452619549
452619453
453404678
453404469
470858847
469338404
470863263
454908398
453405250
468610892
470856344
454619814
468614997
469288186
469340062
453408417
470668786
469340021
470860365
469525758
453606550
470860659
469621138
454999053
453690502
470953851
469621577
470953989
469288061
453408578
452625197
468615622
469292146
470619020
468705462
452757653
452755085
454906154
468907419
454901906
453610514
470951624
454996862
453404990
453609278
470617647
470617695
453409214
469288805
470625567
453312462
468615279
470669610
470670885
468710384
454751678
470856356
454906166
469525686
470952045
452999285
469529190
468995109
468910575
469625417
454905758
468610371
468712182
468733014
452756909
452744095
452953242
468913707
468970903
469017634
453048281
469017903
468970063
453049037
468970569
452719869
453037109
468900363
453036621
452911206
453036845
468720595
468996855
453036761
468900387
468996735
469281115
453563565
453612698
453563383
469626418
469655434
453695342
453656659
453695810
453276993
469245461
469667289
469560330
469626521
453612146
469679302
469531590
469293693
469304777
453276474
454622206
470624049
454664754
454664670
470635090
470587111
470635155
470672001
454704307
454762822
454762785
470724894
470724918
454763714
470962522
455001753
470956587
471010275
470677578
454715750
455044478
470671506
470957019
454984675
471009477
471010263
452644363
452668637
468637995
453371947
453410486
453371491
453431594
470861601
470914449
469347101
469346309
470890527
470861866
469346849
468589735
454907014
452667893
468577911
468625803
469256561
452708458
454739594
469382657
453419546
470902918
468864387
468865215
468958030
452988737
468958095
453668666
452894022
469536622
469631789
468958623
470985717
453668630
470611359
454703794
468720511
453431438
470903050
452941147
454984903
469631914
468996291
471009706
453716138
469560162
469667081
469005627
452609081
468673566
468720427
454752578
469280635
470634585
468673638
454763690
470712859
470724870
454890427
453622922
469530906
470956971
469631957
453006473
468900069
468736702
468722194
468710552
468736710
468877063
468908612
468926931
468912490
452945299
452912766
468991736
453027079
468689226
468903147
468682542
452936022
468971707
452934678
469019175
452720225
453025135
468913959
453001241
453605830
469579807
469589024
453660967
453716858
469682756
453716822
453280866
453593818
469674845
469239749
453694250
453600386
469673501
469566606
453625454
453558139
470590111
454620884
470625850
454616886
470672218
454989920
470962663
455003726
454608440
454711786
470570259
454611066
454988683
454662642
470713663
454752974
471005391
454664526
470636259
452623736
452626505
452650879
453374528
453407758
469373815
470862339
470874751
470915672
470868055
452607401
453379784
469336234
453386402
454930598
469394993
468578703
468592772
469394417
453431654
470894511
454927922
453289138
470609895
469259513
470705792
453415486
453423334
453420722
468674612
469537038
468860864
468962386
453669314
469636493
453670214
468670650
470701218
469300469
468639063
453310110
469340249
452738431
470716318
469398934
470872015
470919579
452951886
454999730
452999885
468579586
468895227
455034818
452928102
454666506
453290072
452660165
453375859
453409142
469387073
469578428
468872743
469623968
469626737
453669302
455044718
471015927
469567866
469003292
471002727
468863559
454904678
468911151
454759334
468735630
452947951
452957912
452958837
468908444
453003632
469015256
453055589
469020531
468996759
452929857
452933432
452935206
452944711
469019691
453043445
469292717
469578500
469577623
469532274
453716438
469663291
469687313
469244108
469568385
453708614
453658593
469246745
453717333
453308946
453327931
470624061
470638023
454616805
470583775
454706587
454765425
454704704
470951408
471011540
454611738
454603026
455032610
454988671
470582325
454651209
454716710
470726286
454698235
470717707
452627717
452626385
452620565
468614343
469339160
469400613
453407546
454900760
454889071
468578727
453369513
452614709
470863227
453380072
453411242
454947944
453290096
453288762
468629505
469252985
454644344
468677421
469386489
454738622
452901150
469545018
453575330
470911215
453577550
452991512
455027666
453666770
470701818
468677022
453289652
469544490
470907123
469389785
468639051
470633799
468639267
469389257
453576758
469574059
470909055
469680453
453035789
471001509
468895095
470668926
469668833
470589979
468623432
454664202
452668493
470707806
469394213
452894346
452909516
454908518
469579867
454955990
469635836
455027402
453026947
454607778
470578095
453035657
453704294
454610022
469251761
468610119
453041465
470918739
454384762
454385963
454386068
454384891
454386091
454373963
454373936
454374342
454374198
454371308
454373025
454372739
454383202
454383546
454372595
454372594
454383559
454383322
454374095
454374091
454371418
454384487
454384482
454372854
454374047
454372855
454371452
454372893
454383455
454383174
454383307
454371549
454374318
454372905
454374223
454383178
454385817
454371703
454371286
454383296
454385970
454385805
454196146
454196024
454196135
454196133
454194537
454195879
454196155
454160518
454155107
454159786
454160445
454154548
454155105
454160380
454158921
454190866
454190145
454190614
454158467
454158527
454158859
454190836
454160218
454160228
454195499
454190716
454195456
454194151
454160182
454159055
454160347
454195480
454155201
454155071
454195483
454158910
454160229
454190216
454195473
454159822
454158524
454190180
454184144
454184133
454181243
454181229
454181622
454181458
454350596
454345319
454344657
454345162
454349860
454350520
454178987
454178267
454178554
454347294
454347484
454347882
454178529
454350152
454178843
454183612
454180978
454183571
454180950
454180954
454347812
454350414
454178972
454178848
454178579
454178577
454181564
454347532
454347944
454347538
454347777
454184074
454345314
454181170
454350522
454182958
454193507
454182562
454193481
454182643
454193205
454380286
454348618
454348582
454380923
454348941
454380943
454380223
454157430
454369065
454368412
454157807
454368370
454157575
454348847
454368772
454192804
454380522
454348806
454348810
454349231
454349229
454380546
454193445
454157179
454193178
454380907
454349230
454182916
454380654
454348542
454182520
454157803
454182826
454193339
454181371
454194438
454183964
454349147
454350332
454380752
454384228
454384234
454350328
454380751
454160070
454160099
454160120
454373624
454154814
454157740
454158766
454178699
454190482
454190406
454190443
454158748
454157711
454160084
454373659
454190456
454181303
454384204
454371018
454160095
454178696
454380798
454195756
454345050
454181344
454182932
454184239
454182671
454193373
454194787
454181466
454350321
454380812
454345043
454345036
454345148
454385896
454160469
454154829
454371640
454157192
454373886
454371044
454154528
454158787
454372360
454190166
454347263
454178560
454347261
454372835
454190699
454383390
454385767
454349130
454372833
454194129
454372568
454182814
454183977
454196022
454194393
454181479
454194678
454193480
454350583
454350430
454345042
454344655
454380670
454349204
454350391
454157854
454157432
454155222
454371046
454347955
454373032
454383580
454190214
454158490
454347621
454178287
454183543
454383394
454371412
454350415
454374316
454384864
457712637
457712483
457711281
457712375
457711304
457711149
457700758
457700733
457697711
457698070
457700358
457697936
457700711
457697694
457699161
457699399
457709555
457699027
457699030
457699303
457709867
457709818
457710919
457699259
457710872
457709815
457699148
457700587
457712586
457710911
457710906
457700327
457699410
457712587
457699400
457711270
457711278
457700326
457700335
457699257
457427362
457425898
457425897
457426064
457426028
457379987
457372587
457379123
457373235
457373373
457373374
457379914
457378403
457420126
457377795
457420571
457420639
457377801
457420090
457426726
457425363
457425319
457420751
457426687
457420783
457378535
457378387
457426713
457420100
457426113
457377855
457427171
457378400
457427511
457420102
457425405
457373311
457420568
457415480
457412550
457412589
457412866
457415588
457412865
457664974
457658427
457658295
457664240
457658373
457664312
457664902
457658301
457408247
457408245
457408638
457661595
457408986
457408199
457408197
457409034
457662459
457408899
457658074
457662263
457408858
457662335
457664708
457408215
457412517
457661660
457415418
457664697
457415631
457658037
457415235
457408556
457658370
457415223
457414039
457424470
457424563
457414005
457424613
457663797
457662923
457705690
457706001
457663779
457376963
457694151
457693710
457376478
457693746
457377273
457377095
457377091
457413526
457424002
457705587
457705602
457377007
457377087
457414227
457705631
457705623
457413835
457693878
457377355
457705198
457424427
457424571
457694107
457414148
457424744
457425751
457412707
457424743
457663667
457664854
457664828
457705883
457658215
457705867
457711811
457711810
457379574
457699940
457372955
457693974
457379511
457372978
457662214
457420518
457408727
457698595
457662188
457415283
457709178
457377199
457662164
457408688
457427067
457663578
457415319
457415468
457427109
457412723
457412831
457415203
457663651
457711835
457658241
457711095
457664943
457379951
457694135
457699947
457379159
457376541
457700670
457378626
457698633
457709519
457420603
457709643
457709646
457662307
457378496
457379687
457693863
457705616
457709783
457662303
457710836
457663506
457710837
457376539
457424480
457412733
457412599
457427214
457412575
457664842
457663510
457705881
457705772
457712343
457712355
457377214
457700727
457693712
457379118
457700703
457662442
457408737
457699431
457420650
457709955
457379686
457413502
457705640
457712211
457658035
457414795
457662331
457413512
457709571
457425390
457376528
457522558
457522545
457521226
457521203
457521083
457520960
457486775
457481626
457481506
457486259
457481493
457486244
457486900
457480976
457481433
457485299
457517277
457516607
457484926
457485580
457486615
457485430
457517120
457520572
457481351
457485392
457521823
457485573
457486748
457485571
457481596
457517131
457486636
457485596
457486891
457522486
457481337
457520968
457484914
457520944
454099523
454100827
454100830
454099641
454099496
454053584
454046840
454052783
454052795
454046854
454052279
454052014
454093707
454094219
454051443
454051473
454093639
454052235
454052107
454094387
454100295
454100240
454098967
454094299
454051991
454099707
454099451
454052771
454094371
454046168
454052240
454101034
454100955
454094432
454046733
454046191
454099515
454052061
454065455
454065453
454065476
454059467
454060126
454064788
454064816
454065404
454065328
457475025
457474906
457474894
457468427
457468223
457468220
457468299
457474953
457468407
457469085
454058086
454058787
457468967
454058128
454058200
454058860
457468893
457469548
457474354
454064684
457467772
454059399
457469535
457474294
457474960
454058852
454058727
457468359
457474172
454058056
454065471
457468366
454059381
454064119
454095499
454095573
454063852
457515075
457515081
457472843
457472890
457515651
457473369
457515657
454048247
457479513
454047455
454047520
457479447
454047574
457480228
457473058
457479963
457480047
454095011
454094959
457472974
454047616
454063347
454047487
457472848
457480036
457473039
454047622
457480042
457480303
457515225
454048231
454064079
454065191
454095707
454099066
454099099
454059892
454065143
454099136
454100431
457515787
457515783
457468088
457486042
454046247
454046312
457486048
457486120
457469458
454058579
454093823
454058608
457469410
454051588
454063939
454099048
457473507
454058612
457486123
457515796
457468084
454059903
454063869
454095815
454059919
454059503
454100779
457474760
457468399
457520883
457515668
457468269
454053525
454047635
454046327
454046127
454046795
457486828
457469481
457469476
454051411
454052068
457485383
457521812
457481283
457521811
457469720
457474864
454064127
457479499
454064134
454095824
454100385
454099726
454060123
454095536
454099636
454064791
454065141
457475002
457522407
457515656
457522251
457521729
454048185
457486702
457480845
457479584
457480244
457485250
457468963
457484931
457469623
457469551
454064650
454094380
454059319
454098916
457486575
454052128
454094488
457474171
457510677
457508026
457507989
457510258
457508024
457676852
457676865
457671645
457671712
457676267
457676264
457676927
457676788
457676926
457673915
457673950
457505398
457504739
457673620
457674280
457504722
457674174
457674178
457671323
457507306
457507355
457673936
457510005
457671666
457671009
457671664
457510211
457676288
457674208
457676601
457676994
457505396
457671670
457676334
454089214
454086597
454086440
454086179
454089090
454338585
454338716
454332118
454332111
454331303
454331967
454335666
454335633
454082553
454082195
454082194
454335279
454335594
454335274
454088363
454331723
454331631
454085718
454082451
454335915
454331636
454082493
454331711
454086510
454337871
454338714
454088445
454082588
457391746
457391721
457385925
457391192
457391194
457386455
457385908
457386524
454148639
454148504
454142026
454141955
454141161
454141215
457384612
457385199
454143274
457385120
454141379
457385806
454141371
457385072
457385776
454141376
454143328
457391067
457386515
457386380
457391715
457391061
457385794
457385733
454141834
457389186
454083220
454083225
454083558
457388507
454145987
454145550
457503203
457503201
457503663
457503990
457669594
457669738
454333347
454333348
454332699
454145339
454145286
457388362
454083090
454332963
454145529
454083147
454083148
454332591
457503402
454083477
454145337
457669590
454083214
457503196
457503333
454145134
454083543
457389107
457391478
454088552
457386196
454085908
454083798
454145819
457503855
454141559
457509836
454145811
454333235
454333232
454333300
457676182
457676134
454331372
454335371
454335364
457673562
457504515
454148164
457676154
457504580
457670872
454337982
457384858
457504520
457670838
454085925
457385886
457388550
454083532
454148457
454148588
457504055
454141197
457503659
457507818
454148451
454338513
457676783
454331440
457670968
457670973
457671632
454142949
457384564
457504919
457673610
454143303
454333016
457391039
454088375
454083136
457385754
454085727
457391463
457504592
454332042
454086123
457504916
457388840
457391850
454083274
457386129
454086394
454088836
457386450
454148622
454148478
454147842
454145192
457507611
454338712
457670181
457669664
457676259
457670324
457676919
454336060
457504731
454143150
457676518
454088356
454141330
457674147
457509813
454081816
457503608
457509359
457509357
457509355
457519518
457508910
457519883
457509046
457675663
457707095
457707023
457675600
457484267
457694746
457695004
457695066
457508699
457508695
457706891
457483938
457706926
457675363
457509287
457694776
457509283
457707311
457519245
457706649
457695042
457675374
457509022
457695141
457519257
457508944
457675338
454087906
454098083
454087518
454098166
454098438
454087914
454337385
454337359
454379555
454379374
454379287
454379603
454337127
454337115
454050957
454050909
454367278
454367711
454050903
454336955
454367491
454087035
454097599
454087038
454336986
454087833
454098395
454087431
454337343
454087875
454098394
454379157
457390294
457390281
457422167
457389820
457421932
457421541
457389825
454189559
454188766
454189515
457374640
454153042
454153899
457373847
454153247
454153108
457389679
454188892
457421447
454153579
454188823
457389751
457421495
454188879
454153223
454153216
457389748
457421434
454188694
454189252
454188861
457409698
457409686
457409915
454062126
457409908
457409951
454062162
457472346
457472307
454177630
457471947
457659766
454343115
454343260
454343255
454343920
457659045
457659159
457409559
454176928
454343526
457471659
457659424
454343589
454343154
454177211
457409871
457471528
457472344
454176945
454177210
454062759
457390162
457390159
457410019
454062496
454146871
454177379
454189123
457519086
454189119
454336732
454378895
454343655
457659490
457674796
457374323
454153522
454153438
457694598
454146851
457374280
457390071
454367063
457706512
454097731
457374271
454050262
457390107
454189156
457421799
457410081
457422189
457421531
457421923
457409658
457472359
457508553
457519110
457471563
457471566
454188715
454336723
454343169
457706555
457659555
454050491
454050486
454366887
454153204
457694994
457483468
454050483
454336926
454343567
457675192
454147000
457471564
454062823
457390542
454087221
457422234
454098460
454098208
457471951
457509051
457472311
457519479
454337392
454343733
457675330
454343649
454343302
457674939
457374670
457374273
454153182
457483534
454336948
457695207
457421406
454336912
457374678
454062031
457706517
457509203
457510376
457519760
457507723
457510362
457519750
457510374
457676707
457707202
457671455
457671376
457486522
457700027
457486451
457485154
457674090
457698779
457698772
457709296
457709298
457709335
457485174
457676687
457516859
457516855
457698750
457675498
457485152
457520788
457485128
457711938
454087784
454087750
454098323
454098342
454099350
454086287
454337227
454379499
454331854
454379468
454337180
454337179
454373567
454373564
454370903
454053114
454335766
454372155
454094071
454382719
454082286
454335791
454337215
454373527
454385394
454086247
454370888
454373563
454382782
454384122
454385406
457425463
457422103
457425464
457391542
454148351
454189342
454194011
454148288
454147179
457372660
454154372
454143059
457384927
457420252
457420167
457420215
457378011
454143067
454153751
454190055
454154407
454154404
454153759
454158320
457374499
454062656
454062678
457414955
457474638
454177463
454183462
454180799
457664386
454343775
454344442
457657779
457657827
457469356
454347167
454058427
454178135
454178134
454058406
457661735
454178158
454343819
454347135
457414890
457664454
457661768
457472212
454062651
457467952
457659618
454063715
454063711
454083688
454095390
454063684
454145683
454182166
454182130
454192719
454145646
457515559
454333135
454333103
457670131
454348403
454368232
454047838
454156996
454157051
457479879
454083603
454182088
454380114
454192650
457473243
457663098
454380090
457503760
454063739
454065043
454083664
457422056
457386283
457412300
457472227
457473296
454145706
457509143
457473291
454337188
454349768
457711892
457671364
454379431
454333143
454050755
457374532
454373492
454047891
457661783
457384962
454347123
457408336
457516794
454382731
454333146
454088895
457468000
457520752
457388950
457410223
454095392
457424144
457390350
454148326
457515560
457507731
454183435
454337260
457664431
454348462
457707147
454344451
454373536
454046530
457479848
457661743
454058395
454372174
457384938
454050784
454158378
454178179
454098256
457509212
457510509
457520831
457520827
457507758
457521056
457675387
457707333
457710640
457671021
457711108
457712303
457486866
457483856
457697915
457481452
457674319
457673927
457505356
457673658
457709661
457516567
457675254
457508671
457519228
457671282
457484251
457509328
457709793
457522144
457671438
454089200
454100939
454099482
454098191
454086429
454089066
454337109
454378823
454386021
454336580
454378819
454050933
454053416
454046811
454335803
454081811
454372689
454383111
454383510
454338282
454338284
454385759
454098959
454094335
454051868
454373551
454100277
454099383
457390535
457391840
457427312
457422208
457385899
457425856
457386424
457421551
454195353
454195940
454141207
454194031
454141871
454195809
457374575
454159707
454154487
457373324
454159111
454190531
454143315
454146632
457378471
457391043
457420715
454188867
454153624
457374691
457421421
454196068
457427307
454062417
454062810
454059484
457412788
457472372
454177535
454184193
454177647
454180833
457468257
454180832
457467596
454343973
454350507
454349848
454343848
454345101
457664439
454058823
457408173
454178910
457469579
454058694
457412128
457467728
454347872
454065423
457468252
457388803
454095784
457413846
454095525
457424203
457473309
457503799
454182155
457515117
457472871
457515907
454145169
457663459
457669699
457705695
454332735
457377280
457480271
457694087
457377018
454380471
454333005
457663329
457503244
457669698
457415300
454100411
454099086
457521716
454181291
454181288
454349055
457706540
454380736
454331416
457670883
457379526
454157658
454154752
457469442
454158719
454178647
454178644
454382850
457384840
454190395
457474720
457384844
457676166
454344966
454065427
457422210
454101064
457412923
457409935
457472251
457473537
454148358
457474855
454182476
457676823
454385428
457669700
457379322
457697439
454154490
454367332
457695051
454051864
457662007
457674075
454372684
454190790
457516959
454374004
457426650
457510413
457510675
457509092
457507737
457521234
457521198
457712488
457710982
457671559
457676263
457712344
457675340
457486510
457486770
457481590
457480902
457700332
457697433
457480950
457485318
457699168
457516602
457516966
457505230
457700452
457508660
457520574
457676685
457676287
454086595
454099662
454098164
454338583
454338429
454386022
454336568
454379469
454338631
454053570
454367625
454366964
454046553
454370841
454046118
454052230
454383579
454094214
454051438
454082227
454335729
454372899
454385758
454097636
454331719
454384467
454094346
454385799
454052250
454338667
454372887
454378796
457391731
457422214
457426857
457386562
457389824
457421960
457427344
454196127
454141737
454142011
454153124
457372726
457373194
454155075
454153172
457377945
457420612
457377796
454190835
454160170
457421360
454195455
457378384
454158381
454195479
457427296
454062788
457415620
454059801
457412812
457409948
454065402
454180845
454181223
457468218
457472181
457659694
454345299
457658296
454343324
457662424
457408240
454178919
457408329
454058742
454183539
454344915
457658032
454058850
454347807
454344477
454063761
454063725
454083682
457413850
454095558
457515606
457503765
457663726
457669519
454380081
457705948
454380129
457479921
454157475
454368994
457479610
454157163
457663396
454157571
457705588
457377076
457388755
457503607
454064022
457391455
457410092
457414144
457386199
457421804
457474746
454193355
454177364
457659500
454350303
454385547
457658182
457374298
454052910
457480138
454153472
457699960
457480758
454371003
457379512
457469454
454058566
457698592
457472060
457389019
454368903
457520370
457425880
454063470
454196103
457515666
457664421
454348983
454336532
457676251
454048170
454160331
457480830
457372552
454142647
457516797
457374404
457385095
454347783
470352826
470351639
470351637
470352923
470352920
470352955
470341065
470338438
470340635
470340896
470341074
470341050
470339746
470339457
470349874
470350269
470350015
470339311
470339346
470339447
470339742
470352514
470352512
470338139
470351242
470338151
470351240
470339732
470349899
470352548
470338399
470338005
470338266
470341063
470352513
470338270
470338411
470351217
470162876
470161521
470162611
470161415
470162842
470127081
470121292
470121887
470126500
470126577
470125639
470157598
470125222
470157323
470125240
470125760
470125783
470162195
470160899
470157428
470160874
470126968
470126961
470161487
470121256
470161483
470125232
470125231
470162541
470126962
470125640
470127091
470162206
470156924
470157310
470157260
470162181
470148359
470148176
470148222
470150589
470150946
470147960
470317163
470311307
470311960
470311834
470311355
470316644
470317180
470317168
470145323
470314018
470314605
470145664
470145310
470145642
470316870
470147627
470311570
470314468
470314470
470311640
470317271
470150795
470148280
470145294
470150529
470145574
470150265
470148352
470145308
470147932
470149403
470149413
470149242
470149362
470160202
470149245
470315995
470346946
470347005
470346979
470315656
470347642
470315992
470124201
470335127
470335120
470335750
470335134
470124334
470124287
470335535
470347206
470347228
470124259
470124167
470335759
470347269
470335518
470160163
470315601
470149660
470149372
470160166
470123887
470315322
470124127
470150731
470162458
470148058
470161127
470148067
470148056
470161112
470317054
470352272
470350900
470311703
470311751
470315791
470350976
470335664
470337731
470124392
470337704
470335590
470314415
470314366
470339023
470349606
470314338
470125480
470126802
470340383
470162404
470121524
470149474
470148052
470337727
470162826
470148187
470149254
470150718
470317043
470317040
470352284
470347391
470315308
470124575
470335653
470335772
470335376
470126526
470123910
470127184
470125511
470125603
470339423
470145283
470157187
470125864
470126922
470339548
470145544
470350115
470350244
470162169
470148076
470123911
470316618
470160214
470147926
470160069
470149497
470150815
470315732
470347545
470316631
470315324
470124454
470124188
470340393
470121798
470338234
470340892
470314663
470125254
470156898
470316919
470352556
470352532
470160850
470125710
470352520
470124164
470145429
470159768
470148283
477005602
477004425
477004135
477004137
477005494
477004400
476993734
476991227
476990793
476991090
476991081
476993742
476992521
476992126
477002839
476992391
476992388
477005310
477002939
476993586
476992267
477002972
477005711
476990963
477004125
476993444
476992556
476990839
476990925
476992160
476993446
476625575
476624266
476624011
476624120
476624133
476624109
476558266
476557355
476558114
476558253
476565968
476558246
476564579
476564841
476616743
476617414
476617401
476564510
476564870
476564518
476565908
476617547
476624666
476624635
476623327
476564650
476565890
476565920
476616729
476623334
476623915
476623917
476625239
476564854
476566162
476624577
476623342
476565967
476613572
476613585
476611066
476610947
476610898
476613539
476610657
476610632
476946359
476938438
476938304
476945435
476938415
476938286
476946218
476943309
476943702
476605391
476605382
476605390
476943314
476943563
476945934
476605666
476612792
476610102
476945867
476610104
476943296
476613623
476613620
476938386
476610974
476613222
476605665
476613710
476613686
476610586
476605378
476938290
476612745
476622515
476622695
476622691
476611953
476612094
476945038
476997837
476997571
476997803
476944934
476944939
476997823
476945018
476563559
476985945
476562539
476563461
476563142
476563259
476944602
476997438
476997342
476985643
476611426
476997786
476996865
476944063
476944982
476944726
476611377
476612090
476985463
476944545
476996874
476612240
476613418
476612239
476622778
476623831
476613402
476622823
476612262
476946092
477004730
477004811
477003418
476944811
476997662
476997703
477004798
476985803
476563322
476557880
476992854
476943415
476564430
476991587
476991578
476943358
477002095
476946044
476992916
476990270
477003463
476610716
476617232
476625194
477004794
476623871
476610643
476611040
476944895
477004820
476938399
476945399
476945006
476946314
476565786
476993649
476990294
476557302
476985530
476564466
476617269
477002622
477002750
476943551
476622008
476938002
476557964
476611446
476564697
476605520
476985811
476616704
476990877
476938266
476613691
476625582
476610631
476622644
476622789
476625558
476996890
477005606
476938162
476566062
476993858
476992929
476990302
476557254
476985464
476943453
476992198
477003110
476616706
477002157
476605639
477005306
476621984
476557966
476990930
476610103
476564850
476563124
476997657
477003086
477005702
476623338
476815654
476814322
476814187
476814190
476814071
476814056
476780025
476774758
476774686
476774624
476774552
476774620
476774612
476779353
476778455
476778679
476809737
476778019
476777985
476779735
476814940
476810194
476774422
476774468
476774456
476810191
476810255
476774716
476774588
476814152
476813684
476779341
476779737
476810120
476774071
476814064
469972653
469971479
469971331
469971334
469972639
469913266
469913255
469905479
469904546
469904528
469912460
469912473
469912039
469964782
469963919
469964602
469912034
469911944
469964722
469971778
469905179
469970459
469911848
469911847
469911914
469913229
469972701
469963931
469964726
469972435
469971116
469913097
469972658
469972514
469937024
469937025
469931805
469931675
469931733
469931721
469931194
476756147
476756264
476747330
476748131
476755330
476748213
476748332
476747432
476750338
476750327
469929230
476749979
476750061
469929232
476750918
476750836
469929008
476747699
476747672
469929026
476750770
469936922
469931776
469936216
476750793
469937018
476747428
469931714
469928480
469935571
469935573
469966846
469935136
469935767
469935763
476807757
476806739
476807654
476754023
476806798
476772021
476771380
476771354
469907122
469907815
469907812
476771855
476771758
469966586
476807023
469966495
469934812
476754621
476772079
476806754
469967155
476753956
476807083
476772082
469935530
469967498
469907119
476807476
469908019
469935671
469967386
469970747
469931536
469970782
469935635
469972100
469935700
476754790
476755976
476807531
476814752
476813431
476748062
476779019
469904746
469912634
476779040
476773736
476779012
469911340
476777695
469964212
476750630
476750654
469964186
476773799
476777764
469935662
469964144
469931518
476807584
469935691
469972725
469972724
469931601
469971275
476755999
476807733
476815448
476807467
476754002
476807469
469907435
469908088
476779101
476779100
476774654
476750299
469911736
469964205
469911998
476750827
469905143
469905139
476813596
476778484
476756236
476772091
469937114
476807464
469935694
469972137
469972636
469936495
476754944
476815658
476806736
476807529
476747431
476747419
476815318
469913380
476771434
469912468
476750661
476778446
469964121
469964776
469964181
469913062
476779766
476814922
476814974
469908080
476756203
476807553
476809706
469970536
476803787
476803640
476800761
476801154
476801135
476801010
476801014
476970092
476964179
476964165
476964820
476964704
476964628
476969915
476969433
476967462
476798519
476797852
476966747
476797804
476967294
476798362
476803066
476964364
476800422
476964414
476969648
476967316
476798493
476964791
476966795
476964788
476797830
476970102
476969938
476801140
476966744
476966804
476803089
469958277
469957830
469957871
469958230
469958133
469960734
469960737
470293403
470285637
470285482
470293463
470293330
470284700
470290474
469952901
470289898
470289947
469952546
470290818
470289945
470290758
469959968
469952762
470290497
469952042
469952049
470285222
470289971
470290490
470290894
470290868
469952841
469951976
470293326
476589815
476589812
476584666
476589268
476584676
476589225
470094623
470102546
470102541
470095460
470098192
476581114
476581017
470097194
470098094
470097443
476581366
470098067
476589034
476589008
476583650
476583748
476583752
476583680
476589731
476589729
470095346
470097506
470097514
476589926
470095540
470094562
476581304
476586918
476587271
476586580
469954926
476586849
470100839
470100442
476795858
470099862
470099901
476794898
476794950
470288277
470287619
470288200
470287346
476961518
476961465
470287538
470287876
476795146
469954612
469954658
469954660
470100082
470287866
470287569
469955541
476586558
476586866
476795121
470287254
470099908
470288178
470099896
476587184
469960228
476584235
469957570
476589491
476589508
470100656
476802770
470095067
470095154
470102978
470100606
470102986
470292803
476962060
470097726
476581638
469952236
476797547
476581562
476966522
476969142
476802800
476584180
470103052
476802772
469957610
476961990
469960845
469957600
476587288
476589904
470100695
476802854
476801063
476800926
470293487
476961251
476962166
470285560
476961512
476964602
470292561
470097791
470290842
476581629
476966538
470289914
470290712
470290710
476803036
470100146
476962170
469960238
476583962
469957617
469957864
469955240
476795854
470095113
470095422
470287604
476963913
470284684
470098150
470290468
476581098
470097226
470290420
469954616
476803058
470285236
476964434
476795168
476589018
476795673
469960816
469955144
476803322
476802214
476812642
476812626
476802165
476968787
476968521
477000466
477000405
476968103
476968135
476968127
476999803
476988597
476988198
476776684
476987891
476777326
476988298
477000083
476801742
476777121
476988319
476987896
476812703
476968530
477000430
476813020
476988151
476776663
469959559
469970110
469959151
469959187
469969857
470292225
470292203
470344102
470291219
470344754
470344111
470291277
469910706
470332226
470333061
470332658
469909786
470332134
470291843
470291838
470332891
469958666
470291743
470332854
470291786
469910483
469959235
470344622
469969799
470332878
470291918
469910755
470344938
469969798
476620307
476620051
476619979
476620043
476620053
470154014
470154655
470101233
476559994
476559916
470119247
476560156
476559993
470119019
476587678
470154299
476619314
476619388
470101490
470154199
470153963
476619376
476587883
476560915
470101822
470118957
476619321
470154688
476559895
476620034
470101792
476608432
476607994
476608031
476608024
469933846
476608362
476753193
470143078
470142974
470143070
470142666
470143074
476753542
476941079
476941007
476941006
470309303
470308643
476940134
476940998
470308955
470142412
476607418
470142410
476752878
470142405
470142076
476941022
469933761
476941062
469933497
470142052
470308929
469934206
476608099
476608102
476608127
476608123
469969462
470142778
470142719
470154562
476812110
470154522
476801503
470101718
470291536
476967839
476967830
470344283
470291474
469909994
470118850
469910018
476967822
470142736
476608072
470154491
470101756
469934158
470332495
476967798
476588162
469934239
476619911
476587926
476588584
476802383
476752670
470142645
476941043
476967863
477000376
476940115
470309116
476940374
476560869
470333080
476987834
470332684
476987658
476560202
476560602
469910414
476753596
476777299
476587665
476588193
469934086
469959280
470154954
470101186
470143027
470291968
476941003
476968790
476968118
469910356
476776473
476987577
470118582
469909762
476776922
470291770
469958632
469969180
470101398
470119278
470142741
470308687
476815283
476815242
476812879
477005098
477005074
477003739
477003775
476964548
477005062
476777267
476988388
476993142
476798218
476809998
476809930
477002423
477002416
477002383
476967160
476777228
477000299
476809972
476800820
476803458
476968638
476969814
476778284
476803528
477005050
476990551
469960627
469970026
469972376
469969998
469959414
470293295
470292103
470344883
470344898
470344867
470351999
470292074
470333000
469905034
469904982
470332978
469912970
470338730
470349342
470349358
470338830
470292056
469912967
469969931
469910582
469911680
470338736
470349370
469905031
470350674
476588504
476620162
476624939
476589619
470161922
470095190
470160535
470103119
470160607
470095196
476565508
470126314
470120956
470126243
476557544
476564183
476564182
476581735
476581766
476581672
470161874
476584316
476620087
470097896
476581750
470154754
470120935
476584334
476620142
476608300
476610414
476613004
469931480
470142946
470150072
470147426
470150022
470142890
470316395
476937778
476937770
476937755
470316364
476750524
476942982
470313707
476605067
476942963
476750576
470309214
469928812
476940942
469934290
476610322
469967068
470100539
476795614
476795570
470287936
476961935
476961931
476997178
476997136
470287919
476997142
476944282
469907651
476771618
469907620
470334774
476961883
476985259
476997124
476622196
470334834
469907678
476944330
469907647
476771686
469935386
476622218
476997138
476608271
476613016
476624884
469967095
469972327
470100546
476795591
476800795
470160578
470293220
470309227
470346724
470350634
470351959
476565486
470119136
476777166
476993120
476990474
470290576
476581718
470156627
470349318
470290574
470097884
476964474
469971002
476608270
469955300
469972348
476620110
476623578
476755879
470095266
470309239
476997154
470285302
476997140
476777258
470334776
470337442
469907624
470097886
476967158
476991818
470349388
470316343
476611640
470351980
476802335
476803631
476812614
476813949
476800722
476802055
477000455
476999793
476964143
476964667
477004231
476969944
476777373
476988452
476993207
476993668
476774708
476778671
476798483
476798481
476809684
476798085
476798478
476778539
476988307
476988304
477000052
476990896
477003967
476774444
476993538
476779627
476774707
476966780
469972386
469969735
470293523
470293387
470352019
470344087
470332211
470340140
470337501
470338202
469905297
470337944
469952954
469952563
470289957
469911899
470344619
469970502
469957314
469957316
470291946
470339529
470339396
470340847
469972382
470352726
470337943
469959170
476623607
476587951
476588608
476625523
470102135
470103308
470102515
470119293
476558205
470126474
476565518
476564543
470156654
470097232
476617603
476563881
476564672
470102779
476581871
470162116
470121599
470121596
470126872
476581869
476617604
470121727
470101204
469936751
476613249
470150768
476748302
470142656
476748170
470142657
470142126
476945680
470317223
470311281
470308708
476943647
476942721
469928260
476750816
470308974
476612716
470145489
469930905
476945358
476622885
469935127
469967200
476795603
476794910
476807346
476795442
470149178
476806783
470287999
470315241
476562887
470335701
476562563
470123656
470335038
476754244
476771803
470124234
476621956
476944962
469954934
476944038
476588216
469935655
469972086
476610739
476623806
469970768
476753348
470149451
476807576
476807570
476813387
476748038
476812087
470309102
470344346
470350879
470344351
470126742
469904764
476990234
476797552
476777740
476753344
476587142
476969154
476587040
476610741
476584506
476622620
476756227
476800874
470142655
470150503
470287580
470315900
470344353
470284941
477004094
470285464
476776449
476779065
476558202
476564202
476581998
470144959
469952560
470124236
476992346
470340712
476813642
476802176
476802309
476815281
476815530
476803351
476800869
476814330
476968774
476968760
476999744
476990529
476778450
476966743
477002800
476778642
476777110
476993584
477000032
477003970
476813670
476993704
476990800
476798095
476814150
469959310
469960629
469972518
469959284
470352686
470285491
470351342
469904538
470332712
470338274
470337489
470290471
469952038
470350298
470339266
469964514
470290423
470291818
469913106
470339530
469952815
469952047
469969664
469905045
469905438
476589931
476625580
476620113
476623606
470101220
470162834
476566126
476560844
470119220
470120961
476565244
476559980
470097463
470124897
470125558
476563912
470157314
470098063
476564674
470097991
470119052
470162186
470125706
476566024
476589597
476589859
476557996
469934504
469936750
476613712
476608233
469931433
469931730
476756262
470142152
470147942
476748126
476748330
476940945
476946220
476946208
470309396
470317090
476940980
469929234
476604856
470313938
469928238
469936186
476607440
470311546
470145530
476756202
470150918
476610976
476942764
476587042
469935534
476587267
469955563
476622490
469967250
469955325
476795517
476806794
476944996
476961897
476961259
476997105
470347406
476563486
476771625
470335394
476562580
470123918
469907358
476771814
470149010
469954663
470335478
476754489
470123894
476612224
476584246
470100655
476812016
470162386
470095135
476962030
476997700
470335658
476985724
469904814
469904790
470340362
469911342
470125478
476605462
476797519
476750634
470309084
470124422
476605504
470145422
476619824
469955491
476607740
476584495
470143040
470148729
476754006
470162558
476940909
477005524
470311077
470119268
476992936
476985532
476943676
470290447
476798023
476564692
476583703
449729135
449727958
449727943
449727800
449727935
449727933
449727825
449729143
449717266
449714745
449714315
449714602
449717000
449717219
449714312
449716079
449726622
449726358
449715681
449715944
449726502
449727563
449728843
449714470
449715906
449717120
449727642
449715656
449715655
449726346
449729095
449726494
449729130
449714493
449714731
449444144
449442561
449443892
449442695
449396637
449389904
449395815
449396619
449396422
449395283
449437559
449437291
449394519
449437283
449394511
449395148
449437403
449443342
449389775
449389767
449389747
449395095
449437399
449442008
449396600
449442033
449389211
449442621
449395316
449389737
449441961
449389210
449389219
449432121
449429194
449431878
449431868
449429218
449432118
449675157
449680883
449681667
449675127
449679071
449425679
449424802
449678326
449425194
449678313
449424838
449431479
449431460
449425494
449431439
449674712
449681307
449681711
449432195
449674743
449431794
449431796
449674977
449674316
449431474
449678324
449430658
449441506
449441121
449430527
449430906
449430547
449441119
449680162
449722678
449721885
449679611
449680347
449393590
449710787
449709999
449393122
449393517
449393734
449710447
449722191
449430119
449430162
449722195
449393562
449430611
449430609
449441039
449441430
449679595
449722365
449680119
449680134
449709991
449710351
449443758
449443738
449429339
449442406
449441351
449722520
449728402
449722463
449727127
449727142
449393818
449710580
449710659
449389643
449713940
449389611
449678814
449715243
449725799
449437107
449678767
449722496
449725823
449722491
449442351
449431926
449681490
449716579
449429367
449429343
449432239
449441370
449442789
449429598
449680151
449722653
449675121
449728928
449728471
449393574
449716595
449389989
449714540
449395791
449393571
449425401
449425395
449726154
449393711
449425507
449717051
449726415
449674723
449728795
449393971
449678684
449431995
449440701
449431977
449432131
449443978
449430512
449430548
449680294
449681743
449729139
449727610
449679632
449721848
449393817
449709982
449714751
449714703
449710400
449714542
449710316
449425642
449679031
449717127
449437422
449437338
449441998
449442006
449425495
449678829
449431929
449674845
449727639
449716959
473014066
473014055
473014053
473012627
473013788
473012587
473012492
473002053
473002184
472999378
473001753
473000611
473000483
473011003
473011005
473000433
473013682
473012314
473011303
473000742
473000735
473013666
473012576
473001762
473012708
473013765
473001922
473001909
472999111
473012478
472999399
473000458
473013645
472633892
472633774
472632319
472632428
472633883
472574362
472566503
472566466
472573490
472566452
472574421
472566584
472572934
472625978
472572235
472573101
472625030
472572926
472573063
472566238
472631651
472625839
472574222
472574243
472572908
472625966
472572249
472573557
472633766
472566583
472632590
472566367
472572260
472619387
472621590
472621619
472619372
472619396
472945835
472953722
472953740
472954658
472946529
472614106
472613098
472951010
472951014
472613709
472951622
472613984
472621019
472618466
472618426
472613982
472951810
472614093
472619168
472946577
472619169
472945784
472954257
472613170
472621886
472618473
472953750
472614068
472620439
472631267
472630869
472620403
472620678
472953058
472953321
472952390
472571482
472993354
472993871
472993302
472993870
472571474
472993785
472619795
473005714
472630258
473005727
473005759
472994010
472953306
472620350
472630778
472952387
473006107
472952925
472993318
472993339
473005134
472620278
472571383
472620551
472631099
472619108
472632200
472954414
473013146
473011808
472953130
472994042
472998578
472998602
472994118
472951771
472625598
473010470
472572702
472572779
472571706
472999927
473013102
472632103
473011784
472999952
472621766
473013126
473010476
472630857
472631250
472621603
472621604
472631251
472620570
472953213
473013851
473011821
472946474
472946588
473012527
472946720
472574471
472994255
473002094
473002100
472565625
472999326
472574462
472952001
472951607
473000774
473000519
472625946
472571587
472625814
473012258
472951869
472620566
472999327
472620585
472630868
472632201
472619215
472953092
472953080
472945831
473012530
473001273
473002058
472999538
472999106
472570930
472574286
472951606
472613095
473010502
472625070
473011382
472625686
472951099
472999905
472954231
473001890
472619756
472625818
473005712
472574154
472574238
472620489
472945783
472630916
472728958
472728800
472727363
472727362
472728679
472681439
472674747
472680560
472680632
472680645
472681275
472680082
472722095
472679287
472722003
472722093
472722009
472681171
472681148
472681150
472722135
472674491
472681090
472722139
472679828
472681267
472674003
472728603
472727288
472679816
472722141
472726809
472722092
472727607
449349094
449347798
449348816
449347773
449347784
449289706
449289572
449281799
449280873
449281667
449281772
449289614
449288362
449340170
449341163
449287377
449288266
449348170
449281499
449346866
449281508
449289359
449348158
449289549
449348174
449280839
449348755
449340902
449289550
449341196
449347490
449340920
449288779
449301585
449294195
449300799
449301515
449294175
449300794
472669403
472661638
472668539
472668621
472669330
472662939
449292658
449293581
449293670
449292791
449292866
472662740
449293522
449294075
449300591
472662818
472669467
449293533
449301362
449294895
472662002
472662801
472660611
472661499
472662032
449300774
472668669
449292668
449300015
449300275
449299450
449342241
449300195
449342503
472668225
472667935
472720670
472668218
472720677
449282243
472673423
449282187
472672510
472672575
449299354
449341490
472720150
472720202
449341495
472667354
449282283
449299915
472720227
472672691
472668219
449282239
449300182
472720731
449342474
449300186
449301335
449342303
449347003
449294703
449300103
472668080
472720810
472673378
472673819
472673907
449282888
472680483
472662655
449340311
472662590
472721398
449287598
449282948
472668019
449346902
449342287
449346908
449301231
449287582
472679170
449280979
449294955
449300771
449342491
449300127
472667951
472728731
472728728
472660675
472660677
472669382
472672562
472681340
449281707
472674743
449280789
472680542
449282966
472721471
449293507
449300636
472720223
472660803
449293503
449288911
449282299
449340392
472722129
449294714
472727403
449341724
449300803
449346981
449348289
472728926
472727366
472661539
472661479
449288925
472674746
449288787
449288763
449293402
449341095
449340850
449292799
449340915
472679109
449282830
472667360
449293510
472679942
472674482
449293531
472681154
449349015
449342156
472679294
472717052
472714030
472716669
472717074
472714040
472717050
472966559
472966401
472959945
472959743
472959742
472965747
472959944
472959080
472710030
472710075
472710430
472710033
472710390
472716255
472713647
472963499
472966377
472710333
472714347
472710450
472963887
472710454
472713645
472959778
472965762
472710068
472965750
449334585
449334546
449334594
449334464
449337190
449669878
449669733
449669745
449661014
449661022
449669642
449667189
449328383
449329310
449328378
449667054
449329187
449329091
449329178
449333674
449329136
449329086
449328369
449660987
449668904
449669462
449669742
449661550
449661942
449334446
449669385
472586373
472586374
472585515
472586180
472586391
449384626
449384600
449376818
449383832
449376692
449384661
449383737
449384594
449378147
472577554
449377139
449377223
449377262
449377270
472585376
472578778
449377931
472578843
449377994
472577531
449376755
449376614
449377334
449384607
472577530
449376754
449375961
449376021
449375883
449329834
472582959
472583675
472583274
449330583
472583674
449330157
449382117
449381670
472709062
472708667
472708182
449382062
472957846
472957623
449662335
449662466
472582835
472582786
472708282
472582742
449662779
472958187
449662431
472958589
472583654
472583658
472582863
472708365
449330630
472957842
472582910
472708317
449333759
472579347
449333775
449333720
472708994
472713418
449376347
449384262
472716054
449663123
449661166
472958423
472965548
472577978
449328443
472709462
472962891
449384274
449663091
472962966
472716063
449333703
449669030
449381955
449336438
449330615
449330607
449333793
472585557
449384351
449384574
472714341
449381168
449376788
449669067
449661153
472959854
472959069
449661740
472962983
449329226
472577631
449377178
472963026
449328510
449667015
472958216
472963691
449329691
449329098
449381967
472583726
449661870
472959858
472716579
449330240
472583672
449381985
449384350
472709060
449376790
472708664
449663061
449661939
472957844
472959818
472710382
449328915
449667135
472963430
449381276
472708268
472959542
449334099
472579566
472715482
472715322
472715359
472726283
472715711
472715446
472726005
473006602
473007393
473007171
473007443
473006647
472964967
472964409
472677915
472678707
472678319
472677957
472964803
473006998
472995282
472714915
472995294
472964835
473007069
472725510
472726231
472715670
472715475
473007462
472995166
472995115
449346478
449335486
449346438
449346067
449667538
449286678
449709383
449709030
449286134
449286138
449286586
449708454
449709215
449334955
449720906
449334947
449668066
449286799
449709203
449708510
449345541
449345505
449346194
449668194
472585063
472584287
472584279
472584271
472584771
449435314
449435302
449382511
449382513
472567107
472566891
449388635
472567823
472567910
472567826
449388350
472626303
472584067
449382602
449382627
472584141
472584139
472626429
472584191
472584187
472567882
449382645
472584057
472626518
449382495
449298957
449298909
472615043
449298111
472615386
472614558
449298903
449423339
449423962
472947995
472947274
449672894
449672955
472947153
472947634
449673438
472614418
449673359
472666026
449298465
449423555
472614542
449672990
472666125
472666515
449672898
472614550
472614429
449423907
449298655
472615175
472626870
472626887
449345643
472584599
472626871
472714798
472725386
472714783
449673571
449673566
473006459
449720463
473006519
472964231
449388314
472994622
449382951
449388283
472615075
472725306
472666562
449298598
472615130
473006466
472725351
449298525
449335567
472715659
449435922
472715258
449668473
472947251
449672875
449673794
449387738
472994711
472994703
449708991
472567502
449286731
449423522
473006979
472666089
472666875
449424075
473006538
472626998
472677907
472627270
449346394
472584282
472615125
449346039
449435830
449435970
449673573
449673835
472964878
473007458
449720427
449667591
472677777
472994714
472995542
449286975
449673439
472614427
449334939
472567878
472947235
449708649
472715602
472728510
472714171
472714124
472965070
473013263
472959694
473013247
472966208
473001407
472674394
472995416
472995438
472998742
472963619
472963650
473000050
472721915
472721955
473000034
472679638
472965059
472715535
472721936
473010619
472721938
472959654
472714131
473010608
449336939
449348723
449348720
449335735
449668399
449669515
449669570
449289274
449709320
449281374
449286890
449666938
449666927
449725619
449340702
449666875
449715102
449666948
449335682
449286902
449668386
449340778
449661690
449668326
472586107
472631723
472627148
449436011
449443232
449441875
449376551
449443190
472567786
472573727
449395690
449388554
449389031
472565775
449395622
449395707
449377807
449394358
472625122
472625114
472578123
449394291
449436611
449436014
449377856
472573699
449436536
472631710
449436596
449395627
472615280
449298740
472666786
472666758
449424128
472947947
449673610
449674226
449674142
472953791
449673622
472951158
449678190
449424650
449424651
449424654
472662470
472953839
472953831
449673650
472662512
472953798
449301106
449424668
449431299
449299834
472619927
449330283
472630402
472630447
472708858
449429935
472720595
449440538
472952563
472958330
449721670
449721715
472958331
449393026
449392982
449393039
472673078
449429943
472708806
472667835
472571035
472708810
473005362
449662914
472619870
449298791
449336887
449294564
449384447
472708862
472728464
472661204
472952540
472953843
472952539
449680799
473011871
449289231
472995368
449713751
449282690
472679618
449340710
472573675
472965006
472630454
472618562
472584918
449330350
472621243
449347347
449330324
449384466
449440496
472728506
472714130
449381756
472947910
449669583
449673607
449674147
472959662
472567698
472678610
472572358
449340795
449436534
472963562
449381768
472621147
472715466
472965213
472966519
473007332
473012673
473007183
472678772
472678650
472994783
473001981
472674656
472679803
472710203
472709647
473000071
473010627
473000399
472963635
473000070
472963748
473000660
473000659
472726794
472674519
473007055
472995306
472710200
472714941
473013597
473006658
449337201
449348939
449347746
449720402
449720409
449661679
449727863
449661787
449289669
449289536
449716454
449709056
449709450
449288087
449328359
449329274
449328878
449715851
449348144
449727467
449715846
449728783
449709189
449340788
449727018
449347382
449668914
472633832
472631793
472631792
472586115
449441903
449441899
449376671
449382488
472567100
472565591
472566963
472567886
472572395
449395219
472625906
449377190
472572187
472572189
472625774
472566247
449441943
472577516
449436207
449436668
449376795
449389147
472627022
449301191
472614621
472618914
472618916
472666890
449432051
472661586
472661582
472661457
472947255
449673693
472953662
472946672
472951950
449425178
449425578
472662774
472613895
472946279
472660796
472954190
472669503
449678180
449431389
449432175
472618389
449299871
449299867
472619907
449299863
449381843
449441155
472720725
449441157
472668182
449662311
472952546
472673469
449393901
472570862
472720199
449722183
472952870
472571791
472668183
472583474
473006070
472615151
472631058
449333766
449342335
472631059
449301279
449443667
472661318
449435815
473006528
449661127
472946402
473011748
449286255
449396142
449388290
472998542
449678759
472613771
472721387
473010427
449681394
472620494
472620632
449334423
449383017
472669375
472708989
449430464
472965597
449722580
473013069
472947127
472952348
449709327
449280819
449395746
449678179
472679145
472963478
449715975
449662844
472952876
472954195
449709183
472631586
472716910
472726161
472714137
472715338
472964936
472966411
473014047
473012451
473012542
472678352
472681290
472994720
472998681
472680598
472674018
472963867
472710391
472722054
473000475
472679637
472964792
472995248
472995320
473007068
472714089
472959115
472715276
472680606
449347782
449334187
449347638
449669842
449729050
449727033
449721070
449667632
449668927
449281698
449714570
449281377
449725617
449726318
449287458
449286812
449336278
449717102
449346826
449329291
449348625
449347698
449714318
472579522
472632579
472585519
472632423
472579651
449383436
449375815
449442674
449442806
472566591
449389150
472566908
449395274
472625194
472577650
472578129
449437274
449382608
472584116
472625859
449442014
472586167
472625967
449376751
472632231
449301550
472615305
449294994
449298116
472669137
472661634
449429582
472665992
472668534
472947284
449681530
449675150
472945827
472953789
472662118
472614099
449678234
472662465
472954275
472613883
472618390
472947897
449425526
449432054
449299845
449330362
449329843
472630485
449341638
472620663
472667934
472708857
449430650
449441422
472708759
449662450
472957699
449722634
472673121
449710310
449393726
449710438
449722226
472720206
472571439
449330277
449330143
449342338
472579366
449298608
472720878
472713511
472714784
472727994
472954371
473005995
449710658
449713870
472677788
449394914
449715278
472721430
473010507
472668018
472578055
449716562
449340378
472586347
472631127
472584236
472669386
449376427
472714077
449376655
449721854
449661151
473012655
473005863
449282697
472673370
472995369
449714666
449286068
449288706
449292714
449328307
472625583
449289366
449673404
449680010
449539055
449537877
449538908
449537719
449539160
449537864
449503426
449503532
449498207
449498205
449502875
449497594
449503396
449502223
449533840
449501572
449533583
449533881
449533617
449503267
449538466
449497939
449537180
449538527
449533233
449537804
449539192
449498242
449537596
449501504
449539024
470067839
470067681
470066515
470066363
470067539
470066492
470067801
470020162
470020295
470013705
470012919
470020232
470013585
470020287
470018998
470018963
470061226
470060935
470061199
470018915
470061195
470061151
470018842
470061104
470066962
470065635
470019968
470018779
470013452
470020041
470020040
470061213
470067753
470018974
470067021
470019523
470061200
470032067
470032053
470026240
470031532
470032120
470026232
470031465
449491653
449484195
449490862
449485055
449491595
449485076
449486386
470024805
470025520
470024800
449486319
449486194
470026127
449484392
449491004
470025453
470031981
470026167
470024907
470032108
449485724
449485604
470031531
470025393
470030578
470030603
470062291
470030183
470030539
470062282
449490081
449531793
449532251
449531771
449489554
449489529
470014306
449496874
449496292
470014293
470015031
449489695
449496658
470030087
470061695
470061694
470014684
449489691
449490021
449496683
470030523
470062473
449496259
470030135
449496261
449490279
470014171
449490004
470030747
470031898
470067176
470067143
470026624
449491376
449532466
449538380
449484723
449484783
470014882
470019659
470012987
470014820
449496736
470018260
470025291
470060495
470025292
470060491
470014871
470014864
449502727
449532392
449533096
470013015
470019622
449502739
449532460
470026575
470025260
470062383
470062412
470067628
470062408
470065843
470062271
470066311
470026749
449531780
449537531
449490843
470015008
470012855
470012852
449486361
470018663
449502147
449533175
470060373
449485564
449501428
449533171
470066968
470061027
470026087
470065655
449531911
449490064
470030061
449533701
449484904
470030600
470062425
470026183
470062270
470066368
449490344
449491519
449539059
449485042
449537085
449484199
449484943
449538903
449539155
470014833
470013057
449498067
470012896
470018980
470018692
449485723
449533174
449533239
470060902
449490991
449496608
449538454
470065654
470061752
449533767
449484741
449484211
472823864
472822667
472823827
472788344
472783067
472782340
472783048
472787686
472818719
472818712
472786967
472786965
472818586
472818508
472821979
472788020
472786892
472786891
472823320
472822600
472782383
472822341
472818691
472822017
472821981
472782910
472786376
472823692
472782871
472786833
454005923
454005815
454005790
454006039
453946667
453946534
453946664
453937730
453945746
453945741
453937802
453945083
453945079
453944339
453944338
453944414
453945262
453945188
454005154
454003790
454003811
453938492
453946318
453946399
454004663
454005710
453938589
453946519
454005153
454003737
453937798
454004714
453970425
453970436
453965158
453964497
453969754
453970233
453970288
472756658
472764501
472756526
472756545
472764458
453961858
453961840
472759222
472758321
472763912
453962315
453962312
472763842
472755920
472756607
453969683
472758364
472756604
472764526
472755652
472755921
453965126
453969119
454000066
454000780
454000499
454000492
453968445
454000783
453968385
472762975
472815153
472762250
472815801
472815802
472762970
453940667
472779514
453940466
453940462
472815410
472815376
472762574
472780163
472815743
453968356
472816003
453941114
472762934
472816006
454000058
472779742
454000592
453964895
453964822
454005379
454005415
472764308
472815946
472823048
472815842
472823035
472764236
472763138
453945947
472787336
453938099
472782058
472787428
453944656
472817699
453962176
472759010
472786012
472759027
472764259
454000571
454005316
453941239
453968890
472756312
472756384
453970094
454006007
453964876
454004552
472762989
472822317
472755716
453946600
472788122
472782981
453946466
472759283
472786934
453998085
472818616
453997819
472786283
472817959
453945148
453964190
472755980
472764424
453964197
454000502
453968830
453968420
453969044
472763121
472815980
472821717
472823702
453940724
472787409
472788326
453938620
453938524
472787678
453962503
472787030
453997162
453997852
453998116
453961519
453968156
472786862
453997954
472756015
472821922
472759087
472764391
453962371
472788074
454000700
472823918
476720492
476720351
476672960
476666386
476666494
476673111
476671761
476713235
476714019
476671003
476713203
476671711
476713762
476719755
476666218
476719759
476666168
476672948
476713893
476666243
476719100
476672853
476714024
476670968
476672311
457331122
457331000
457331025
457332451
457272944
457265147
457265015
457272842
457265134
457272982
457271457
457323539
457324190
457270735
457324279
457331519
457324423
457272911
457264190
457324268
457264987
457324411
457330220
457272794
457323632
457265155
457330233
457324270
457330994
457272127
457278274
457278202
457284873
457284795
476661214
476653223
476660315
476661009
476653185
476653762
457276247
457276233
457276022
457277031
457276935
457276907
457277408
476654403
476652502
476660414
476653823
476654487
457276886
476654624
457278194
476660307
457276821
476653700
457283338
457325867
457325073
457283554
476659651
476658950
476659814
476712703
476664177
476664302
476664191
476664386
476664321
476659126
457266127
476664935
476711919
476711918
476711887
476659031
476659030
476659569
476664923
457325519
476711911
457282695
476659635
457282677
457325786
476658891
457282826
457284659
457325723
457330282
457278087
457283423
457283422
476719610
476652958
476718356
457272203
476672186
476672168
476672103
476672110
457266254
476654331
476713010
476713011
457276687
476659695
457272251
457284595
476718311
476665039
457284686
476653047
476652951
457332263
457278183
476659771
476712695
476720534
476720409
476653142
457272273
457265066
476664380
476653807
476670854
476713095
476713939
476670909
476671695
476672756
457331471
457324923
457330143
476659094
476659101
457272859
457282689
457283606
476718951
476666287
457283494
457332339
457282844
457277539
476719142
476719166
476661007
457266454
457273071
476665582
476666486
476671790
457276677
457323627
476653615
476654479
476671570
457282616
476719754
457277398
476664848
457273035
457331535
457324988
476665682
476679719
476679700
476679584
476679514
476684324
476679568
476679513
472769003
472769085
472769662
472775667
472769792
472770460
476677667
472770316
476677725
472770447
476677653
476678243
476684206
476678842
476678188
476678900
472769200
472775607
472775745
472770464
476678254
476679711
472775680
457296692
457290886
457296165
457296632
457296766
457296808
449479665
449470943
449471744
449479790
457288907
457287897
457288252
449474414
449474498
449474387
457295890
449471146
457290530
457290611
449471186
457290560
449479127
457290794
457291324
457287964
449473856
457290622
457288184
457291418
453958413
453951946
453951735
453958343
453951807
469999498
470000288
470000378
470001035
453949827
470001741
470000943
453949834
470000954
470007555
470007620
453957602
469999642
469999724
469999628
470001695
453957621
469999502
453949815
453957669
470000960
453950409
453950540
453951862
453949822
453951806
470008203
457289355
457289506
453952473
457289428
476676146
470002163
476676321
476676976
472767635
449472267
472768473
449472255
470002294
472767899
453952276
453952348
457289211
449472435
449472458
470002415
472767878
457289351
476676069
457289474
457289296
476676064
453952353
472767628
457289217
476676334
470002227
457290023
453951291
453951267
457290764
453957819
476676842
469999780
476678692
472775456
449470990
472768395
449478914
470001107
472770274
472770194
457288035
457288048
470001086
470007688
453953051
457288094
472768876
457290662
449471012
449479000
449470996
453952593
457289420
453952455
457296092
453951284
470003135
476676392
476676928
449479712
472769774
449470863
472768935
472770443
453949641
470000835
457289288
457295828
457290544
453952329
472776244
457290086
476677508
470002203
457296699
457291474
457289554
453951928
470007753
476684834
476679622
449478921
449471859
472767752
449471727
472776254
470001177
449473714
470001040
472770458
476677586
470000944
453957562
453952280
457289290
476678846
449474283
457287963
449471199
469999504
472769666
476683375
476715016
476683660
476715021
472775119
472817135
472775067
472817395
472775151
472774810
476667766
476666962
476666968
472781019
472781687
472780893
476667045
472774459
476714483
476714487
476667483
476682796
476683329
472817319
472817063
472817059
476682928
476682849
476667010
472817044
457326539
457326527
457294786
457326501
457327156
457295236
449530334
449477555
449478117
449530351
457267797
457267126
449494610
449494703
449494883
457267701
449494634
449494708
457294498
457326172
449477722
449530519
457267761
449478400
449478403
457294583
457295150
457327103
457326256
457326259
449494615
457295474
457326530
453999387
453956411
453957153
453999435
453956361
453998683
470006818
470006843
470058986
470006099
470059555
470059874
453939279
453939274
470011523
453939154
453939057
470011371
453956311
453998510
470012050
453939770
453940039
453998541
470059571
470007026
470058907
470006847
470059815
453956882
457279005
453963839
453963755
457278795
453963094
453963760
457279587
457278939
457278813
470024278
470023618
470023545
476655878
449483654
472757066
449482996
470023487
470023479
449483006
472757330
470023384
476655153
476655148
457279574
453963083
476654942
457279575
453963098
476655069
457279342
453956503
453998747
453963495
457279407
476655616
476682719
470024006
470059214
470059222
449483399
472816391
449530394
449477582
449530483
453939418
457267000
470011642
457266902
470011654
449477607
457279315
470023922
472757644
457279318
470059155
449530444
476682675
457279403
457279399
457295171
457326847
457295428
470006445
470006443
476682923
470023581
476682736
449482799
453940007
476667081
476667736
470011533
449477731
457278712
476682783
449530526
457294504
449478124
472774401
470011399
470023995
453957166
453957196
457295211
453963175
457278871
476655682
470006457
476655883
470059912
470006122
476682938
470007016
449477674
449483755
449482963
449531235
449495619
457278718
449495271
470059024
472757923
470006373
457278739
457295151
476719972
476718616
476715191
476718632
476683471
472774999
472821879
472769588
472817230
472775019
476667680
472787567
472781555
476672368
472781547
472787476
472770934
476678043
472770851
472776136
476683460
476713355
472782251
476718567
472781539
476713354
476713292
472821880
476683467
457331794
457291288
457295314
457295344
449471515
449471587
457267660
449502611
449497283
449497322
449502556
457272410
449532890
457271003
449532991
457295282
449501287
457331720
449497312
457271024
449495470
449531116
457326970
457264399
449501240
453957104
453951610
454005283
470008175
470000246
470008070
453939947
453945884
453937875
470012794
453945878
453944531
470001567
470017975
470060218
453997263
470008091
453958199
453957007
470000163
453937922
453937928
453997280
470000211
470065510
470060276
453958202
457279468
453963682
453964287
453963632
453963634
470025916
476652635
470024066
476655794
472763799
449490755
449484062
472755860
472758455
470024666
449485391
476660487
476655736
457279442
457279444
449484083
457276376
457277602
472758428
457282942
453968242
457325218
457325127
457282891
476712016
470029882
476659214
472762387
449472831
472762442
457265728
470014012
472779638
476664459
476659175
472768214
472779603
470029867
476711967
457325114
457325115
470002887
457282882
476664439
449531632
457284259
454005212
453951615
470002871
476683448
470066834
472774931
449531055
449484119
472774923
472787462
472787468
472787464
476653943
449485430
457288567
449501222
470024631
449495419
457295294
454005214
457331739
453964279
453969571
476676716
470066842
476715182
472762400
449479503
472776170
449489396
449531650
449538243
472821794
449495403
470012788
449497270
476653975
476678042
449532987
470031187
457264455
453951592
453964267
476683532
476684961
476683391
476718644
476714671
476683384
472823915
472817103
472822592
476667688
472787555
472780941
472782267
476667023
476667016
472782992
476713365
472818627
476678356
472770369
472774472
472786815
472769179
476678360
476684823
472782729
472782991
476670932
457296669
457294828
457332143
457296140
457295368
449478333
449478451
449477528
449495495
457264485
449498183
449494946
449494953
449497520
449501301
457323887
457270759
457288876
449502136
457272740
457294567
457330154
457295872
457267771
457271553
457294569
457330814
453956948
453999332
453998655
453951675
470006975
470000479
470000474
453946460
453937947
470011583
470019431
470011581
470019429
453945275
453945273
453950359
453997355
470001554
470019950
454005062
470065628
454005266
470065575
453938539
454005722
453963692
457284088
453964941
470024255
470031969
476652314
476653108
476660243
472757967
449491583
449482809
472764506
470024654
457276168
449485455
476655135
457276832
457276826
453962300
476652447
476654564
449483608
470024660
470026815
453964934
457283565
453968313
457289956
453968373
470030121
472762923
449490261
449489462
472762267
449472237
453940648
476664520
472779429
470014275
449472499
476676243
449496595
470002875
457282641
457325198
476712375
457325534
453963551
457331615
454004008
470030647
476718316
476712511
449473028
472821667
472757702
470014808
449497383
470018234
470001134
453944606
453944612
476670800
476712507
457331606
453958276
454005268
457296135
476660563
470059888
470067736
470026159
449491317
472822989
472756591
449530983
472774334
472775642
472780352
449497389
453938536
472781066
470018632
457288215
472770362
457266140
476655139
470061668
476718585
476679022
476679571
472776189
472822407
472769529
472816568
472782411
472787667
476667032
472787679
476671462
476678122
472818699
476713156
472771111
476667572
476667500
472786822
476678851
476671576
472770909
476683328
476713216
476679369
457295504
457330888
457294844
449539046
449537738
449478847
449502622
449497522
457264996
457266776
449495433
457287979
449501954
457324540
457323532
449533574
449477794
457288750
449503250
449533754
449498006
449473831
457295420
457291459
449537798
457330924
454004595
453956432
453958471
470008270
470067830
470006756
453939992
470019382
470018073
453950539
453997354
453949810
453944991
470006302
453945183
454005147
453998468
470061062
453949687
454005189
453938475
457279521
457284796
453963044
453965007
476661034
470024276
470026910
470026690
470026886
476660296
470023280
472764514
472755885
449484854
472759239
449485526
457276293
472758375
453969411
453962840
476660428
472764387
453969549
457277464
453963080
453953203
453969099
457289431
457325872
453999969
476676813
470030570
476712646
470061878
470030534
449473195
449489998
472815189
472815249
470014370
449495937
472779430
457265548
472779675
476664832
476711836
476676211
457324912
453940695
449489361
457330324
453951271
453956492
470002999
476718352
472816376
472775467
476665522
449496746
476672104
476654332
472770175
476670772
453962170
453997414
472817691
449533082
472775479
453997467
476713084
453970155
457325193
457294772
476720404
476679487
449531649
472823763
449496134
470011532
453940443
453950563
457276072
472817775
472818351
470018126
449479051
476664904
449527293
449524678
449524230
449524523
449527136
449693507
449688203
449688220
449693564
449688344
449690554
449521960
449521305
449690325
449521593
449690530
449526632
449687915
449523970
449521859
449526608
449690970
449527240
449527300
449524017
449687682
449688198
449521568
470055815
470055814
470055563
470053182
470055548
470055537
470305412
470305414
470298707
470298699
470305215
470298705
470298836
470305287
470302799
470302402
470049274
470302007
470302002
470048514
470302791
470302614
470298419
470052500
470298411
470055138
470302376
470053235
470052510
470301983
470053098
470048937
470305251
470305030
470302378
470048552
470298393
470053299
470304957
449407845
470115203
470115333
470107966
470107955
470114542
470114552
470115219
470114541
470109346
470109345
449401906
470109202
449401055
470109333
449401246
449401120
470114672
449407635
449402356
470114607
470109856
449402360
470114680
470114684
449401103
470108687
470107888
470109260
470114679
470108740
470107894
470109284
470109272
449405831
449405829
470050678
470050005
470050606
449405805
470050281
470049942
470112311
449520719
449520318
470111843
449520234
449520666
470111907
470111877
470299487
470300140
449686947
470299295
449686173
470299281
470112052
449520058
449686983
449520640
449405130
449519850
449405794
449405427
449520628
470299362
449520664
449408075
449408072
449402790
449402788
470055251
470050492
470112587
470108310
449523803
470108360
470114878
449526438
470304700
470299996
449692762
449686823
449692772
449686834
470300019
470109682
449401474
470048607
470048614
470048644
470048694
470112510
449520507
470298126
470052568
449521218
449692798
470109596
449408471
470055753
470052642
449405193
449402528
470115309
449526515
470107911
470304767
470299472
449693415
470304575
470304572
470299467
470302324
449401506
470049285
449690247
470301930
470109363
470112032
470302588
449401739
449693154
449686611
470049152
449693152
449693418
470048684
470053239
449690252
449405697
470050473
470052916
449403058
470052892
449527311
449520298
449524515
470300025
470305366
470305276
449693422
449693487
449692971
470109414
449690121
449401182
470301952
449690319
449521323
470299760
449690782
470108010
470305024
449692797
470299316
470304592
472811984
472809347
472811937
472809428
472978280
472973147
472972473
472978432
472806394
472806789
472975120
472975619
472972758
472808740
472972732
472977988
472975653
472978031
472811908
472809009
472808745
472809328
472972470
453993786
453993790
454326812
454317899
454325882
454325903
454325900
454326818
453985778
453985786
454323174
453985866
453985833
453985306
454324142
454326442
454326419
453990606
453993270
454326429
453991067
454318734
454324046
453991064
453993966
454323778
453985352
454318782
453991394
453985868
453990609
472592927
472592840
472598116
454136746
454136735
454128838
454128602
454128695
454136662
454136726
454130817
472589618
472589685
472590256
454136068
472597346
472592074
454128076
472590154
454131455
472590332
454127836
472589672
454136678
454136608
472590225
472591977
472589696
472597586
472597598
472595241
453988252
472594907
472595164
472595562
453988510
453988449
454134105
454134023
472804182
454320826
472969499
472969582
454320794
472969521
454321163
454321158
453987995
453987986
472803462
472594612
454134045
454320851
472969542
454134038
454320894
472803202
453988514
472803700
472803489
453988784
453990827
453990844
472595432
472595434
453990848
472811098
472808555
454136306
454326154
472972154
454326076
472972136
454323486
472974826
454323530
454131054
472595408
453993443
472808474
472808480
454131032
454133932
472977466
453988706
454128412
472595492
453993992
453991086
453991355
472594953
454133171
472803770
472811625
454326164
454320608
454325843
472978336
454130766
472805894
454133435
454136051
472592022
453990558
454326362
454136704
472975569
472975700
454320606
472594946
453994036
472594964
472804054
454128345
454133192
472811714
454133144
454136658
454321534
454326177
472970289
454320800
454323784
454323268
472806362
472805865
453985300
454326412
472811450
472808722
472808762
472597278
454136289
454320848
472590330
453993700
476950845
476950815
476701366
476702151
476954758
476702111
476701743
476702003
476707880
476705302
476701938
476957831
476957828
476707952
476951229
476701734
476957396
476705901
476958078
476707941
476951590
476705277
476708331
457317515
457317930
457645306
457644393
457645184
457649622
457650501
457650107
457312630
457311750
457319651
457312514
457644826
457644890
457644898
457653057
457320503
457320362
457644911
457317465
457320578
457645314
457652266
457652286
476578055
476577921
476571459
476577255
476570661
476571454
476570600
457359261
457360043
457360184
457360726
457360707
476569283
476569263
457360631
457360582
457360718
457361386
476570531
457367230
457368035
457367900
476571374
476569340
476571380
457367979
476577926
476571470
457359963
476577854
476575427
457313979
457313586
457313553
457365083
476699902
476700438
476700342
457364978
457365074
457645762
476949429
457364595
476949870
457646147
476950266
476949477
457646582
457365027
476575418
476575346
476575259
457313867
457319799
457319754
457313818
457365322
457367672
476700707
476707832
476705094
457652446
457646415
476950178
457644527
476950683
457644494
457644502
457361118
457649759
457361022
457649711
457361019
457311838
457361096
476577578
457644471
457317066
457649720
457652442
457365291
476575298
476701136
476707827
457359718
457320375
457320512
457317471
476577239
476571428
476700686
457359225
476705882
457645823
476950292
476958134
476951535
457645103
457652229
476569187
457311867
457649586
457650110
476569979
457644834
476705223
476574483
457652757
457650116
476577662
457320374
457359783
457645098
476575436
476570598
476571318
476705145
457653022
476949370
476950754
457644375
476951474
476950101
457311874
457311747
476569362
476569350
457311699
457650382
476569978
476700044
476705270
476705294
457653051
476575209
476700032
476950790
476949476
472693306
472693162
472687378
472693245
472693112
476768145
476761426
476767367
476767353
476761544
476767281
472685842
476762003
476762007
472685848
472686057
472686712
476760826
472687175
472687223
472692520
476762667
472693232
472687953
472693096
476762216
472687899
476761528
449307466
449307465
449312819
457463024
457455239
457455134
457454216
449305557
449305462
457457746
457457740
449312522
449307203
457457642
449305324
457457195
457457728
449312541
449304609
457462156
449307260
457462161
449313470
449308118
457462228
469925135
469918679
469918547
469924467
469924485
454033790
454040794
454040690
454041488
454032860
454041566
469917347
454034090
454035015
469916415
454034900
454034955
469917131
469924330
454040834
469917668
454034301
454035087
469925180
454034168
469924382
454041555
454034312
469917214
469925258
454040710
469919997
449306075
469919915
449306007
449306014
454036438
472685303
472684660
454035674
454035682
472684372
457455675
476759301
457456461
457455746
457455819
476759487
457456480
457455693
472684593
449305989
476759559
457455686
472684521
449306858
472684371
476759356
457455616
454035675
469924547
469924616
449312655
469917928
449307380
449312607
472685168
472685170
454033058
472692292
476760082
476767138
457454342
476767203
457462334
469916603
449304687
469916668
472692303
454033055
476760554
472687024
476760560
472687028
454036222
469918010
469925073
449307448
469918599
469918475
454035752
472693223
454033725
476759282
476760663
457457787
476761936
449305466
476761991
457462407
457462412
469924280
449307191
449312464
457462413
476767216
469925066
472693083
469924617
449308191
469917868
449313267
472685374
454033126
454033768
454035680
476760081
476760537
476761466
476767270
457457211
469916697
472685978
457457775
454034956
472684582
472686494
476762846
469925176
472685181
454033708
476703465
472689946
476703011
472690000
472690276
472689969
476765502
476765038
472804638
476765103
476952947
476952298
472970963
472971100
476952873
472971759
472970956
472971359
476702595
476702639
472971436
476702682
476952251
472690191
472805046
476702670
476952561
472690623
476703003
457315240
449310102
457314906
457315314
449310177
457460075
449518473
449519298
457646938
457646932
449685040
457647950
457647510
449309914
457314299
457459756
449518682
449309908
457647482
457459847
449518722
449310081
457460464
449685670
469922243
469922159
453986757
453986802
454039078
454039030
454038150
454038134
454320226
470296497
470296642
454319210
470296502
470296587
470297075
470297026
470047239
470047238
454038182
470297109
470296679
454319793
469921702
470296494
453986673
472591012
472591007
472590933
457362839
449400585
449400520
449399603
457362818
454130139
470106543
454129223
454129149
454129491
476571779
449399807
449399726
454129479
476571854
470106434
472590782
470107420
470106442
457361811
470106424
469921931
476572348
472591275
453986854
472591204
457314474
449309975
453986883
449400154
472689746
449400102
454038410
457459643
472804498
472804542
476764503
454129670
476951954
476951944
457362352
476572300
472970859
457314426
470106988
476764522
472689651
453987124
469921775
449310093
449399625
476703383
470047958
470047566
476765025
449518595
476764626
449518386
457647875
476952856
472971075
470296653
449685231
449518648
470047170
470297043
472689784
476952465
470047035
472805020
457314830
476572062
472591590
457315234
472590970
469921828
470047305
449400522
472689998
454129750
454130142
449519391
470106957
470297512
476952878
449684787
454319212
470296708
449518731
449518683
470106762
449685663
472689926
476705386
472687612
472811235
472805302
472808679
476761134
476765300
472971706
472972288
476957495
472971616
472975006
472805962
476954855
476957526
472686299
472692839
476765380
476762408
472692867
472971618
476708067
472972318
449313083
449313058
449310678
457319866
449313004
449310676
457462736
449519243
449519210
449523656
457652578
449692619
449685508
457647724
457457411
457649934
449305162
457311923
449521058
449689994
449521060
457652528
457311995
457315088
457319838
457649936
457649888
457315090
457647726
449313002
469918283
469918278
469922415
453990764
469924875
470055010
454033354
454033346
454325962
470297354
470297831
454318040
454323407
469916962
470048350
469916955
454323375
469916930
470048411
469918179
470048406
454323382
470047899
453987374
454318078
470297910
476577419
476577344
476570740
476570739
472591467
457362680
449402308
470114408
454129931
454129994
457360768
470109050
476569418
449400898
449400891
457362615
457362616
470109131
472597388
457359446
454130684
454128040
472592114
453988055
457313331
457313262
472594774
472684907
476700107
476700126
470049654
470111747
472803303
472803310
472803350
476949652
472969634
472969636
457645898
457313234
470049663
449519715
457313238
457456108
476759836
469919594
472684918
457456060
469924806
457319852
453990688
469918203
476705360
454133300
476759814
454127990
472803378
454320735
472969703
472977551
449687342
476952723
457360804
476762378
454135912
476762384
457359483
457313264
476570770
449306408
454038844
470111792
476767754
472811234
449523747
470111708
457644555
476954842
472686266
453985384
454320716
457649907
470109126
470048404
476701466
470052304
476703332
476708548
472687991
472687852
476708550
476765370
476761506
472809263
472808996
476952932
476958167
476958164
472978353
472977693
476762471
472686669
476762039
472975312
476707887
472972674
472804830
472689856
472971417
472693263
472806752
476702787
472687623
472805092
476952138
449307484
457319922
449527221
449518448
449523741
449524451
449524448
449519370
457463102
457647268
449687594
449693404
449690505
457649596
457457462
457454524
457316963
449307224
457319598
449685570
449312505
469922219
453986781
453991470
454041536
470053214
470297493
454318833
454318695
470298603
470297367
470297900
454319414
470302698
453985466
470048418
454323189
454318439
453990543
454318430
454032956
454323392
453993386
470053083
472592783
476577213
476577867
457362693
449400455
457359520
449402481
457359986
454129335
470106489
470114468
470108529
454136666
457360839
472589606
449401816
457362023
476569952
470114594
454128088
470107996
476577398
470107816
476577206
453988107
457313133
453988431
454035729
454036384
449405382
449405114
454134035
476760191
472803189
449520227
449520219
470300063
476950238
472969767
457646171
449686542
457646162
469919019
457455712
476759824
469919282
453988106
476572374
449312631
476575227
470052558
472685212
454036250
457365266
454129736
449520482
457454394
449520486
449523788
457462310
472970295
476578002
457320387
457362810
457365273
470047888
449402298
454032820
470108265
454127826
454318108
470297944
457360842
476954918
457311999
470049256
457652763
472971410
472692921
472692897
476708086
476706046
476705668
472690016
476703068
472692849
472811955
476761422
472805108
476952934
476958088
472972365
476952741
476958016
476762802
472975779
476702152
472975059
472805997
476955112
476957812
472978011
476707936
476951170
476702636
476957529
476706028
472972971
449313430
457315161
457320394
449307462
457314848
449312802
457462713
449527090
457454310
449524250
457647956
457653100
449688278
449690990
449305458
457311921
457312576
457312624
449521982
457650436
449312454
457314344
457647777
457459844
457311724
449307705
453993795
470053222
454041486
454320105
470297516
470297913
470304638
454325895
470048474
453985863
454326411
469924326
470049194
454034886
454034970
470305250
470047821
469921748
476578048
472591534
476570680
476571920
449407569
449399936
449403010
449407778
449403086
454136727
470107305
454127811
470108606
457360773
476570056
449400909
454130547
457360761
476577148
472590752
476569936
454135995
470107233
470108078
454135755
453988174
453988053
476574574
457313944
469919910
454035730
454035969
470049681
457364482
457364500
454035498
454133703
470112314
449520698
454133110
454133139
470111870
472969575
476949520
470299406
454321107
457455798
457455690
476949904
449520038
472684650
449309960
449312682
457313860
453993531
449312610
449402746
470050490
454136307
457462338
472804496
472970302
449692754
472972155
449401430
457311814
453985539
476701132
472685718
476950132
449405654
476707744
470108282
449307306
476572748
453994119
472689740
476702720
454033722
454033590
470112686
472805024
476767266
472971740
449692629
470297966
454323723
449690906
476701216
454032930
449525733
449536114
449536151
449525603
449525598
449536279
449536522
449723927
449723716
449723995
449692276
449500866
449500473
449711675
449500187
449711710
449500900
449500602
449500606
449711851
449711807
449500487
449525920
449723591
449525531
449535883
449711418
449500480
449691921
449525926
449525692
449500222
449535861
449692242
470054625
470054603
470064894
470054193
470064799
470304081
470346359
470303311
470346009
470017626
470333686
470016803
470334027
470016874
470333638
470017362
470053803
470064359
470345955
470334163
470064370
470304069
470054555
470346303
470334042
470054286
470017377
470304102
470017267
470054554
470064927
470333635
449438879
449438212
449438217
449438615
449406520
449438179
449438842
470114026
470155999
470113683
470113731
449390625
470119761
470119895
449391267
449391274
470120287
449437996
470155579
449406327
449406334
449406395
449407111
470113175
449390524
470119941
470113732
449406405
449438871
470119942
449406454
449390611
470029542
449426325
470028899
449489039
449488641
470144002
470143989
470310705
470309987
470310057
470309973
449676030
470310315
470143654
449675991
449488564
470310666
449488170
449426910
470029072
449489032
470028681
449675682
470028819
470029255
449426663
470064466
470064491
470064484
449406796
449406760
470144098
470155883
449488683
470144079
449525118
449676139
449691448
470303379
449691484
470016942
470120190
470333818
449711271
470016928
470333770
449488696
449488698
449426651
449438392
449488702
470120239
470029287
449711239
449525200
449406786
470029122
449426723
470064525
449406486
470065123
449407144
470144355
449536467
449676436
470310683
449691967
470345685
470346283
449500434
470120223
470334405
449711375
449712028
470119923
449676047
470155564
470144116
449525253
449500171
449406790
470029126
470064730
470028847
449406729
449488762
470113726
449536515
449723979
470310055
470310381
470303308
449391354
470017264
470119830
470334472
449391018
470028679
449438010
470310247
470120358
449691477
449691999
449525919
470064712
470346040
449500215
472810498
472821311
472821091
472821321
472810750
472977105
472976819
473008792
472976445
472977100
473008135
472784980
472996204
472996473
472976718
472996615
473008402
472820627
472785383
472996606
472810134
472785683
472976709
472785285
472820682
473008384
472785417
472810528
472820686
473008062
472785381
454003138
454003123
454324559
454378039
454377357
453943990
454366427
454365417
453943067
453943545
454325122
454325087
454377826
454325027
453943674
453943761
454325202
454365475
454377911
454378262
453992378
453943762
453943639
454325250
453943725
454378302
454003166
472628637
472627960
472628332
472628599
472628623
454187954
454134417
454135078
472568579
454152494
454151938
454151927
454152580
454152235
454187500
454152259
454152561
472596014
472627874
454151896
472628279
472596199
472628277
454135094
472595997
454187566
472627882
454187932
454151839
472628594
472616087
472616080
453967726
454176346
454175435
454175426
454175418
454342678
454342012
454341916
454175699
454175644
472948906
472761218
472761887
453967307
472615821
472616654
472948422
472760958
472761556
453967778
454175860
472948905
453967718
454175380
453992147
472616416
472628202
453992167
454002775
472761654
454176059
472809830
454342414
454377586
454377556
454377623
454377583
472568795
472568794
454365682
454152124
472568738
454152122
453943339
472596462
472596463
454365734
472568839
454135000
454342410
454365742
454176040
472628198
472596909
453967758
454002971
472616327
453992202
472761522
472810435
454176074
454134465
472948699
454325176
472977023
472977021
472977019
454377981
453943566
454152182
454365434
472784956
454134731
453991883
454377847
472976620
454135120
472596638
472810696
453967094
453992181
453992836
472628230
472627974
454003102
472627938
472761955
454176093
472949097
472976193
472976810
454377376
454342003
453943588
472785266
454152498
472996838
472568970
454325116
454342246
472615735
472596018
453967303
472615819
453992512
472821014
476707135
476717949
476717563
476707170
476956653
476956875
476987266
476986883
476986833
476670459
476986398
476717123
476717203
476956467
476986926
476956866
476999111
476998843
476717643
476670079
476956878
476999070
476669650
476706999
476669671
476707023
457329438
457329539
457329559
457329573
457329835
457651617
457704707
457703697
457650994
457704350
457650958
457650979
457691819
457692442
457692786
457270341
457692782
457270170
457704270
457270130
457328863
457651607
457692407
457269474
457651502
457329434
457270339
457318958
476576491
476618195
476576407
476576409
457419326
457365861
457366699
457419297
476558715
457371154
457371974
457371287
457371986
457365999
476559251
457418703
476559323
476618639
476558791
457371118
476576714
476617977
476618114
476558587
476607118
457281478
476658599
476657618
476658107
476657658
457407273
476658106
457656387
476939654
476938822
476939666
476657751
457281342
476606110
457281311
476657750
476658507
476658119
476657790
457282223
457656354
457407230
476939361
476658591
457407238
476938830
457281309
457282007
457282006
457328995
476658295
476716970
476717039
476998235
476955987
476955951
476669458
476669454
457691955
457269551
476986306
476939439
457281955
476955947
457318383
476669455
457328950
457703886
476576445
476606835
476618155
476658563
476707077
457407283
457365818
457651827
476938927
476956814
457656371
457656231
476559186
457692753
476986334
476986782
476669591
476606150
476706547
457418751
457318266
476559547
457651437
476956818
476986917
476938794
476618190
476606686
476606635
457419153
476717506
476707034
476706998
457651570
476955957
457703925
476998346
476998886
457704351
457651029
457656187
457269561
457269958
476670382
457692831
476558586
457651515
476670158
476706602
457704267
457657147
476618898
472691961
472691296
476808195
476808771
476766045
476808199
472675487
472676152
476772563
476772700
476773420
472675479
472675894
476773091
472722886
472722795
476773168
476773159
472722928
476772735
476772610
476809006
476808196
449312123
449343838
449312083
449343562
457461837
457461835
457514630
457461475
457461554
449283700
457478903
457478234
457478001
457478002
449284135
457461172
449311135
449342843
449311154
449311228
449284396
457478963
449311394
457478294
457461758
457461820
449343742
457514272
457513941
457461081
469923683
469965399
469966115
469966114
469965847
469965850
469923687
454039454
454092922
469905921
454044746
469905903
454044874
454039515
454045411
469922938
454092406
454039514
454045401
454092183
469906754
454045413
454044751
469965310
454045591
449296307
449296306
469929767
469929819
449296233
469929688
449295525
449295651
472663618
454056538
454056614
472663341
472663336
476748873
476748663
457466450
469929539
476748916
469929532
469930461
454056551
472663263
454056806
469929622
454056627
454056555
469923220
469923295
449342962
454039696
472691075
472690996
454039658
472691032
457461046
457466818
476808062
476808051
476749310
476749370
469906130
472675150
472663931
449311267
472675191
476749342
457460956
454092531
454039635
469923616
469930515
469965335
469965333
469923091
472663583
472691903
472691630
472723579
472663574
457466155
457460823
469906725
476773335
469905795
476772544
454045339
476773071
472691104
469906723
454039719
449311346
469930543
469929823
449343495
469923148
472663603
472691902
454092537
472663279
472691318
476749402
457466817
457513695
476748655
476808722
476808794
476772429
457478254
469906696
469923028
476766170
454056679
476808322
476808326
454040044
476681884
476796754
472773033
476962725
472960473
472961259
472960811
472773174
476681567
476681559
476681879
472960434
476796522
472711317
472773388
476796316
472773040
457294186
457293750
457293466
457294127
457294125
457293726
457502759
457502314
457502306
457501734
449664587
457669065
457668346
457669000
449664494
449664496
457669072
449476451
457668586
457502020
457502003
449330932
457293203
457501998
457669022
457502678
457668369
449476497
449663890
457294142
457501828
457668078
453955474
469954305
469953435
453955835
453955834
470005787
470005782
470004770
470005790
454329778
454329783
469953311
454080470
470004914
470286117
453955422
469953429
470004986
453955419
470286942
454329918
453955030
469954262
472580446
472580242
476582680
472581039
457383035
457383290
457383287
457383016
454140719
470095947
454139702
454139691
454140059
449378590
472580115
454139723
457383867
476582594
454140639
470096806
449379394
472580378
454140616
457383219
449331083
457293328
449331162
449331090
470005084
472710874
454080611
449378982
472710826
472772826
457501866
470286291
457668195
449663726
470096404
472960298
476582867
469953563
457383472
470005054
470286210
453955202
469953562
472710771
472580411
457293711
457294110
449331875
469954239
453955053
457383551
476681414
454081245
457383904
472711698
476796263
470095905
472773735
470286087
449664508
457668069
472960384
470004935
449378632
453954914
472960780
454330722
469953446
457383243
476582478
469953508
457293723
457383954
472711042
472711394
454080904
476681361
470096070
457502703
449663859
454330726
457668285
476962718
454329934
476681510
469953304
470286249
470286112
472773158
457668663
472711310
472691551
472723282
476717339
476682019
476682018
476766390
476796931
472960943
472976290
476998456
476956215
476669770
472784874
476772987
476986528
472996079
476669779
476766366
472691514
472996084
476808603
476682039
476706694
476808592
476669731
449343436
449311691
449331690
457329127
449476895
457502398
449535598
457502394
457651186
449664328
457668719
449723030
449691314
457269726
457692178
457269676
457692130
449664280
449691347
457318514
457692138
457651182
449311754
454002639
469923478
470053679
454092706
470005435
470053666
470053674
470303099
454377442
470345427
470345391
453943199
469906347
454045230
454365638
470333519
470286690
453943159
470286606
470016703
470333551
472596127
476576015
476618335
449379142
449437955
457418899
449437951
454140410
454187350
476558932
454151799
449390342
472568438
476558895
454134566
457371319
476582998
472596074
457383591
470155348
476606459
472615887
472663810
449425970
454057091
476657838
472663780
457407054
470143466
454175471
449488031
449675548
454341794
457656455
476749206
476749203
472948550
476939022
472761112
449488012
470309790
476606402
476657835
457281623
469930119
469953979
449331604
454002575
449379167
454057122
472723178
454092722
472663838
449476803
454175531
454175523
457514150
454187395
449675510
470309751
473007904
476956155
476558891
470016676
476772942
449711111
457281614
457703970
453955600
472596118
457383654
476682050
472691546
449535550
457514199
470155314
476956250
457668735
476938999
470286592
449283963
476772986
476986526
457466647
476575998
469930063
449406186
472711096
472722966
476796921
476796367
472820874
476809027
476963481
476962683
476999087
472675449
476773026
472996833
472785628
472691154
472810051
472820610
472960845
476956578
476962686
476987203
472711359
457319205
449331523
457318804
449311744
457461427
449476195
449525898
457651847
457651579
457669043
449663630
457651238
449691952
449284384
457478589
449500154
449284382
449499976
449691827
449342863
449476454
457668798
457704042
449343122
453955643
454002627
453955089
454039991
470065098
470064830
470064834
454092787
470345462
470345469
454377967
454329969
469906389
454366355
454365959
453943023
470345867
470286518
470303619
454040343
454325166
454003346
454080879
476576683
472580289
457418927
449438510
457419254
449438517
454134635
470155334
454139887
454134422
470113149
472568488
454152513
476558596
449390463
449390415
454140023
470120279
457418735
454140015
470155519
470096836
476576678
476582522
454187224
476606445
449295471
469930144
472615950
470028621
470029062
454057144
472761471
470144303
476748698
449675543
470309781
472663439
449295342
472761206
476657919
449488540
453967706
457466272
472580680
457293363
453992128
476618524
469965483
470029195
449406702
470053883
476808107
476962559
457656855
472568759
472675178
454365687
476986278
449283595
469930238
470029191
457691971
472580838
476576289
476618658
472710837
454092489
449426503
472761871
476808230
454134426
457656861
470309779
457703853
469906744
453943948
472675742
476669481
449390598
470016784
454330360
476963078
449311179
449330991
454002424
476682355
476707168
476717692
472711087
476766570
472810755
476796787
472773355
472960615
472960603
472976241
473008005
472960450
476956828
472996899
472996179
472675318
472675290
472784853
476773134
476796502
472996611
473008359
476766162
476682271
472810455
476808609
476796727
457293933
457329105
449331487
449312082
457460874
457461474
457703961
457478026
457691842
449283438
449664151
449691826
449525242
457513902
449723546
457513962
449536082
449476159
453992049
454002645
454002987
454002597
469965366
454080391
470054594
470064262
454329859
470345470
470345349
453943635
453943623
454044654
470017262
469906530
454366131
470064314
454080969
454002495
470285983
476576476
472628367
472627809
457383031
449437942
449438594
457366432
454140357
470095918
470095867
472568361
476558734
449391350
454151835
454152291
457383067
472627611
449438042
457371381
457371112
454152555
449406189
449438522
469930510
476658592
454057161
457407664
476748838
454175427
454175469
476748750
457657180
449676458
470310622
457656400
454341999
476748970
472761219
449426114
453966855
454056810
476657584
453992211
449331091
472628163
449426726
454080607
476749366
454176010
457513746
449488682
454377579
457371628
454365694
470333738
457269604
476669512
472616391
472616475
454003095
449406782
470029118
476706496
476706940
470096827
470143437
449525642
476956816
470310674
473008695
470345486
457704364
472568823
449711366
476606152
449537479
449524386
449693336
449723843
449727226
449688088
449692112
449728583
449728591
449716715
449497883
449497811
449497810
449497808
449725978
449725900
449533486
449715378
449711947
449525788
449503111
449525836
449715380
449723818
449714062
449692110
470055691
470067442
470053055
470066082
470066094
470055643
470053030
470303963
470305139
470305147
470352159
470352164
470298490
470017518
470337598
470019836
470017515
470338931
470338923
470302507
470305124
470334307
470352116
470298527
470019871
470055687
470349524
470350806
470017459
449443420
449442148
449402936
470108458
470160743
470160735
449391154
470120475
449389379
449401615
470156806
449401583
470125047
470109724
449436823
449394631
449436872
449438663
449443407
470162011
470115088
449436896
470162080
449438667
470108422
449389291
470120431
449428974
470031724
449488856
470147511
470147480
470150158
449676316
470316442
449676339
470144927
449424971
470313832
449678428
470316476
470144895
449431535
470150132
449674446
470144190
449485971
470311218
449405562
449430220
449440811
449440818
449440807
449489959
449532111
449679778
449679743
449679736
449686731
470346803
449721927
470346814
449393339
470123722
470334916
470014552
449393283
449679724
470030395
470159368
449721967
470112412
470148880
470346882
449686698
470029391
449407014
449407015
449428943
449402920
470029384
449491243
449536343
470160715
470144226
470112423
470305103
470315180
449727211
449693284
449395928
470337567
470302459
470025162
449485959
470109764
470112424
470315178
449533436
449714011
449405576
449431582
449438742
470065036
470053000
449402946
470067400
470150203
449532152
470299870
449686772
449692143
449728611
470346812
470350816
449393264
449500755
470126418
470334274
449711931
470313799
449725899
470109726
449496524
470054416
470147491
472821174
472821178
472976986
473008640
473008636
473012027
473013380
472785586
473001536
473001534
472786643
472806535
472818244
472806522
472975463
472806534
472975462
472786616
472818294
472823528
473012051
472821151
472975532
472821220
454004314
454004339
453992706
454326539
454325348
454378186
454385219
454385287
454366282
454373426
454370766
454373430
453938264
454323934
454372075
454382578
453985967
453997711
454325334
454385264
454370759
454323902
453992702
454383894
454004318
453943807
472628428
472631863
472597972
454135282
454135267
454128571
454193890
472569032
454154314
454154234
454152395
454131142
454158178
472625303
454131112
472572515
454189924
454136414
454135300
472590056
472628498
454135204
472573759
472621354
472618660
453964739
472618708
472616598
454183330
454176194
454180666
454349642
454349672
472946020
454344299
472758874
454346934
472613404
472758826
472951355
472764126
453969938
453969944
454178048
454183274
472946048
472616526
472761820
472949190
453967658
472616546
454180708
472946070
472595334
453988576
453988606
453968668
472762835
454182035
454192538
454192550
472762786
472952627
472970246
454368102
453940946
454133779
454133778
472780007
453968618
454000302
472630519
453940999
472803892
472620014
472803880
453993856
472633211
472628452
454004291
454135255
472811755
472811756
472756244
454136438
472976891
472978070
472946060
454152414
454159547
473001436
472758883
472806475
472613414
472625284
454178034
454182004
454000370
473010680
454370719
472597974
454005610
454004356
472592706
454135302
472764175
454183318
472809170
454321256
472953991
454348352
472978166
472571144
472779944
454154266
472951375
472951327
454346935
454372042
472818226
453997720
453940964
473001494
454378132
454193838
476708459
476717840
476717814
476705818
476720204
476717830
476957974
476956783
477004940
477003555
476957890
476672699
476993063
476672631
476672691
476991727
476991763
476991678
476671359
476720159
476717778
477003599
476701866
476672679
476672695
476708451
477004962
476718867
477003618
457320298
457320311
457332035
457329671
457317644
457652947
457652950
457711715
457710299
457711615
457272658
457692707
457697190
457264736
457697096
457698506
457324163
457650238
457312314
457698488
457709042
457711658
457697155
457711663
457272646
457704582
457320278
476577812
476623448
457359931
457425230
457419428
457379051
476557383
457371854
476616782
457419959
457361246
457377747
457377711
476564055
457377731
476616860
457359842
457419967
476559463
457377752
457359927
476623442
476563988
457284534
476612843
457277874
457414714
457412026
457412050
476658434
476945559
457664099
457656968
476939530
457661450
457408106
457408107
476942830
457276614
457282088
476612831
457276640
457284506
457664166
457414630
457325443
476611554
476622130
457365163
476700574
457646375
476949971
457266075
476664707
457693131
457693187
476664710
476985078
457266042
457693191
457705059
457693135
457325386
457423899
457283214
457329620
476624759
476623431
476623435
457283211
457320246
476700548
476708395
476652887
457407546
476945531
457662842
477004862
477004868
457710311
476956683
476672618
476557431
457271279
476569842
457661510
476991663
457324071
476577758
457312328
457331990
457282159
476577786
457313732
457329699
476571166
457325444
476707274
476708450
476652919
457423916
476949956
476999018
476937559
457371918
457376384
457264755
457697163
476604907
477002230
457661467
457419378
457329603
457359846
476990402
472691827
472723475
472687774
476766680
476814863
476767810
476814859
472676024
472680748
472674095
472679419
472686379
476809603
476777895
476808875
472728208
472728212
476761220
472723462
472687731
476762528
472692975
449313190
449347115
449311996
457462858
457514480
457514474
457454879
457454948
457461602
449284228
457478842
457485890
449281067
449288960
449287739
457484575
457516276
449340434
449287730
449284271
457516322
449348363
449311924
449284231
457516352
457480678
449305220
457457516
469971920
469970599
469918383
454100194
454093058
454098838
454040168
454098776
469912582
454045523
454052570
469904678
454045539
469964087
454034755
469916991
454034827
469912568
469917071
469917062
454041362
454040223
469917092
469904650
454046071
449300936
469936275
469931079
449296103
449296100
469936276
472668820
454057330
472660898
454064476
454064524
476749547
476747471
457474023
454057862
472662196
457468743
457468731
469928416
472664062
457468832
449296178
469930990
449296094
469934955
449306531
469966687
449299527
469966651
454036174
472685090
472720282
454094872
457472795
457472759
457456190
454047299
476771320
449282416
469907283
449341759
472667486
476754094
472667535
454094830
469966682
469935020
469918343
469970607
449347052
472668859
454064510
454064516
472720352
472726883
457461619
476759948
457466942
476813467
469907303
472680680
454045996
469906586
454052595
449287651
476762512
449305211
457484583
454093523
454040187
469919702
476767792
472723443
469923754
469966640
449294302
469966688
469934972
472664143
454057327
454094840
476814790
476761250
457456196
454052602
472675946
469904596
469917088
469928359
457457511
454040176
454057927
457485951
472728206
476684603
472711614
472713752
476684596
472713728
472773704
476797066
476797038
476963955
476964015
472959224
476678003
472709739
472963167
476677930
472963235
476802928
472959251
472961091
476966656
472770752
476969322
472959250
472713694
472963172
457294042
457296438
449336548
449331776
449471435
457507114
457507091
449479394
457668944
457675994
457676068
449666476
449328602
449666482
449669166
457668899
457293971
457293966
449336474
449474120
457675974
457502596
449336498
457291106
449333906
470008040
470000099
470286800
454330667
470284839
454337691
470001354
454335098
454081618
470290034
453950139
470286771
453951467
453951462
469952178
470008011
454335056
469952182
453951470
454331166
476589166
472580895
449384074
449376146
470102660
454141023
470094743
470102678
449377395
472577811
470097310
470096672
454147643
457390868
476583784
449377496
457390923
472579046
457384280
453952882
472583027
469954768
457289763
457388260
470099962
472768158
472768062
457503063
449472698
449472699
449662540
470287403
472957886
470287406
470002674
476586422
449662614
449381379
454332426
449336488
457291079
476676650
472708472
470000048
470100023
476802903
457502538
470286748
457675982
472965795
470097354
472963156
457673342
469952127
472709714
457504391
476797626
472580930
472963160
470094712
472959198
472583074
457289756
453951508
472716410
470000068
470102638
472776050
457502619
476802974
470287484
472957880
457668843
470097318
454142358
457288515
476797634
457673355
454335124
476796986
457291059
472690379
472725652
476703174
476801647
472774707
472971575
472971490
476967919
476999680
476667366
476667436
472781278
472781291
476967951
472690324
472964530
472971570
476776555
476987803
472715019
472725651
476812204
449335219
457326798
449345776
449335218
457508426
449519083
449519078
457518991
449685376
449286364
449708814
449685402
449495198
449708783
449335163
449335159
449720651
449335158
457647618
449685406
449310478
457326794
453987247
469969367
453999047
454038767
454038806
454319890
454336474
454336370
470291351
470344147
454050035
454049946
469909874
454049979
453939643
454336423
470059434
469969263
469909963
470006679
454049998
454086951
470344198
470344146
453956750
476572528
472591323
476619519
472626574
472591335
472626622
457362575
449400259
449435479
449387987
470118526
454152890
454152916
457373752
470118491
449435488
457421222
476572431
470107102
472626650
470118451
469933674
472614778
457279191
472666252
472666254
457409362
476655458
449483355
454176666
476940280
449673087
457658830
476940194
476752770
453963342
454176674
457409344
449298195
476752744
449310487
449335167
457409395
449423654
470059446
449519043
457508351
454176714
454319896
476952592
449720606
449286335
453939602
472757560
469909891
472584362
470023839
476776507
453963406
457295038
457295043
454129806
449483275
472947343
454336402
457706427
470344204
470291344
449387982
470011900
454038724
476607547
457508355
470154090
457706379
472693002
476714939
476720164
472687727
476705780
476766654
476812215
476800327
472809126
476952664
476967979
472959260
472961103
472675976
476666046
472675971
473001450
472770762
472963216
476671327
472975443
476991695
476987071
472816972
476720163
457294027
457319075
449345792
457326772
457320258
457514450
457652903
457644974
449495216
449708795
457698434
449725874
457288480
457457558
457670754
469960087
453993848
454003215
470008007
454088279
470064966
454038782
454326487
454336448
454336447
454385222
454385228
453939659
453939651
454366811
470338862
454051304
454093011
469966010
454383906
476624727
472628416
472633171
449384060
457421291
449382746
470096708
454136411
454188014
454188019
470160668
472567235
472567228
457373768
457379003
470120403
457361175
449436796
449377454
470113804
470120407
454158188
472631846
449300884
469930376
476607616
457277888
470029322
457407506
472757574
470150111
454176723
472953927
457664116
470308575
470311142
454349584
472758839
470025107
470316426
449423667
469934999
476586486
469954807
453988563
476622090
449430194
476712251
454094862
472720322
472708458
457388272
470100011
476806914
454133762
457646299
470287451
457646294
457662795
454156871
454368066
457266007
472667523
457289798
454063179
449440755
453963415
449311971
457325408
472664095
470005624
454040212
457462839
476759924
454183267
472816970
454332476
457706403
457670751
476559390
476562692
454052620
470340184
457271283
449501739
472713775
472726902
472716367
476801600
472811811
476813562
476761266
472972887
476951344
476957884
472782598
472787883
476797651
476809558
477002254
477002284
476991712
476682139
476720152
457330732
449519132
449524358
457676038
449693342
449727218
457711672
449289054
449289030
449495218
449503154
457478766
457457610
449305246
449715322
457478826
457296343
449307834
469924974
470005615
470000086
454098870
454098846
470352158
454383891
470297168
469909942
469909916
454366203
454045986
453944919
454335151
470018546
454081678
454372030
470011964
470064974
454005579
476572460
476583850
457389536
457359928
470101364
454135299
470156054
454193883
476559460
476559376
470120474
470120426
476569792
470156710
449379259
457426504
454193835
457282132
469936278
453970011
472621323
472668850
449431522
454059174
470026442
472757600
476940212
457664164
454343050
454344363
472662222
470025194
449424938
449424962
449296086
457284460
454176680
470150126
453952846
472595319
457325428
454094910
457423900
449472799
457503151
454348347
470299802
449282454
470334926
476659432
469919634
470112374
457503079
449329951
449333851
449400284
457425220
472774664
449526962
470162030
476939584
472976883
457670707
472569051
449395922
449474035
476991664
449524247
449525576
449537468
449728607
449727887
449727616
449723971
449503379
449716720
449711428
449711433
449502848
449716929
449690958
449521341
449533602
449501531
449715402
449690828
449502055
449711828
449727491
449521866
449525848
449716723
449723577
449539012
449687925
470054351
470067428
470052883
470067525
470066204
470352735
470345541
470298799
470304608
470298663
470304609
470303823
470334335
470340993
470340863
470013534
470334450
470020263
470302521
470018159
470018155
470301969
470048526
470305007
470017386
470049186
470065676
470352475
470019907
470340991
470352150
470048924
449408351
449438192
449442760
449442163
449406508
470156133
470162659
470127021
449389960
470121153
449389175
449389359
470121743
449401091
449401875
470156795
449436691
470125700
449402407
449443293
449444079
449442159
470155984
470029535
470029134
470026504
449431808
470143580
470150192
470148267
470147550
449489007
449681084
449674485
449681547
470024757
470144975
470313927
449678253
470144970
449678912
470150248
449678907
470031352
449488353
470025417
470314461
470313932
449405445
470030164
449405440
449532191
470159757
470149194
449679765
470346927
470347588
470335319
449393130
470014623
470335451
470049846
470124244
449489643
449489649
449393527
470030823
470148933
470335051
449489512
470030696
470053948
470055256
449402803
470144111
470155859
449523843
449491359
470299987
470345667
449674819
449686864
470014854
449393790
470126759
449713887
470125435
449533075
470302100
449425340
449532412
470347458
470298138
470030697
470029135
449430884
449432203
470054212
449527275
449524395
470111888
470113218
470346328
449496548
449710724
449500227
449678443
449521335
449437218
470020000
470028739
470121606
449714415
472823817
472822631
472823682
472821069
473014004
472973120
472977088
472782666
472786725
472806136
473000803
473011096
473000802
472976695
473008376
472823284
472818535
472788040
472788045
472811944
473008650
453992731
454005668
454003151
453991389
453992586
454325227
454386134
454384559
454324562
454325870
454324569
454366292
454371225
454373864
454366017
454372094
453985317
453945038
454325099
454326403
454324026
454366148
454385742
454005103
454323920
453946267
454385298
454005890
453938445
454371487
454385874
472597579
472633576
472632393
454128801
454193903
454193899
454136714
454127876
472574447
472573844
454151915
472568284
472574438
454158830
454152311
472566260
472632919
454131200
472574181
454190120
472592714
472596266
454159759
472756496
472761926
472954007
454342653
472946687
472945756
454345088
454342648
454345220
472951960
453962469
454347458
472613123
454178241
453961809
472613912
472621034
453964180
472763882
454345218
454183780
454000751
472630809
472594943
453988480
453968409
472762962
472803919
454182023
454193027
454134074
454380863
472969814
454348336
453940989
454368316
472779724
472571402
472952891
472594679
473005684
454380460
472993938
454349178
472620638
472993279
473005689
453988744
472628214
454004047
453968932
454133947
472764287
454182728
472815894
472756363
472808516
472764278
454326136
454342387
454349042
473007842
472972199
472574048
453938042
472759007
454158702
472613779
454178635
472596530
453970387
453992584
454003288
472633710
454136325
454183339
472811834
472823942
454321520
472954603
454342651
472977086
473005953
473008646
472972982
453946624
454160025
472785290
454374124
454323916
453962467
454347859
454383100
472589658
454321124
472951831
472574178
454002484
476720586
476708478
476950809
476998871
477005411
476956887
476672939
476987253
476672277
476986458
476671391
476701323
476992471
476713199
476713983
476670954
476701983
477002903
476990883
476990886
477002899
477003956
476958066
476992341
476999010
476670956
457320559
457331109
457320558
457650968
457712275
457704571
457697183
457264187
457697178
457264974
457272104
457272662
457271347
457709061
457323578
457323583
457651496
457312508
457328891
457712138
457644878
457324375
457311716
457324377
457329686
476577800
476576611
476618972
476575943
476577903
457419455
457426581
457427282
457425830
457367155
457427157
476565387
457379060
457379108
476564073
476616866
457360559
457419979
476569988
457378448
476624583
457373039
457365974
476564661
476563868
457284546
457281894
476613501
457278179
476610855
476610992
457284771
457415543
457415540
457412498
476937422
457656375
457664223
476653794
457408094
457408149
476654222
476606162
457408806
476946138
457408809
457283589
457313961
457325031
457313567
476611911
476699875
457646603
457645809
476997033
476944022
476949351
476562747
476665146
476985474
476985150
457693665
476944555
457663307
457663302
476949879
476944950
476612306
476711877
457705938
457424379
476574602
476575268
457284647
457318460
476618571
476659734
476707795
457419170
476653004
457664755
457705811
457711742
457658156
476985740
476665011
476943367
476564394
457276727
457408671
457414083
457278038
476613369
457332063
476610595
457413380
476707797
476717049
457425834
476657647
476938939
476950280
476665148
457694060
457372506
476558058
476654227
476564070
476701197
476713622
457323579
457709631
457266164
476569986
476955422
476671610
457331499
472691973
472693147
472727565
476766547
476813547
476814009
476766687
472676012
476773295
472674765
472674635
476774535
476762599
476762596
476809588
472679248
476777967
476814928
472687211
476774408
472692484
472679444
472687995
476762048
472691307
449343153
449308156
449343548
449343544
449313196
457521623
457514606
457520301
457521619
449280794
449288723
457485237
457461155
457521800
457520479
457462461
457513953
457516340
457516916
449347586
469925239
469966167
469971387
454093053
454100750
454100756
469906775
469905981
469912382
454045527
454034283
469917323
469916397
469911071
454093627
454045388
469923007
454032971
469917710
454035080
454041543
469924994
454033515
469904467
449301392
449294327
449294127
469937068
454065242
454059436
472661435
472668561
476756195
457467086
457467549
457466163
476750913
476749989
454057984
449300600
454056735
469930871
472662746
476750774
449300595
457469660
476747548
476749988
469919296
469967427
469966775
469966711
449306044
469919295
472685114
454095081
454095475
457473623
457515591
476759409
472672845
476771111
476771368
472684571
457479952
469919031
449299598
472720959
476753944
449296031
449296024
469936811
469936808
449294656
449301255
454065116
472661299
454059832
457466822
457515722
457515727
457478183
454046243
469904726
449280932
472673307
449287528
469907899
476772487
469917974
449295631
469966168
454033101
476759960
476809046
472673313
472674758
457478307
476750251
457469659
472722014
449287395
454034944
449299280
457481271
472716875
476684584
476800671
472775634
476800941
476964028
472960455
472965687
476969896
476967393
476967390
472710407
472710399
472963239
472775768
472710980
476678872
472775763
472710273
472959282
476964090
476962830
472714227
457293776
449331933
449331534
457293515
449334524
457296129
449477015
457507103
449478822
449661880
457670774
457676240
449661884
449666560
457287947
449328846
457668656
457290578
449667033
457501804
457291502
457291370
457676238
453958374
469953896
453958143
470008259
470000106
454088744
454086369
470286813
454331222
470285420
454331889
454335587
469951991
469951989
469952906
454335186
454335135
454082403
470004974
470001788
469952516
472586188
476584460
476582673
449384552
449376158
457391123
449378524
449375840
470096852
454140575
454148541
470094747
470095922
454143254
454140032
454143122
476581815
472578796
470103388
454141936
457385835
472579586
472583286
457289829
469955547
469955154
470002751
454083023
454083462
470002742
457388740
476795795
457503183
472957641
476962113
472958164
476586302
457669899
472708287
457669638
457388475
472583548
469953635
449330427
453951251
457290711
476681408
476681406
454088483
469999802
457389004
449473019
454145762
457507151
472768904
476962563
449661095
470286266
472962914
469952255
470097716
472768372
476681403
457501936
470095072
469953496
453951544
476583870
472582892
449336763
454089004
472713758
449378526
454140297
457510179
470293336
476962112
476969306
476969366
449474103
470290173
457384785
472577610
472960850
457669904
469953364
472715085
472715284
472715418
476765475
472964903
472971563
476968449
476968708
472678127
472781703
472994727
472677928
472781704
476988247
472714895
472804815
476714519
476952678
476666995
457314623
457315276
457326491
457294806
449310141
457460479
457518974
449530963
449519118
457675574
449720678
457267386
449494665
449286081
457647527
449685278
457706863
457294540
457267087
457675314
449335574
457646994
453956826
469969671
453999167
453956395
454038798
470059602
454098119
454097983
454336454
470344023
454378695
470291231
454378747
470332353
454366862
453939230
453956262
470332807
453986639
470344551
470012079
454087026
470011987
454098375
472627247
476619963
457362139
449382763
457390461
457421476
449399632
454188623
470153951
470106603
470106602
476560108
454153022
470118506
454153155
470118573
476560166
472584074
449399767
454188796
457421343
472567243
470118571
476607695
476607693
472666242
457409858
457409860
472666238
472757591
472757151
457471458
470142062
472947215
472947399
449672836
457659081
472947081
476655114
457471636
454176784
469921936
453956526
453956527
453986903
449335047
476702519
449435767
449382962
476753287
454146818
472804550
457508471
472947736
470309042
473006474
470309044
473006479
472994603
470332410
449286206
454319538
449483440
457409991
472725315
469922356
457294677
476607631
469959112
449424021
454087552
457389798
472757587
476753155
470107005
449518569
457519551
472948003
470292148
470309049
472567842
449495223
472781342
472995518
469910404
454153554
449518695
476812286
472728486
472727168
472769562
472820539
476952788
472971671
477000255
476964487
476998471
477003692
476774279
472674363
476665808
472784896
476954903
476798166
473010571
473013210
472769560
449311739
449343415
457293904
449519222
449538227
449471562
457507674
457707122
457711880
449661616
449289251
457481140
449502580
449328974
457516787
457651230
457514212
469965774
470054996
454099304
454041278
454320067
470344823
454377494
453943223
453943218
470016722
470340068
470337431
470337426
470016723
470019339
470001527
454051783
454094022
453950319
453997316
454002614
470012743
472584871
472627819
476589604
457418908
449402276
449384414
454134623
454135927
454187415
454195268
454141670
476565448
470119100
470119691
470126231
454130651
476569459
457377923
454158302
472625131
476577374
476583062
457281628
457281630
457277646
472763759
449490704
476749250
457659604
457656507
476942970
449293211
472662482
449485419
457466692
453963650
454062603
457467940
457412235
476574739
472630415
454083592
449440523
457424118
470002838
470148667
476795522
470159223
476795526
472958296
470299195
449679439
476997087
457265764
476771631
457479819
476664483
454320726
472958298
457281631
472615231
449379186
470029904
472692878
470047864
457424120
457412239
454177447
449536899
476997092
470285284
472673048
476777174
457486419
476990486
476564130
449305119
476682211
476684685
472713967
472727430
472820931
476812688
476950804
476672409
476667128
476773017
472996887
476990493
472675338
476993392
472680042
476778630
476671612
473008371
449331669
449331271
457326884
449311470
449538878
457668127
457671357
449727878
457272664
449713761
457269484
457287943
457698681
449715602
457462458
449502050
449312514
449661487
449346798
469971990
453999164
454033758
470297349
454378287
470352866
470298794
470298662
453939668
470332941
454374255
454366868
453944517
470018582
454034154
469921676
453993231
470338082
476576073
476583871
472631919
472592823
476587892
457362560
449379331
449402534
449406506
454135287
454194735
470107922
454146428
457374489
470118308
472566519
476569192
454142467
476577112
457383139
454187547
476624584
457279628
476607088
476607692
453964743
472663857
449432066
454062080
457412764
457466166
449484230
457468206
476939608
476940272
472947212
454349709
470311029
454345083
457662376
469929150
470313866
454347459
457664620
449425466
472660770
472946283
449306598
457289395
449329771
469967037
476574604
470002747
476795791
476807406
470149190
470287929
457670037
470315906
470315246
449282649
453941343
470014065
454368135
449282118
454368579
457663300
457413424
449531882
469966506
472621695
457290715
470006408
476681407
472727958
454059834
472763091
470150642
470288059
457266292
449497430
457697224
476654320
472758999
472770223
476713060
449536534
449537445
449537698
449536124
449727652
449727261
449503554
449500508
449717368
449497870
449500184
449711937
449690733
449690599
449726584
449521627
449691872
449717062
449502210
449521749
449526981
449688045
449727772
470054350
470065196
470064778
470053042
470064932
470067526
470350834
470304610
470020302
470340285
470338881
470339451
470060841
470301970
470339703
470302630
470340783
470013414
470064368
470334309
470352117
470013678
470338155
470304595
449408515
449402901
449442700
449407822
449442664
470108671
470156012
470162607
470161527
449396620
449391153
470121154
470126499
449396548
470110042
449394657
449395312
470125875
449436694
449401183
449401843
449396368
470125755
470155544
449389732
449391189
449401629
449407112
470155604
470160879
470109259
470029556
449429632
470031462
470026497
470029088
449488857
470150967
449488244
470150571
470143556
470310585
470317311
470311294
470316453
449678446
449678704
470024802
449425606
449424945
470024850
449425192
449486218
470150331
449486250
449488833
449680912
449430225
449441050
449520715
449532550
470299882
449686243
449679574
449686291
449722636
470346975
470124591
449710780
470014242
470014230
449496090
470124250
470149011
449710444
470315583
470335755
449721969
449710360
470014206
470315283
449426710
449441314
449402791
449429320
449490178
470108326
470161107
449692819
449687563
449727124
470120240
449496750
449425342
470145370
470014866
470112511
449426648
449438396
470311719
449429284
470062137
470052643
449520691
449537526
470303780
470352093
470311755
449727148
449502750
449496138
449716653
470335107
470337963
449502810
470314635
470060562
470156883
470124303
449710504
470155568
470338095
472811829
472809442
472822374
472976830
472978411
472785298
472782633
472785008
472785644
472788282
472975351
472806175
473011432
472786569
472786902
472811422
472996580
472782774
472999288
472788186
473002156
472811911
472809141
454003305
454006030
454005918
453993799
453991135
454326679
454378174
454318557
454385942
454378280
454365416
454373906
453946185
454383106
454372634
454323259
453946366
453997998
454383370
454323967
454323909
454374182
454005138
453997206
472592733
472596884
454136469
454193817
454128691
454195197
472566580
454155218
454159778
472566364
454130815
472589431
454189942
472625032
472568972
454159058
472625860
472631572
472627676
454134764
472574236
454160342
454154954
472597519
453964761
453967136
454176344
472756662
472763574
454350446
472946097
454345310
472945828
472952032
454178902
453961854
454178594
454178522
472758378
472763862
454350170
454178858
472946308
454350542
454341704
454181558
472946572
453969678
454000401
472630876
472620280
472595167
454133842
454133805
472815150
472762254
454321543
472953286
472970482
454380278
454348574
473006116
453940929
472779730
472570936
472571572
472803502
472993960
454321245
454320847
472952380
454348562
472597879
454000638
454002740
453968910
472621720
472761670
454175996
454321399
473013082
454380746
454345010
473011828
472946464
454365680
472566100
472787358
453985543
454382930
472568804
472574080
454158770
454380770
453967629
472598095
472620688
454000110
472592587
453992408
454128787
473007860
472972219
454344614
472969831
472574464
454152417
454368386
472999456
472782318
454159802
454324123
453961818
472951072
454178822
472630324
476707436
476708493
476719006
476720346
476999144
477004263
476957431
476986472
476991219
476669662
476991075
476671782
476992287
476670966
477002289
476993530
476719842
476705275
476707352
477005439
457329550
457330986
457653235
457704620
457645017
457711154
457652215
457711166
457273050
457692440
457272126
457272138
457709990
457324125
457328912
457697846
457697822
457330794
476578051
476625514
476624781
476571310
476575964
476576541
457366520
457427498
457360030
457359967
457427234
457371921
476557335
457378670
476617659
476616789
476569267
476559296
476564739
476575832
457426630
476557971
476575820
476616861
476575868
457282174
457282268
476613579
476611023
457278138
457282101
457414617
457412546
476653182
457407537
476938431
457656320
476938407
457664306
476604771
457662386
476943502
457664690
476652478
476658512
476661150
457284726
457276218
457412774
457283370
457313697
457313119
476612355
457365427
476658954
457365117
457646551
476997831
457705942
457705766
457705077
476944935
476563474
476562717
476665098
476563059
457282710
457413482
457705550
476699995
457377074
476712630
457705065
457662950
476575255
457319719
476618600
476618564
457331646
476658284
476707807
457424714
457419104
457412638
457414130
476957311
476938071
476569726
476701147
477002151
457378190
457276746
476716988
476570983
476625411
457317475
457278186
457366484
457407440
476707209
476653038
457646491
457653019
477005523
457710506
476944083
457379582
476987180
476557863
457697630
457361467
476701797
476701267
457708989
476713146
457692488
457408862
476719746
472727632
472727476
472692655
476815515
476813529
476767339
476774079
476774542
472680556
472675412
476762875
472679421
476778435
476778015
476766154
472686583
476810235
472722812
472726840
472722848
476762191
476808873
472674556
472726893
449312014
449313310
449307523
449343669
457455139
457455211
457461476
457478072
457481426
449281648
449284209
449289484
457457182
449288356
457517270
449340832
449340916
449311232
449307247
449287713
457485302
457513964
449348176
469923825
469925275
469918519
469972755
454093041
454092260
454039450
454045664
454053434
469905339
469904661
469912455
454034769
454093582
469964835
454032919
469917655
469964703
454051982
454093694
469916539
469905836
454052762
449294980
469929824
449294848
469931847
454065446
472660966
454059458
472661476
476748142
457467032
457474226
476750205
469929154
469928361
454057994
449292880
472662856
457469006
476749016
449293540
457469618
454056742
454059310
476755599
454057929
469931115
449306842
469967434
449341821
454036101
454095566
454064078
457472782
457515938
457480226
476771374
476772039
472672504
454035559
476754219
469919071
457472978
469934871
454048274
449341576
449342152
469935075
469924582
469931535
449307379
449300056
472668076
454057270
472726642
457462330
457513748
476755911
454048090
476772416
472675148
469928967
469964175
476754747
457466780
469965440
449343488
472687939
457466840
457522466
457468394
469907967
449282296
454048166
457480286
457478252
476779275
476750169
476762517
472685779
472679224
476759551
457473026
476778483
454094306
472711665
472711796
472716928
476679054
472714408
476679030
472776033
476803714
476796981
472773022
476803395
472773032
476963374
472965736
476969427
472770522
476798115
472966090
472775742
472773368
472713952
472711316
457293752
449333937
457509742
457507898
449664584
449669806
449663864
457668873
457671026
449666505
449329300
449473546
449473518
457288686
449329180
449471170
457290630
457668608
457505246
453958150
469954161
469960911
453951561
453951810
469958247
470005569
454089050
470286956
454329860
470286010
454336070
453949666
469952055
470000814
470293107
454338266
454080428
454336046
470285583
472585713
476583801
470096661
454147689
470095539
454139902
472577536
454142678
454142474
457384281
476581035
449383894
454147970
472580120
457383164
476581899
470094814
454147886
470095479
476587299
476586574
476586603
472583013
449382046
449381716
457388746
457388241
454083242
476795475
449472258
472957612
476962095
449662521
470002290
454332986
472582732
476961747
449329660
457669425
476795799
472583554
472585996
453953070
449331080
449336392
472710776
454145858
457509854
449470986
470286212
454338026
472770226
454142882
472709482
454142870
470001150
470100627
472962964
454148162
457296618
449329953
449334508
476582648
449379068
454083009
469999842
472708732
470103423
472776378
454145570
449471790
449669656
472960520
476969883
457671626
470285427
453950169
454142942
472963420
476961771
476964339
472690377
476703463
476702782
476715282
472715356
472726276
472816953
476812558
476802027
472774350
476968059
472994926
472781022
472677988
472714876
476801775
476999998
473006632
457295110
449335636
457327182
449335600
449518987
449668288
457647883
457706690
457674998
457267794
449286369
449495230
457483257
449495326
449685223
457706866
449286381
449684743
453999462
453987187
470006721
454038118
454098434
470292231
454379630
454336514
470344071
470012394
470333139
453939106
470332179
470291799
470012034
454367486
453940038
470344197
469969791
472591675
472626657
472627012
476620275
476588559
470101281
470154610
470118453
457362010
457374410
457389670
472626292
449435404
454129399
476560635
449382693
470106763
449400511
472566952
457278970
472614777
449298868
454062742
470023338
457410338
472757994
454176866
454176705
476940285
472947214
457659746
472947628
470023398
476607549
472947100
457279410
449345680
457362367
457472038
449518603
470154478
476812011
472804543
454319491
457674878
476999470
469910043
476666910
454153514
454038331
470291523
476764519
449310031
472626904
469921771
449383384
476703117
476703379
476682918
457518909
472774266
476776509
470332479
449708464
454050086
472689787
470059050
472690543
472687567
476715186
472776210
476815198
472769566
472769526
472805335
472961012
473011960
477005055
472675712
472996052
476672370
476762431
472999996
477002374
476671110
472784888
476703259
449335714
457318544
457327062
457317223
449519167
449692615
457675502
449721196
449661688
457671374
449499896
449709340
449713762
457271058
449715052
449532990
457457383
449287972
449519191
449711156
457507694
469960623
470047870
470000206
454086290
470047855
454325959
470351950
470297911
470345396
454385402
454045232
470019294
470333530
454367570
454034719
453950274
470338731
470060266
469952679
453945846
453955556
454385390
470337471
476620179
476618300
476620143
457425494
476565454
449390410
454153690
449389012
476617011
454190078
449400919
454135891
449437868
472565764
476608275
476612979
449294512
476655798
457412330
470028560
449431300
476755798
472761116
454183394
449484066
472948520
457656464
457659674
476945595
454347158
476942955
472763730
472583422
449306431
469967067
457424122
457424162
476676738
449472894
470148747
457503758
454380074
472958284
472571032
470014026
453940566
472619824
453999906
469967019
469955343
472619896
472627796
476660538
457424186
476719878
470000178
457467998
449523667
476957479
457705346
473007908
472573672
470340075
454373486
449713744
472578160
454178162
476616963
454190030
472692907
476684826
476717660
476765095
476958163
477000447
477003573
472996172
473001976
472686405
476778399
476713962
476803095
476951167
449525900
457514588
457459567
449668408
457669040
449720673
457645111
449727724
457270233
457486730
449497785
449283464
449474085
449725881
457673654
449474346
469954149
469959447
453993979
469966148
454081149
470059770
470052379
454377512
470284809
454377968
454319287
454379342
470340189
470013618
453950205
453985929
454326355
470019954
454080488
472585048
472578964
472584256
476625255
457367781
457389609
457419524
457367119
454128751
470118501
476557275
476616999
454190126
457421414
457282244
472621552
476655930
472661584
457409930
476657600
472761741
457474982
476946279
454350506
476942853
470144829
472613896
476747643
469967103
469955199
470002878
449381680
470049919
457424402
457504034
457515902
472762266
470299219
457705958
476944035
457376361
449496858
457693478
457646167
449381284
476659050
454348790
472630264
457284618
449331128
454000578
457365271
472685215
454063970
449376400
476678754
449442340
470155784
457468118
470303360
470309103
476938095
476560491
454160030
472995908
457384838
476617203
470060478
454290935
454289708
454289587
454290897
454289840
454267436
454262950
454263323
454263452
454267247
454262925
454263454
454263416
454265842
454287238
454287225
454265554
454286961
454286671
454263187
454265921
454289348
454266095
454265829
454287095
454287089
454263199
454289813
454266089
454286683
454267162
454267423
454291049
454263442
454289741
454265576
454290633
454861293
454861171
454859972
454861268
454861269
454861270
454819786
454820500
454825060
454820493
454825137
454819844
454824466
454824215
454824213
454823743
454823807
454824136
454824406
454824208
454860778
454855952
454820215
454859386
454855991
454824268
454824340
454856008
454820239
454855869
454856134
454861288
454855870
454855989
454833719
454833189
454837127
454833526
454837133
454837673
454837649
454250116
454255487
454254884
454250204
454251533
454831725
454832320
454831726
454250872
454251521
454831809
454251407
454251404
454832242
454249751
454249744
454251392
454249726
454836989
454255499
454255016
454837600
454837473
454833047
454249732
454833116
454255498
454832396
454833172
454255481
454836059
454836058
454856890
454857214
454835817
454836353
454254239
454285907
454285906
454285845
454253575
454254167
454285843
454821837
454821305
454261487
454821160
454261433
454821238
454253675
454261891
454835663
454285391
454285319
454285351
454253632
454821532
454253638
454261459
454856877
454253515
454285593
454821796
454856875
454821562
454821307
454253969
454262143
454285594
454285577
454285637
454837414
454837375
454833389
454859527
454860869
454833430
454859528
454837354
454255258
454285787
454285780
454249972
454285744
454254034
454821682
454262000
454262812
454266713
454821634
454819916
454823945
454855571
454823879
454265381
454251311
454251305
454290476
454285720
454819948
454261985
454857271
454254101
454837408
454819927
454262782
454254029
454837403
454836331
454861373
454861245
454859573
454859575
454833548
454835807
454255519
454254856
454255516
454825736
454262013
454262132
454266832
454261600
454251561
454824151
454265440
454856099
454286899
454823752
454286897
454824412
454290599
454290593
454249709
454820192
454821691
454832360
454835673
454249997
454859572
454857184
454836201
454836070
454861277
454860077
454835792
454837483
454290994
454289217
454289181
454250110
454253540
454254164
454821694
454821824
454819917
454820381
454261965
454267240
454824173
454266112
454266076
454855481
454251439
454832983
454289308
454833031
454255495
454287088
457617464
457617574
457616263
457615988
457616012
457593838
457589339
457589338
457589747
457589324
457593641
457589745
457589348
457592253
457613639
457591925
457591927
457592453
457592458
457593551
457617065
457615750
457589588
457613467
457592326
457593569
457617056
457615737
457593275
457593273
457615749
457591966
457589683
457613469
457592325
457613072
458756746
458757943
458710427
458703946
458703735
458703815
458703140
458710551
458703152
458709227
458751393
458751179
458709147
458708409
458709104
458709067
458757287
458757262
458703658
458703651
458751303
458709212
458751333
458703921
458756403
458703791
458757728
458703920
458709081
458751476
458757994
458703682
458703943
458757807
458703811
458734172
458734185
458730358
458729771
458730226
458733788
458734257
458729801
458730214
457570077
457569920
457563322
457569284
457569863
457563327
457563261
458727627
458727185
457565327
458727659
457566029
458727701
457565523
457565265
457569524
458727500
457562885
457562867
457562864
457569533
457569885
458733513
458734095
457562939
457569224
458727689
458734155
458733501
457562865
458730219
458734251
458754101
458732471
458732467
458732939
458753549
458732935
457610997
457610122
457610187
457567959
457610651
457610719
457610169
457610962
457610203
457586650
458705799
458705739
458706515
457587178
457586649
458706334
458753326
457610431
458753285
458732146
457568163
458732649
457610453
458753315
457610451
458732381
457586667
458706333
458706595
458753314
458754099
458753924
458730055
458756195
458756201
458730056
458732825
457569790
457610843
457616799
457563187
457615455
457610830
457568595
457563128
457593023
458703430
457592981
457587039
458703368
458708651
458708647
458727454
457591643
458727370
457612847
458750943
458750909
458708619
457591663
458727394
457612843
458706431
457593008
458753903
458757464
458730005
458706439
457610861
458703394
458703343
457563185
458754089
458729793
458733751
457570040
457616795
457610967
457615931
458703417
457589259
458703767
458705780
457593221
457586685
458726883
457565287
458751153
458751415
458710232
457592300
458733483
458755907
458753299
457586949
457592168
457616789
458703103
457563305
458732439
458757917
458730343
458756193
458730223
457568720
457610204
457617459
457563310
457587081
457593831
458703429
458705984
458708933
458727453
458726839
458727369
457613026
458751389
457592187
457569523
458751317
457610432
457593507
458727691
457615425
453530732
453529259
453529293
453529427
453529534
453495226
453495080
453489225
453495035
453489801
453495034
453493643
453525585
453493222
453524903
453525316
453493876
453493751
453525388
453528892
453493715
453528874
453530143
453493895
453525573
453530204
453529483
453489784
453529353
453529220
453495070
453530806
453530716
453489693
453529288
453494901
453524900
458092785
458092643
458091175
458092535
458092771
458045266
458038667
458038544
458044462
458045187
458045061
458045259
458045062
458043921
458085321
458043083
458085923
458044978
458085980
458043735
458091967
458043819
458043671
458091129
458043140
458043814
458043680
458045131
458092767
458091171
458044459
458091969
458051879
458051877
458056472
458057087
458057140
453483214
453475953
453482564
453483135
453478078
453477405
458050475
453477279
458049808
453477285
458049694
453477339
453477947
458056366
458050340
453477915
458056276
453482680
453483152
458050412
458051067
453482488
453477256
453477394
458057019
453476620
453476536
453482613
458055839
458055175
458055105
453481738
453482003
453524265
453524014
453524241
453481951
453487847
453487839
453487834
458039128
458039134
453488567
458054962
453523611
453488303
453488332
458055487
453488355
458086775
458086711
453487759
453523606
458087475
453481948
458055683
458092108
458090795
458087383
458056864
453483094
453481868
453530003
453528675
453476467
453528743
453494415
453494360
458037927
453489076
453489143
458038016
453494440
453477779
458043298
453477739
453493126
458085467
458085496
458050288
453481832
458055620
458051527
453528687
453481834
453488431
453493052
458056989
458092593
458051181
458087228
453483187
453481749
453476481
453528755
453529343
453530071
453529208
458039313
453495153
458039175
458045067
453477376
458085859
453493175
458085523
453477908
453488351
453523595
453528808
458038340
458043747
458056875
458086124
458087487
458039179
458051875
458092492
458056471
458056951
453524254
453524192
453475930
453529263
458044545
453495219
458037868
458038474
453487904
453487964
458043297
453493570
458049751
458086126
458085453
458086108
458049895
453525327
453477331
458043784
453523594
453530187
458051011
458038384
453481292
453530175
458044996
453488360
453493767
458049739
453489783
453507107
453506961
453502625
453506561
453506529
453502606
457581945
457576019
457576546
457576475
457581885
457581752
457581754
457577459
457577266
457577273
457577399
457577321
457577464
457577837
453502499
453502493
453502475
453506381
457581400
453501692
453501153
457576487
453502948
457581766
453501681
453506980
457576138
457576013
457581269
453501116
458068880
458069024
458064488
454243655
454236946
454236862
454242867
454238843
458061826
458062373
454239627
454239711
458061825
454243126
458068187
454236519
454239693
458068952
458064275
458064863
458064857
458064272
454243611
454239585
454243618
458062352
454242826
458064927
458722306
458717146
458717080
458716954
458721704
458717144
458716474
454807235
454807155
454813700
454813834
454813779
454807978
454807900
458715837
458714962
454807835
458714973
458715759
454808480
458715683
454806651
454808423
458716336
454813715
458722347
454806645
458717075
454807821
458722431
458722222
458722359
454806496
458063080
458063224
458063033
458717806
458717757
458718412
453499713
453499931
453499901
454809873
453499971
453499709
457574620
457574687
454237731
458062960
453499799
454809215
453499791
453499798
458062961
454809291
454809885
457574499
458063668
453499913
458063139
457575292
454237797
458718411
454809100
458718286
458068348
458068354
458716558
458063561
458721839
458716628
458721844
454813385
453506327
453506303
453506324
454809735
453506261
453502342
453506237
457575200
457581082
454236339
454242927
454808110
458061772
458061688
457577127
453500986
454813312
454813316
457577180
458721819
457581104
453501015
458716540
458061692
458068311
458721897
458717927
458063068
458717093
458065007
458716437
458063204
458721712
458717920
453507035
453502349
453499964
454813371
457575933
454242815
454239119
454239113
458061760
458061567
457574801
458721579
457577776
457581345
457581737
453500368
458063607
457575869
454236869
458068431
458721909
458063614
458716605
458721761
458068840
453500494
454807313
454809080
454813829
454243017
457581927
454243588
454238985
457577979
453500961
453501094
458715089
458061820
458715161
454809224
454243120
454806581
457575165
458063672
453506907
453502293
453505785
453505534
453526389
453526913
453526615
453526355
453505473
453526915
453505517
457580359
457612247
457612246
457612053
457611981
457588547
457588552
457587970
453490540
453490605
453490978
453490955
457588294
457611712
453505075
453490948
457580309
453505127
453505723
457611772
453490579
457580314
457580073
453505528
457611581
457579973
457587835
458067719
458067451
458088509
458088797
458088823
458088274
454284598
454283805
454241483
454284559
454242275
454242339
458041307
458041301
454260753
458040521
458040706
458066835
458087986
454260507
458088010
454260007
458067363
454284537
458088749
454241503
454260557
458088031
458040993
458066841
458040439
458067123
458720841
458752067
458720416
458720443
454812598
454811806
454811803
454812591
454854031
458705194
458705199
454811932
454811902
454818850
454854088
454854143
454854135
454811920
458720307
454854760
458751993
454811865
458720847
454819111
454811800
454854141
458728365
458728366
458052532
458052472
458728509
453478541
453478779
454830225
453478605
457564780
454248207
454248095
454248087
457563921
457564211
454248430
454248365
458052315
454830346
458728157
453479321
454248419
454830407
454248232
457564251
457564061
454830214
454830333
458728443
454830532
457564709
458066980
458067019
458728715
458066993
458720515
458052862
454812011
453505003
454854269
454854223
454248611
457611527
457611436
457579767
458704685
457587675
458704661
458040591
454811993
454830739
453504935
454830735
458052867
453505000
453526036
458728761
458728996
458752259
458067115
458721052
454812053
453504993
454830243
453504991
453526299
453526831
454242280
454242023
454241488
453490667
457587808
454260239
454283991
458041243
458066853
457611509
454283729
454854508
458720391
458728762
458067676
458752258
458752721
453479362
454812593
454812245
457564102
454248657
457611639
457563919
458704601
454818346
454818597
458041228
453490671
453478675
454260568
453505131
458087974
457580031
458705237
454248633
454248895
457588275
453505455
453478531
453506831
453506852
453526781
453528965
453506791
457580506
457580480
457581655
457580471
457612156
457615618
457576376
453491147
453494705
453494681
457593106
457593152
453489370
453489359
453494632
453493331
453493327
453501496
457612936
457580443
453528953
453489392
453491110
453530344
453524996
453528958
453501512
458092208
458064815
458090909
458090947
458064791
458064812
454242200
454243378
454284382
454284428
454243327
454243383
458041184
458041124
454262602
454266617
454239394
458062171
454286387
458062111
454286411
454265321
454266607
458085639
458064731
458085643
454239392
454260679
458085646
458092203
454284377
458064807
458722174
458720948
458752664
458756020
458756059
458720908
454860644
454807011
454807028
454854667
454854663
454824927
454824932
458703212
454808338
458708543
458708536
458750734
454823611
454823660
458720895
454859248
454823656
454859284
458705059
458053066
458056628
458729639
458051284
458729669
453482830
454830884
454832903
453482741
454836881
457564595
454254742
454249408
454248747
454250806
454250747
454250729
453477543
458056547
458049999
458733575
458733568
458733572
454254706
458726984
454836856
454832860
458056551
458732339
458086987
454809635
454809631
454856679
454856621
454809607
454238063
457610338
454238047
454238091
457568019
453488050
454820962
457586573
457568033
458055221
454261327
458732247
458086900
454238067
454820983
453523744
458753374
453500188
457568009
458055287
458053025
458732315
458718184
454813589
453506771
454856655
453528943
457581608
454236736
457576323
457564623
457580416
458705908
453488081
454266572
458709831
458727019
458708511
458709835
457580417
458753427
458056567
458722145
458728870
458752589
458716817
458068708
453479203
453526755
454807049
454832839
457575070
454236742
457610300
458039408
453491139
454824977
458703221
453493323
458062168
454855325
454821008
453501543
458753372
457562755
453507079
453529229
453502877
453529363
453526891
457580612
457617395
457611633
457575983
457576508
457612291
453495047
457593167
457593160
453489233
457589201
453491248
453493593
453501803
453525053
457581395
453505112
457593496
457613429
453502457
453493720
457577720
453526233
457589275
457612025
453530548
458064803
458091284
458091416
458092255
454242333
454289067
454284311
454289659
454236909
458045087
454267353
454260287
454260279
454266629
454262864
454239153
458062399
454286627
458043105
454241803
454287020
454290581
458090624
458044947
454243505
458067567
454267089
458088807
454263259
458068467
458722267
458756416
458757871
454812452
454813639
454811779
454807280
458710485
458710484
454825715
454820427
458703284
454824988
454855355
458708559
458750611
458710223
454813220
454825447
454854147
454859372
454812448
454854808
458756547
454813084
458733645
458729680
458729753
458056433
458051816
453483299
453483297
454831052
454837463
454833629
453476216
454248143
457563980
457569213
457564107
458050491
454831647
454831787
454831785
453478709
458728216
453476032
458051024
458729492
457569471
454248929
454832181
458733639
458051025
454833628
454833496
458732325
458087191
458087455
458055292
453481979
454836271
454856675
453523421
454809915
457575321
457567891
457575316
458705927
458039279
454821747
457586632
454261541
458705991
454261804
458706255
457574793
458055771
457586901
458063187
453481180
458720564
458757476
458716588
453483035
454830787
453530027
453524079
453528701
454833368
454241675
454241668
454289131
458704720
454261935
457592975
454808071
458708633
454808072
454283909
458720969
458068996
458087456
453483295
454831051
454253432
454255339
454289788
454249531
457563271
454289656
458709957
454820297
453494511
454824125
458062156
457591839
454286493
457574792
457588263
458751977
453506959
453526761
453526328
453529366
453505472
457581657
457581931
457612161
457617436
457616260
457612016
457579954
453490736
457593832
453489429
453490616
457593244
457589193
453493329
457592212
457591821
453524933
457577302
453501775
453501631
457576114
453490940
453491240
453525569
453489785
458068762
458092781
458064535
458091317
458090925
454243675
454236729
454236991
454242871
458041316
458038089
454262674
454262943
454260776
454267239
458043418
454266075
454286385
454286890
458085845
458062375
458041030
458062279
454290603
458090681
458062243
458067632
454290651
458722291
458758060
458756086
454813783
454859943
458705264
454825582
454808563
454824394
454823734
458708356
458715501
458720302
458716330
458757244
454807951
454854633
454860039
458053174
458730340
458730160
453478868
454836861
454832925
457569940
454248825
454255407
457563388
457563316
457563920
457564581
458050018
458726836
458727124
454248368
454255023
458050005
454831707
457562757
458051789
454249551
458055778
458055569
458063755
458055761
458753548
453524273
453499927
454856649
454856907
457575343
457574530
457610265
457574491
458706592
453488049
457586577
457587172
454237834
454835619
457586884
453523541
454809211
454238073
454821555
458087429
458055677
458056853
458068303
458734024
458087326
458092133
458064415
453483065
453506290
454854224
454806787
453530045
457569772
454821639
457587764
454262739
454818596
457565788
457591636
458706424
454283876
458717923
458067644
458758012
458055149
458732440
454809931
454835541
453530657
454859571
454238109
454255515
457617376
458706568
454821279
457589068
457587944
453501091
457592164
458085329
457588208
453530129
457576063
470257762
470256334
470256575
470256573
470256571
470234026
470230133
470230007
470230004
470230049
470230184
470232826
470232823
470253635
470232833
470253427
470253802
470257330
470253797
470229905
470257387
470229872
470234119
470257856
470253671
470230025
470257375
470233893
470253428
470257889
470229607
470253670
470828157
470826825
470827859
470826681
470828143
470792375
470786567
470792445
470786576
470822218
470822217
470790467
470822536
470822601
470822836
470791192
470822215
470822541
470791040
470792218
470827499
470822716
470822704
470786936
470822732
470787199
470787071
470787200
470790513
470791168
470792217
470792359
470827486
470826502
470786503
470804265
470800377
470803868
470803857
470800294
470804261
470222255
470222253
470216999
470216332
470216792
470216853
470217729
470799106
470799047
470218246
470798381
470798987
470216411
470803673
470798926
470222087
470799092
470798968
470798567
470800232
470222249
470799904
470798516
470803067
470824197
470824137
470802487
470823919
470803013
470802754
470220921
470252374
470252303
470220619
470228219
470228337
470228338
470228277
470228801
470788289
470802418
470228608
470252033
470252075
470252068
470823502
470228537
470788277
470823525
470220233
470228177
470220898
470228875
470252049
470803012
470802946
470800133
470824028
470824063
470220802
470220799
470257180
470216662
470257255
470255900
470788424
470229533
470791919
470788420
470232142
470798812
470253227
470253232
470217977
470790641
470791951
470221952
470802875
470822327
470790608
470802874
470827564
470216674
470217980
470804119
470802788
470826773
470823907
470803829
470827833
470802785
470220815
470220931
470251955
470255920
470221583
470220271
470255924
470221581
470233948
470786699
470228324
470229995
470787045
470792320
470218041
470790875
470798419
470790475
470217621
470218276
470232761
470798947
470257312
470229863
470220400
470220405
470232633
470787043
470803076
470828021
470824005
470826309
470800303
470826689
470220680
470257768
470216983
470220224
470792501
470792326
470228734
470233425
470217993
470217981
470218243
470220428
470233888
470826149
470256040
470788389
470792477
470222083
470228840
470233984
470827949
470826161
470253664
476910693
476909095
476909263
476886824
476882471
476882842
476882852
476886893
476882468
476885363
476906746
476906225
476885051
476885050
476906189
476906433
476885483
476910161
476910128
476882674
476886629
476910152
476906590
476885612
476910521
476909339
476882828
476909205
476886785
476885505
476885469
476910557
476910165
476909093
476885086
476885576
476909105
478619818
478619839
478621139
478621173
478562037
478554022
478561016
478561811
478561100
478562030
478560455
478560442
478613507
478613241
478613479
478613234
478560563
478561747
478613362
478619186
478560488
478620470
478553830
478561742
478562000
478553155
478553157
478553951
478619882
478621076
478621077
478561749
478554115
478621130
478553971
478561807
478597678
478597655
478593125
478593177
478597133
478593716
478597661
476843378
476850395
476850371
476851214
476851222
476843169
476847346
476846825
478589759
478589170
478589219
476846417
478589169
476846762
476847200
478596659
478592794
478592792
476850722
476851121
476842415
476850332
476850770
478593092
478596742
476842869
478589168
476843249
478617467
478616885
478617461
478596031
478616935
476901779
476901873
476849075
476902763
478558077
478557050
476878977
478557143
478557811
478595434
476902202
476878733
478616455
476879001
478595419
476902739
476901813
476878475
478595993
476849458
476878773
478595422
476878111
478616930
478617206
478596190
478620845
478619551
478596167
476902667
476909792
476843099
476843035
476843107
476843102
476908376
478557884
476878811
476878808
476881973
478561406
476878901
478557938
476847094
476847089
478589398
478612930
476905766
478589435
478589431
478560146
478557911
476850992
478596131
476885996
478612964
478617242
476908411
476847056
478561483
478596194
476908445
478561411
478597400
478616921
478593153
476902655
476902652
476842439
476909037
476849042
476851034
476886860
476882373
476882897
478557131
476878478
476847319
478560655
476885534
478595407
476910092
478592755
478589480
478596206
476882371
478595798
478617345
478617285
478619926
476851017
476843230
476910674
476886009
476882374
476878412
476847082
476885330
478559789
478589695
478560617
478589599
478616492
476908862
478620473
476847069
476885997
478595996
476843203
478557116
476882822
468832295
468830735
468830721
468832031
468832027
468830972
468830974
468790665
468791188
468795944
468796007
468796540
468826965
468826735
468795280
468826343
468795022
468791134
468796343
468791104
468796408
468796511
468827013
468830923
468830795
468830792
468830791
468791120
468796504
468795092
468795189
468832300
468791122
468794660
477956026
477956025
477954823
477954707
477954693
477956123
477896603
477896733
477888734
477888806
477888824
477887816
477896606
477895139
477895173
477947315
477947217
477894478
477895430
477896470
477895279
477955138
477896396
477948103
477956063
477955922
477888563
477954739
477888662
477895269
477955222
477947300
477894490
477895735
477895340
477954542
477920385
477915225
477914572
477915080
477919787
468772894
468764985
468764051
468767638
477912590
468766714
477911918
468766702
477912467
477912458
477914219
468767408
477912386
477912436
468767410
468772708
468772713
477912453
477920423
468764325
477914474
468766688
468771920
468767481
468772246
468764980
477919826
468823466
468824303
468824039
468771502
468824037
477890746
477890805
468787730
468788687
468787754
477890798
468788390
477949859
477949858
468823694
468787790
477949934
468788059
468788061
477918441
477890743
468771316
477918273
477918926
477918237
477955427
477950674
477954103
477954176
477920212
468824171
468764695
468830074
468830039
477896020
468788600
468795746
477888172
468790376
477896018
468767339
468826075
477912262
468794428
477896056
477918967
477954076
468794432
477920210
468824194
477947480
468824164
477920349
477956080
477954167
477956083
468832091
468823449
468764959
477891335
468788732
468796581
477888767
477888765
477888632
477896078
468790640
477894760
477947903
477947563
468767354
468794416
477895094
468826811
468826808
468791035
477953843
477894764
468766940
468788731
477919557
468832216
477888631
477894440
477920242
477955497
477915079
468772915
468831297
468764962
468832274
477890794
477896073
468788756
468790730
468791366
468767623
477911575
468826113
477947308
468770864
477896464
468796406
477955132
468764263
477891200
477918836
468832106
477888664
468808413
468808544
468804440
468807965
476874946
476869786
476869139
476869725
476869780
476869642
476874344
476874940
476869593
476870589
468803206
476870398
476870512
468802601
476874548
468803912
468807839
468803909
468807893
476870920
468808484
476869733
468803925
468808481
476870560
476874489
476871056
468803937
476870434
476870396
476869109
477928438
477928433
477928415
477928424
477932338
470198386
470198492
470198361
470190494
470189649
470189650
470194030
477923945
477923846
470193574
477923937
470193934
470197991
477931466
470190041
477931415
470197892
470194330
470194532
477931463
470190050
470193602
470193605
470189612
470194006
470198369
477927502
477931838
478585652
478579858
478579780
478580387
478580375
470759894
470760683
470760693
470768750
470762806
478577878
470762723
470762738
478579498
478579523
478579514
470763251
470760154
470763314
478584868
478576928
478579581
470760628
478580282
470760626
470762744
470768608
478584873
478576856
470760736
470760808
478580366
478581839
478581297
477926440
477926584
468799703
468800618
470763874
468800577
468799697
470193227
470193165
470192210
476866401
470764067
477926122
476866553
478580843
470764130
468799877
470193179
478580901
477926489
478581208
470764204
476866629
478581770
477926582
478581158
478585270
478585246
477931736
478579985
478579918
478581628
477931661
470764643
468800474
470760250
470764562
470764565
476866928
476874076
470193098
470193839
478577342
477923716
477923722
470193794
468802277
470762920
478577324
470762918
470193836
478577252
468802280
468803608
477931727
477927839
477932189
468808322
470760293
470760638
470767773
470197840
476869041
476866468
478577810
468803176
470193554
468802648
477923801
470764115
476870888
476866598
470760112
468803045
470193884
477926169
477931718
470760772
477927717
478580357
477928276
470768621
468800636
468808330
470760677
470763850
468808022
470193094
470189668
470192290
476874081
470193886
470762758
470762801
468802682
468803114
470767997
478581609
468799964
468802586
470190400
468804386
468828345
468828353
468806671
468828083
468806909
476873481
476873026
476905099
476873097
476873061
476881606
468792058
468792117
468806579
476904905
468827620
468792376
476881373
468806518
468827635
476873697
476881111
468806639
476881397
476881402
476881003
468827812
468806517
476904737
477931063
477952139
477951658
477930547
477930809
470197199
470249961
470196839
470196838
470225302
477892778
470196665
470196629
470225930
477951214
470196602
470196875
477930981
477891833
477951259
470196213
477892497
477892255
477930806
470249897
470225611
478584442
478616119
478615876
470819303
470766514
470820235
478556680
470783666
470783654
478556661
470783603
470783656
478583515
470819476
478556399
478583474
478615198
470784232
470784321
478584374
470819565
478555792
478616059
470766766
478584458
470784237
470819212
478583738
477916499
478591870
477916485
478591852
477915964
470796466
470796413
468768863
470795938
470214359
470214262
470213618
476845041
476845445
468768220
470213734
470795812
470213759
476845406
470795758
470213764
468768281
470796401
477915633
478592390
470213621
476845054
476845097
468768856
477916258
477916253
478615558
477916219
468768629
468768634
470796211
470819615
468768595
476845774
470196467
476845702
476872730
470249299
476872756
470196434
470249239
477892132
470783969
470225512
476872766
476880715
468827357
470214028
470196470
476845769
468768688
468791731
470225575
470249261
468827392
477930403
478615829
478584412
478615435
468827990
468806615
468806613
470819251
476845996
476873663
470248994
476905070
470196203
478556032
470783615
476880736
478556030
470196593
476845468
476873131
477930079
470225894
478556426
477892461
468828256
477931006
470767433
470796475
468828262
468827337
468767998
468828314
470214322
476905342
470249728
470214021
470197096
477892065
468792698
468791962
470225517
476845447
478583453
476881370
477930148
470196568
476845975
468792434
478592037
478591639
478615397
470249668
468808256
468828161
468828166
468804295
468830447
468807101
476873588
476905304
476869534
468796091
468796121
468790871
476881484
468790868
476884900
468826439
468802955
468804260
468831715
468794806
468796123
476881510
468831784
476905229
477955630
477954245
477928136
470256970
470190239
470226080
470226098
477888251
470229206
470229214
470229176
470226005
477924215
470231911
470252939
470253029
477947671
470252993
470194250
477894814
477896195
477924191
477947681
470229230
470255606
477947683
477894908
477894872
470190293
470255573
470229247
470231852
477930878
478615996
478580183
478580179
470767280
470767303
470825870
470825815
470760550
470825912
478561306
470791568
470784362
478553387
478553378
478553426
470791522
478577575
470790239
478612756
470790248
470791559
470827160
478619363
478619360
470763212
478585438
478585502
478619378
470768392
477919964
478596995
478593059
477914644
477916355
478592206
468768821
470796323
470803474
470803414
476845834
470214224
470216066
476842712
476846632
470798114
477911999
476850596
470221286
470217365
476842679
476850590
476846696
477912046
478592186
470215973
468764368
468767012
478581511
478581514
477926851
477950272
478581532
470764535
470764475
468771007
468800270
468800306
468800369
476866858
476902138
476866823
476866819
478557341
468788230
476878370
478557322
476866829
478581473
470802076
468823795
470764454
468771064
468771028
477918602
476902133
478615961
477955552
478580191
478593020
478585468
468800347
470827172
470760511
476902115
476909960
470220004
477896153
476881444
478553393
468790775
477888230
476846657
476870755
468802910
470790208
468767072
476850617
470803432
476905205
468804232
477932092
477954238
478580225
478585457
468768799
470803438
468800312
476866796
476902114
470215999
468788168
468796082
476878376
470233204
468790774
478553429
476884882
478588999
477947704
476878340
470190268
468790826
468807093
468808388
468828333
468831989
468832123
476875043
476874907
476910512
476909191
476910381
468792575
468796136
476886884
468791332
468792028
476882793
476886881
476871083
476906680
476906416
468803237
468792425
468807859
468806551
468826840
476908796
477951647
477928265
477955615
470196911
470249972
470257814
470257820
470196247
477896697
470229575
470229968
477892238
470253021
477947690
470232737
477931435
477955171
470225949
477931046
470233219
477952046
470190317
477927866
470190425
478616135
478619779
478619913
470768480
470827221
470827790
470828059
470791574
478553116
478554044
478560640
470790263
478612523
470790436
470822779
478556468
470768059
478577711
470784302
478553780
470767144
470790260
478580474
470825896
470783911
478621094
477916007
477914693
477914696
477915873
468772859
470799503
468764804
468772718
470214335
470222049
476842394
476846006
476846687
468767092
477912057
477912050
468767440
470798891
478596677
468768928
477912536
477920450
470216373
470213669
478596023
477926836
477950157
477926555
477926548
470764523
470824103
470823839
470192961
476866874
470251881
476848996
476848999
476902454
476849001
477890939
470788461
470228255
470228249
476849392
478616483
470823437
470764094
476849397
470192537
477950810
476902457
477919007
477931696
478617275
477955435
468771404
470768191
470804030
470819684
468824198
470826212
470193071
476908400
470791889
476885956
470233400
470786608
470193863
468802313
470762906
477892111
468768664
476870156
468800464
477955437
477928156
478619441
477918476
470824100
470828057
468804314
468804422
470193069
470213407
476842399
476909054
477896560
468788216
470233216
476882390
477891844
470193861
477923908
470784305
470218087
476878700
468828356
468804297
468830981
468806648
468831994
468828080
468830445
476910580
476869522
476869123
476905100
468791338
476882452
468791984
476882800
468796601
468803263
468826714
476906061
476874514
476881376
476906554
468831581
468830333
468808483
468827009
468806636
468795977
477930812
477930800
477928173
477931843
477932073
470197054
470249974
470256554
470197495
470256446
477892268
470234126
477888285
470232566
477947698
477947309
477947914
470193931
477896453
477924247
470257322
477924283
477930849
470257718
477927499
477955793
478585663
478615484
478585111
478585461
478615460
470828018
470826478
470768397
470819276
478561305
478562008
470783660
470786498
478553176
478553433
478560646
478576951
478612846
478556470
478584847
470819576
470827402
470786930
478619092
470792174
478613368
478577191
478592324
477915221
478593580
470799513
470799902
468771893
470222114
470216858
468767109
470798097
470799038
468766709
476846368
470798133
468772198
470803730
476842798
470795756
470798918
477912569
478589728
478592300
478593484
478581802
477926781
477950313
478617436
468771317
468823457
470252278
470192239
477890741
476879020
470228342
470787561
476878048
468770997
470220410
477926179
478596256
478596154
477914969
477930356
478620868
470768167
470819686
470760307
470197855
470220730
476908432
470252462
476849764
478557916
468788525
476878900
470786678
477912274
477947537
470790590
468772577
470233454
476902600
478593676
470819252
470760513
468824105
470763847
476874847
470256518
477891329
478561317
470791970
476881052
478577815
470790866
478612972
477947237
468806480
477927439
470826110
449634239
449634081
449632639
449633963
449632631
449610346
449610320
449605930
449606501
449610286
449609158
449608630
449630241
449608619
449608629
449610215
449608999
449633684
449606215
449632355
449606252
449608867
449630253
449634177
449632855
449629988
449629985
449632856
449610331
449605954
449632745
449630000
449608832
450774562
450773397
450773228
450773255
450774547
450719806
450720383
450719783
450720567
450726321
450719804
450725866
450768118
450767855
450767763
450725794
450767963
450720251
450720327
450767951
450725662
450726919
450773913
450719763
450767828
450767829
450726922
450725590
450774711
450720595
450720463
450774370
450772581
450773367
450750933
450746933
450746801
450746855
450746805
449586572
449579241
449579985
449580116
449582699
449582753
450743475
449582146
449582211
450750166
450750140
449579591
450746122
450746139
449579567
449579566
450750161
449586527
449582205
450750740
450746187
449579265
449585861
449582744
450744201
450750742
450746194
449579981
449579969
450750759
450749362
450770169
450770489
450749095
449626847
449627553
449627631
449627371
449627601
449585355
450722651
449603002
449603067
449603261
449603027
449603019
449603861
449603614
449627105
450769967
449603555
450769903
450749547
449626785
450770407
449603837
450722667
450722707
450749331
449603791
450770163
449627333
449584546
450722889
450750691
450749468
450770624
450746729
450770591
450772846
449585267
449632119
449632090
449632040
449603663
449605661
449605721
449605702
449582494
450725311
449582453
449582410
450767503
449582467
450725321
449608343
450774107
450746647
449629459
449609683
450770559
450746691
449586365
450749492
450774177
450774524
450746959
450746825
450772856
450770203
449585111
449627613
449579289
449586435
450722687
449610395
449603055
450722417
449606432
450725333
450744079
449608355
449581925
450725683
449630057
449632299
449606165
449627083
449582192
450750915
450769941
449579553
450767792
450774129
450746851
450749096
450773249
449627494
449632125
449632911
449579311
449584520
449632767
449609674
449610447
450719789
450722422
449603024
449582722
450744057
450767505
450767849
449608623
449582599
449603612
449603528
450772565
450743539
450768089
449633385
449632851
450746779
472918906
472917707
472918761
472917680
472895147
472895252
472895134
472891318
472890725
472890789
472895216
472893695
472914490
472914811
472914487
472893917
472894988
472893787
472918483
472914933
472918847
472890755
472918709
472894997
472895275
472918889
472918769
472891029
474629747
474629746
474628137
474628283
474628282
474629456
474629719
474570356
474561418
474562282
474568738
474621837
474621741
474621742
474568106
474568103
474570055
474628730
474627419
474569998
474621607
474568747
474570080
474621813
474621806
474569036
474570343
474629606
474628210
474602037
474601511
474601882
474601895
474605805
474601496
472859505
472851719
472851482
472859540
472855618
474597059
474597981
474597550
472854734
472855481
474601106
472851095
472851089
474601082
472851188
472855533
472859444
474597131
472851179
474601101
472859570
474597056
474601898
474605450
474604641
474625763
474604133
474625735
472910182
472910851
472910755
472910843
472857950
472858222
472858010
474565811
472887338
474565406
474565775
472886733
474566135
472910585
474624779
472910486
472910494
474603653
472858257
472857991
472886390
474625166
472886393
472857753
474604658
472910578
472886815
472857377
474605731
474605707
474629206
474627905
474605672
472918091
472916755
472910950
472918111
472916756
474569770
474566207
472894258
474561911
472890394
474566171
474569732
474597719
472914155
472914118
474568502
472914131
474629129
474621278
472893005
472894313
472858181
474604502
472851353
474601742
474604531
474629217
474629561
474601999
474628379
474604127
472910966
472851674
472851548
472918807
474566375
474570293
472886402
474562379
472886804
474568709
472914143
474568051
472914717
472894915
474597902
474597905
474627452
472918411
474566371
472857765
474629558
474562375
474597512
474605962
474625256
474628133
474625510
474628277
474605467
472859373
472858040
472918113
472918874
472917434
472911080
474565808
472890722
474565450
474568997
472892937
474597118
472915070
472914117
474624872
474628733
472890958
474625700
472917650
448777387
448724758
448730559
448730553
448723880
448731207
448730035
448771403
448729155
448771451
448729689
448729903
448772144
448776767
448724407
448729815
448772110
448772247
448777473
448729223
448771459
448729894
448730024
448777251
448777419
448772109
448778703
473297575
473297601
473297613
473299160
473239786
473231877
473230955
473231744
473239701
473231864
473239778
473239634
473238203
473291174
473290315
473290317
473290351
473298266
473231578
473296928
473231612
473296930
473298175
473239519
473298962
473231841
473298839
473238309
473231613
473297606
473237516
473239699
473238116
473251532
473244202
473250860
473244933
473244861
448710530
448711400
448712867
448712079
448712067
473243759
473243738
473243675
473242743
473242749
473242731
448710682
473244058
473243540
448710764
448718678
448719255
473251442
473244191
448711923
448719339
448710754
473243672
473244129
473291715
473292295
473249553
473291763
473250010
473250075
448718121
448770695
448717231
473233186
448722494
473232266
448722550
448722627
473233190
473232927
473249434
473291590
448723091
473249347
473232842
473249990
473249997
473250259
473249471
473249467
448717887
473291662
473291589
448722610
448769991
473250191
473297079
473297083
473298367
473251330
448719190
448770728
448711295
448711199
448770782
448717994
473232975
448723306
473231000
473233034
448730331
473237686
473243491
448771262
448771311
473290399
448729030
473250127
448777871
448723799
448729083
473290388
448729028
473298362
473250069
473299113
473297527
473244907
473250851
473250849
448770812
448777461
448777195
448718519
448717862
448731263
448722482
448731260
448730415
473291195
473290263
448771910
473237666
448723147
473250716
473291054
448776662
448710722
473238991
473238128
473243480
448770663
473251543
473297794
473297662
473297703
473250272
448711197
448717136
448778582
448723281
448731218
473238867
448724534
448712050
448729113
473290251
448771466
448729202
448729946
448723076
448719129
473243731
473299095
448754974
448751145
448751153
448751144
448754529
472871519
472871516
472864827
472864114
472864112
472867013
448747719
448748435
448747899
448747971
472867023
448748363
448748355
448750275
448754261
448754264
448754266
472867535
448748492
448755032
472864377
472870659
448750941
472871451
472871381
472867496
448748385
448750281
448754506
473274905
473274898
473270888
449574838
449565995
449573906
449566688
449566820
449570867
449570285
473266593
449569946
449569941
473267458
473267417
449574245
473267362
473267291
473270450
449570642
449570650
449570324
449574296
449565929
449566850
473274815
473274812
449574689
473274417
449573909
473270918
474582214
474575507
474575499
474575495
450707398
450714299
450714296
450706451
450708705
474574307
450707703
450707781
450707822
474573387
450714440
474574610
450708578
450707900
474574295
474574694
474581343
474581349
450714514
450715167
474582010
474575618
450707770
474578277
474577403
474578271
450710435
448747133
450711350
449568219
472862654
472862577
472862795
449567354
450710477
472863071
472862974
448746310
449567607
472863063
449567702
450710547
473267903
473267943
472862741
449567698
449567429
448746255
474577269
474578146
473274563
474575051
473270686
473270663
474581643
450711197
448754171
448750169
450706802
448754135
472870562
472863963
449566028
450708101
474573730
472866533
450708086
472866550
449568044
450711137
474581609
448754108
448750143
473270582
472866572
448750203
472870505
474578132
473274635
450710801
448747173
448755014
450707336
448751060
450715118
449574755
472864029
449567288
472871415
450708173
449570793
474573333
473266898
448747625
449567679
474577322
473267295
474574655
450708518
474581247
474577718
448747167
450706545
474578145
474577748
473268022
474574757
473270919
450711165
448746969
450706414
448746572
450707369
449567444
472862672
472871486
472870634
449574735
472866573
472866674
474573509
450714466
450714497
472870982
472864358
448748366
473275203
472864850
448753534
448753231
448753475
472870185
472912439
472912087
472912399
472870107
472869891
472869369
448726853
472887879
472888145
448726779
448727379
472869667
448752922
472911911
472911843
448774090
472869655
448753711
472911899
472888115
472870131
472888663
472888329
472911898
472869845
473294699
473273590
473294973
449573239
449625290
449626046
449626017
449626219
473235827
473235833
473234914
473234855
473235741
449602498
473235742
473235574
449602250
449625689
449625782
449602234
473235797
473273183
473295143
449625989
473294870
473273493
473235247
449602522
449625334
473234815
473295194
474580907
474623074
474580563
474580041
450713999
450713978
474562954
450718346
450719181
450718403
450719175
450713163
450718918
450765903
474622195
474579902
450766003
450719001
474622271
450766447
474622791
474622219
474622886
450713067
450766515
473247653
474598870
473246913
474598545
473247634
448715459
448715458
448715414
449577770
449577790
448714727
448714721
473246702
450742157
448714718
449577806
450742025
448714898
473246782
472852013
448714587
474598538
473247415
473247449
473273291
473294387
473247387
448715189
450742738
450742711
448715155
448715153
472852691
472869179
472869183
472911471
472911427
448726378
448726406
449601682
449601662
450718659
472887689
449572659
474580291
449601731
473294343
474563143
474580322
448752867
474580853
474599363
474598563
474622835
473246887
448714955
448714949
448752861
450742757
449573433
472912343
472911542
474562899
448726454
472888581
449602469
472888577
473246750
450742203
473294222
450718947
474563433
449578233
474580850
472888579
474580913
474622629
474598834
473246923
473294667
450713717
448753514
448773897
450742447
472911550
472852027
472869842
449602551
473234811
474563657
449572923
474579934
474622229
448774058
450718925
472869578
474563193
472888394
450766185
448753663
448774787
448774781
448750831
448778309
448778323
472871252
472912215
472918160
472864619
472912219
448730770
448727204
472890497
448730799
448729507
448748163
448771751
448771659
448748165
448727227
472871195
448748223
448771721
472918179
448724195
448778263
472871213
448754811
472893128
448750887
473273962
473297285
449574548
449626186
449633270
449574542
473239211
473231285
449609486
449602366
449570579
473237950
473237914
449629349
449629351
473235668
473235665
473271110
473267225
473237912
473298662
449631934
449608172
449609491
474580784
474581951
474622942
474628923
450715016
450772475
450773759
450719048
450719050
450719582
474569462
450767099
474573963
450708359
474568142
474620947
474573951
474563591
450708423
450772387
474622927
474568222
450724952
450766659
474581882
474599266
473244524
473247502
448715381
450742847
448711028
449578562
449585770
472850835
449578575
449578563
473243135
474597191
449585735
450742820
450745991
448715294
449585693
448711023
474601238
474578015
474577954
474603850
473291987
474624917
473292027
473292067
450748678
448717531
448717562
472910230
449567930
473232611
474565541
473232603
449602946
449602887
472886506
472857461
449584411
449602915
473291975
473291967
474603785
450711051
472857521
449584469
449626625
473268506
474577988
473251111
474627583
450711071
450742868
450766601
449578631
472869962
449578622
449626103
472910294
472916823
472916828
448730732
449602334
450708387
448729415
448729409
472893071
473290661
472867191
472852865
473249768
474627605
448746836
450773765
448710931
450773753
449626712
474563537
450719086
448730798
472888454
449605587
472893122
473290647
472854859
472857464
449573319
474622925
448755079
448778685
448778549
472870175
472870171
472912412
472918947
472917503
472917501
448731296
472887863
448723901
472888124
472891101
472867283
472893153
448747689
448729185
448772081
472918419
472869639
472890511
448750875
472917365
473295095
473297817
473271197
473273564
449566883
449566881
449626027
449573876
449574662
449610251
473231813
473235686
473238419
449570837
473266559
449630174
449629919
473238281
449602268
449630047
473239735
449602531
449626289
473271434
449632817
473237492
474580771
474628351
474622868
474627632
450707359
450773168
450773300
474562353
474561431
450719655
474562811
450708441
474574039
474621747
450707750
474628742
450706567
450772511
474621619
474623006
474562089
473247164
474605187
473250827
473247687
448718939
450742089
472859420
449578766
473242766
450744263
473246765
474604991
448710704
449586087
448719411
473243216
473251478
450742221
450746109
473249503
474625711
448770631
450770395
449568201
449627275
449584455
472857962
448722455
472886547
472886349
473232207
449602937
472857699
448770098
474577311
473232655
472858229
449585033
473267877
474625706
474577442
473250167
473273295
473297021
473270645
474604457
450749408
450746633
449568067
449601735
448723767
472855331
448747551
472914071
450767491
474580358
449629388
474601682
474580769
474627629
473244883
450742749
450749540
448711233
449574009
449584460
472869902
449632029
449632815
449579227
472862768
473231331
474621225
474621749
474579965
474628745
474574673
448753784
448754829
448774749
448777529
472871503
472918234
472917699
472912088
472871299
472890501
448723937
448730021
448748515
448771713
472893411
448729865
472894983
472888352
472864593
472891035
473295081
473297289
473298893
449566915
449565967
473239258
449606290
473234816
473291218
449569951
449630006
473290913
473238286
449602292
473273170
449630114
449632322
473291105
473235272
449602280
449633253
473237525
474580761
474582211
474628395
450715150
450774710
450774410
450726249
450719786
450718400
474562868
450708631
450724942
474573523
474568011
474621555
474574159
450765982
450773830
450720326
474628791
474563589
450713192
450766581
450766712
474629523
474574699
450720314
473251661
474605181
473244489
448714976
450750926
450746062
448711397
448718537
449577860
472850841
472851615
472852028
472852940
472858695
473243741
474597070
474597189
448711865
473246792
450750134
472851159
449586170
450750146
474605367
474603885
473292538
474577399
473249477
474624969
473250269
448746922
450749014
449626754
472910151
473232669
473233193
474566391
448722813
472887291
450710530
450710503
450722906
472863273
474603735
473268211
473250197
474581707
474622628
473298317
474601690
473294408
474625623
448747030
450742712
450746702
472852750
472870558
472918083
449579810
450723098
474561826
472890291
448723805
473266639
450744002
474621267
448729025
473250125
449586386
449633378
449566063
473270587
473296985
474578251
473249805
474625767
473297789
473297657
448750219
472912209
449625968
474570159
448726772
449602929
449603054
473231069
448723865
473243477
472893591
474597507
472869572
449586146
473267887
449630054
469497441
469496279
469496242
469497310
469495991
469461825
469456012
469456606
469461227
469456474
469455944
469461928
469491979
469492039
469460632
469491981
469460482
469456415
469456336
469456412
469456340
469461923
469461789
469497527
469496205
469497259
469455980
469492244
469495972
469456543
469497262
469492040
450109135
450107829
450055317
450054443
450055163
450061095
450060585
450060322
450102838
450102747
450060251
450102537
450102706
450055019
450061571
450107240
450060573
450102692
450055283
450055275
450102547
450108032
450060296
450108561
450109090
450061831
450073654
450068505
450068500
450073138
450068312
450073636
450073113
469449922
469449933
469442667
469449260
469443335
469443261
469444725
450067114
469444006
469444715
469444048
450067192
469444791
450072920
469442746
469444659
450066976
450072995
469442615
469442613
469443975
450073052
469444774
469444136
450067725
469443982
450072211
450104080
450071779
450103822
450072143
450103462
469490695
469447959
469490722
450056637
450055960
469454566
469454614
469454476
450056339
450056368
469448007
450056363
469455323
469490659
450103807
469490655
450055975
450071674
469454530
450071649
469490956
450104003
450108700
450107387
450103988
450103984
450072274
469448599
469490835
469495443
469490831
469443212
450056500
469455227
469455219
450054658
469455795
469455148
450056416
469459759
450102099
450102142
450066844
450066911
469455183
450103943
450108691
450059914
450061183
450072262
450072303
450103475
450068241
450108040
450103867
450104011
469449908
469497507
469496792
469496191
469447935
469447941
450056612
469455335
450054640
469454668
469461207
469454673
450059927
469491507
469443971
469491511
469460548
450107248
450071656
450061581
469456329
450054451
450107775
450059732
450068503
450107836
450107944
450068491
450108741
469448480
469490182
469449199
469490648
469490960
469461927
469456011
450061120
450059926
469491615
450067699
469460427
469490132
450055144
450068299
452865298
452864133
452865431
452829932
452824546
452829285
452824676
452829886
452860306
452860247
452827979
452828301
452827941
452824375
452863583
452863592
452829619
452828476
452864911
452828612
452829943
452859584
452824642
452865316
473964478
473964465
473963155
473896139
473904050
473897013
473904849
473897014
473903455
473903723
473955634
473956550
473956286
473956283
473902821
473955619
473904779
473956424
473903612
473903467
473956535
473964248
473963061
473896874
473902809
473903744
473963138
473896231
473964182
473928838
473928683
473923547
473928176
473923412
473928628
452798146
452806094
452805249
473919898
473920847
452799974
452800156
473919892
452800712
473927912
452797612
452800682
473922604
452800706
452800892
473920895
473923463
452798198
473923331
452800886
473928736
473920785
473922622
473920234
473920844
473927239
473927217
473959198
473926852
473926840
473927179
452804613
452857666
452803919
452803910
452804510
473899137
452822027
473898770
452821360
452821305
473899499
473899528
473926495
452856947
452821732
473899490
473899521
473899759
452821072
452821737
452821939
473958262
473958494
473928575
473928571
473928572
473928503
473962460
452805934
452805895
452857508
452804642
452804647
452804702
473899642
452823748
452821835
452823728
452823752
473903027
452827706
452827672
452805856
452827682
473928479
452823715
473904382
473927378
473927231
473928796
473964271
452805923
452798001
452863915
452857388
452865236
452821892
473896478
452821346
473896953
473903687
452827694
452828277
452859556
452859959
473920876
473899504
452821751
473958242
473963480
452797579
473896816
452864839
452829597
473959046
473964266
473958932
473926834
473964208
452806162
452857521
452865370
452865290
473897152
473904052
452821833
452827677
452860222
473903001
452804216
452821676
452864930
452797519
473927839
452829914
473956528
473964376
452798071
456760879
456761947
456760652
456707327
456707300
456713135
456713121
456754833
456712570
456755331
456714416
456761439
456760126
456760091
456713255
456755487
456708079
456760835
456760703
456761887
456707943
456713367
456761445
456760834
456761931
456707899
456708091
477290735
477289294
477289390
477223462
477230555
477222602
477223556
477230457
477282945
477229214
477281935
477231178
477282794
477223262
477223519
477289463
477230510
477230516
477231434
477230134
477231189
477223459
477243358
477235881
477235943
477236756
456702839
456702681
456701818
456701900
456702742
456696153
477234502
456695306
456696143
456696135
456695217
456694119
477235802
477242331
456696014
456696213
456702623
456702752
477235815
456694106
456702746
477235833
456694755
477236530
456696009
456695348
477242037
477284015
456701217
456753298
456700594
456700559
456754053
456753391
456705911
456706713
456705994
456706779
477224858
456700719
456706495
456753483
477224510
456706514
456753515
456753302
456700503
456701162
477224863
456701511
456753310
456753429
477283970
477223987
477243094
477284147
477290055
477236407
477236468
477288764
477243063
456761314
456701287
456702566
477224722
456706640
477222662
477222743
456707096
456712466
477235078
477282075
456712431
456712447
477284042
456754683
456694563
477224719
477284050
477290078
456754083
456707191
477282128
477284102
477243083
477243187
477241215
477290528
456702799
456714489
477223343
477223929
477230666
477229351
456712459
477234611
456702003
456702008
456713162
477242395
456714619
456695276
456701871
477243093
477290859
477241160
477242530
477290835
456759957
477231394
477231339
456705776
477229810
456713126
456754802
477242407
477289947
477235149
477283340
456694699
456720635
456720628
456721185
456726526
452818067
452811393
452811459
452811344
452810662
452812139
456719997
456719331
456719320
452817346
456720443
452812575
456725728
456725734
456720452
452812773
456726380
456720515
456720508
456719307
452817867
452817393
452810733
452811316
452811920
456719793
477249880
477249802
477249935
477249934
469438067
469438196
469437250
469430253
469437970
477246580
469431898
469431923
469431981
477246657
477247312
469432763
477254314
469429544
477254212
469438125
477254303
477249854
477254296
469429280
469432774
477255074
477247220
469430128
477255026
473916826
473910140
473916951
450041194
450042095
450049898
450043354
473908943
473908017
450042422
450042411
473908161
473909330
473909343
450043211
450041315
450042482
473908221
450043406
450043352
473908881
450041979
473910134
450049095
477247833
477247979
473910807
477248560
473910927
477248548
450044686
456717755
456718574
456718018
452809139
452810061
469431578
450043875
477247715
456717808
450043958
450043948
473910921
477248534
452809295
469430926
450044079
477247826
473910806
452809413
473911520
473916298
473911468
477249087
477249094
473916291
450049307
456718474
450049298
469437399
469437380
452817059
452809922
469429383
452817063
452809942
469432126
473908300
452811866
450042747
452809948
456725591
477249063
450041372
469431460
473908376
473916202
452817124
477254414
469432028
473910992
473916284
477247948
450044612
450044073
450042047
456720374
450044066
452810006
469430648
469430061
469432168
473908367
473908034
477247233
473908167
456719236
469431911
469432696
452812562
456719768
456720431
473909355
452810128
452812700
473916878
452811244
473911664
477249081
473916160
450049305
450044684
456726446
450043760
456721286
469431454
452810542
469430660
469432834
450042556
452812718
450042508
477246453
450043892
452817410
469429515
477247167
456720566
450043748
473916064
456756298
456756623
456756263
456756943
452816483
452858979
452858731
452815967
452816409
452858191
452823267
456708575
456708633
452822488
456708628
456708634
456708771
456708573
456709096
456724486
452823019
452858335
452858251
452816421
452815887
456756871
452816679
452816025
456725007
456756165
477253882
477285585
477284899
477285333
469436519
469454039
469453307
477225179
477225256
477226102
477225177
469436176
469488938
477252916
477225838
469436200
477252981
477253814
469489607
469435881
469435948
477285254
477225439
473915627
473915337
473957067
473957531
450048442
450100593
450048698
450100579
473897462
473897543
450047843
450047923
450053691
473914630
473898435
473914701
450053030
473957783
473897519
450053169
473914695
450047925
450052975
473957078
473897551
473957594
450048351
477238060
473922231
473921488
456696635
450065114
450064876
456696890
456696561
469441226
469442075
452798577
469441150
469441426
477237074
473921307
469441395
452798927
477237981
477237976
473922143
450064862
456696806
469441486
450065775
473921482
452798656
477237778
473921931
477284807
473957127
473921902
477284731
456697252
456724315
456755932
450047962
452799235
452815743
452799238
469435994
477225406
456708506
452822355
477225367
473921879
473921871
450065524
477284707
456708439
456724251
473957138
477238041
473921543
473957203
456697523
450101440
450101438
450101183
469436523
469441879
452858630
477225393
473897799
450053320
452822415
452822596
456708549
477284591
477284582
452816656
477237374
469453689
456756855
473897479
473921962
473957806
473914804
473957181
477284895
456697543
450065602
456756914
452815870
452815749
477225454
473897733
452823266
450053908
452822678
452798935
450047920
473914642
477284667
469488975
452858918
450053164
456720982
456721031
456760231
456761575
456725104
452858859
452817723
452864770
456714034
452829142
452823879
452829088
452823884
452812535
456719734
452859520
456712655
452812527
452817740
452829128
456756735
456720971
452816547
452812532
456709303
452823190
452864734
456707383
477254948
477290212
477249616
469496672
469429978
469436738
477225995
477225994
469453904
469453810
477222803
469453832
477229459
477282299
477282254
477282262
477229418
469437859
469455719
477288794
469495280
469459676
477253742
477222871
473916668
473963643
450049771
450108506
450041827
450107192
450049730
473904255
450060995
450054299
450060908
473908670
473902867
450048495
473915408
450060950
450054355
473962268
450043150
473916686
450107151
473915414
477242692
473922083
473922682
477242612
477237915
450072779
456694232
450067564
456694160
450065644
469442002
469449058
469441940
469449123
456695495
477234674
469443802
473920127
473920047
456695482
456697343
450065655
473922003
477236003
469442480
456702086
452805316
456697347
473927954
473920052
477241379
473926643
473958327
477241288
473911371
450071554
456753583
452809811
452809807
469447731
452821162
452821142
456706054
450071463
473926624
452803996
469431232
477241352
477248343
473957668
477242655
456726236
456761474
450107116
452817710
469489463
469429922
452805362
473898272
473904207
452821223
473904206
456695539
450043096
477229415
452799424
456700827
450055687
473916664
477236011
477236071
450044470
456761546
456720974
450103196
452816530
452858834
477224216
477222891
473902894
477229455
452812526
469491315
456700772
450049684
469455711
456725131
456762165
456724595
456761901
452816615
452858975
452865381
452817247
456708047
456708620
452823208
456713059
452827833
456719163
456754768
456754773
456719716
452829603
452828419
456755432
456760055
452816073
456719829
456754964
452817244
477284908
477249263
477288883
477289355
477254536
469436588
469436589
469488727
477226048
469461722
469453886
469461200
469432643
469432636
477246355
469459883
469461595
469453742
469492084
477247144
469432742
477231271
477246356
477249914
469459880
469437232
473957735
473963667
473957587
473957583
473963072
450048695
450101492
450107179
450041834
450053852
473896353
450055088
473896148
450043395
450102741
473956466
450049211
450043263
450061559
473896811
473963467
473908869
450060369
450060236
473964254
450054427
450109071
477242687
477242680
473922087
477236684
450073694
450068288
456702758
452805975
452805981
452798651
477235360
450066302
473920168
450066435
477235359
452800700
477237122
456694048
469441467
477234764
469449321
469441204
450068283
477284200
477247936
473911395
450071543
456753981
456701438
452803862
452857591
473899713
469454423
469454414
456705935
456705926
452821228
456706119
452809455
450043922
452809192
469490241
450055747
473911507
477248468
473957188
477284783
473957187
473909656
473923208
473963731
456702500
456756004
450100826
469436059
469496702
452815803
452805842
452823663
469455788
477235103
477282087
450042740
477225379
477284774
456707119
477242683
473928751
477253623
477283412
477290535
450107752
450043796
469438155
452864786
469490636
469449187
473904333
450053176
477229293
450102736
452860226
452799907
456725762
473956336
456755426
452797531
456761505
456760876
456724544
456724604
452865382
452864781
452811475
452811343
452864769
456714568
452822552
456707254
456713973
452812123
452828631
452859525
456755332
452812449
456714382
452817391
456724462
456725719
452858336
452810815
452858300
452811403
456708608
477290740
477290193
477249262
477290584
469437933
469497578
469495970
469435930
469496246
477231472
469453809
477225250
469459713
477246358
469492298
469431991
469492178
477288562
469436673
469429603
469495934
473916790
473909551
473964183
473909539
450042115
450101230
450107942
450108477
450107822
473897139
473896150
473897552
473955627
473955615
450059798
473898212
473904771
450102614
450055022
450100508
450109082
473921492
473927973
450065734
450072873
456694816
450065804
469449057
452798271
469449194
452798127
456696220
477234777
469444042
473919891
456696764
477235216
456696752
469449866
450072986
473922615
477242032
473927211
477247963
477241228
456718579
456753561
456700552
456701416
452804074
473899131
473899119
450055750
469454361
450103286
469448006
469455074
456754228
473958435
477253088
473958982
477249163
473962419
477284104
450065576
450072314
456761308
456761284
450100820
469431439
469436000
469429450
469495454
473904411
456706636
477222694
452800575
452827630
477246427
456754624
469436012
473908351
473910151
450065600
456761296
450047720
469436661
469447934
473898981
473904399
456696196
469459629
456719107
450108566
469469289
469469744
469473641
469473646
449598596
449592585
449593292
449598388
449594093
469468557
449593967
449594480
449598070
469468355
449592713
449597996
469468397
449594085
469473160
469467872
449592599
449592597
469468409
449594608
469473237
449594086
469469284
449593241
469468016
449594036
450085666
450081657
450081572
450085133
470203797
470202999
470209523
470203773
470202975
470202920
470205905
470206378
450078275
470205627
450078221
470209810
450084795
470203271
450080919
470203241
470210204
450085460
450080913
450081101
470209545
470205848
450081634
450081123
470202989
450081687
450739064
450733125
450733726
450733667
450733636
450733655
450738406
470780505
470779815
470779832
450732479
450731740
470775275
450731596
450738202
450732263
470773288
450732275
450732982
470780560
450738855
470773175
450733053
450733580
470773833
470780559
450738201
450731684
470779774
450734399
450735040
450079797
470776150
470776673
469467225
469466645
469466703
469466387
470775874
449591339
470204248
470204308
449591337
470204379
470775941
450734237
469466578
469466487
449591391
450734501
450079655
450079780
470205113
470776612
450734265
450080379
450738524
450738526
450084995
450733271
450081052
470776517
470773445
470773443
470773487
470209712
449591867
449591775
449592519
449591794
470205778
470774824
450731861
450078334
470774739
449593775
469467689
449593817
450080183
469472967
449593816
470776516
469467764
450081051
470776456
450080255
450733739
450085079
450085469
470776121
470773491
449598513
470203125
470203588
449597853
470205832
449594549
450078407
470774499
470775167
449591444
450732281
449594415
470780572
450734301
450738879
470203121
470205572
470779780
450734985
450081646
450081580
469467152
470773186
470773901
470780417
470204974
470204913
470205044
449597781
449593239
470203660
470203768
450732461
450079072
469467946
469468491
470206234
470779949
469466492
449592723
450738209
470204396
449597745
469473159
450080973
470205616
452841839
452837339
452837338
452837324
452837721
472883264
472883374
472882732
472877974
472879426
472878911
452836540
452835971
452835964
472879365
472878705
452836352
452836420
472877530
452841149
472882857
452837800
452837201
472882679
472882672
472879288
472882677
452836425
452841166
452835896
472877981
452837716
472883321
473936745
473936699
454231643
454230872
454223854
473932786
473931770
473932703
473932211
454227209
454227213
454231270
473932658
473935808
473939729
473935736
454231253
473931851
454223819
454222893
454227806
454231637
473932784
473940622
473935737
454223741
473936594
473932736
474593962
474588153
474593457
454793182
454801091
454801934
454801811
454801113
454801089
454796027
454796740
454795828
474586125
454796656
454801378
454801352
474587915
454793354
474593114
454796524
474587890
454801346
474593174
454793447
474588741
454793116
474586048
474593890
474588082
474585440
474593438
474590157
473934778
473934899
474589552
474590081
473934849
474589558
452833918
452832899
452833814
454797149
452833377
452832929
452832934
454226519
454226510
472874942
473934434
474589156
454225973
454797473
473935341
473934815
472874932
454225970
473934682
473934830
472874877
473939984
473936038
473936069
474593524
452840810
452836853
454801415
454801414
472882475
454223210
454223194
454796171
454227107
473932132
472878434
454796128
454227098
454226327
472875284
472878482
452833715
454793512
452836877
452833714
452835632
473935298
472877134
474590135
473935288
474589475
474588645
454798052
452841743
452837246
454797125
452841737
454231588
472877891
474586133
473932718
474585470
474585208
454796561
454231199
472874921
474593132
473932592
473939723
473934484
454231589
474593918
452835800
452837248
473936546
474593981
473940646
473940688
473940160
454797945
452840902
452832896
452837726
472875334
472877438
454230856
473932065
452835890
454795757
472878830
454231198
472874948
454793398
472877522
472874876
452832920
472877918
456738344
456738332
456737926
456738287
456738329
476863174
476856587
476856579
476862380
476856575
476858709
456731787
456731074
456731350
476858441
476859154
476862605
456737655
456733667
456733640
476862586
456731733
456737672
456733899
476858420
476859207
456737865
476859094
476863181
476859045
476862401
476862377
476859021
477267118
477266963
477266589
477267113
477263096
457557274
457557261
457558178
457549352
477258275
457553255
477258206
477259193
477259034
457549652
477262535
457557209
457550085
457558138
477262958
477258656
457554009
457549325
478566513
478566525
478567155
478567294
478573899
458698535
458690759
458689826
458690627
458698448
458690756
458691995
458692071
478565102
478565914
478565109
458691922
478566291
458697788
458697875
478565048
458689749
458697663
458691926
458691934
478566297
458689827
478567178
458697723
478573826
478569946
477259707
477259725
478569341
478569891
458694173
456730031
458693726
457551585
476855182
476854479
476854390
457551010
478568930
478568933
458693858
457551537
458694099
478569335
456729549
457551050
458694183
478569422
477259497
456729927
476854265
477266326
477266261
478573304
477260326
458694527
456730427
458694488
458698049
458698082
457557399
476862178
476862248
457557311
476855650
476862190
457553447
478565462
477258406
456730862
458698067
476858282
476862206
456737462
477260285
478573287
457553384
478569818
478569758
456730323
458690163
476855614
476855057
478569929
477267033
478569807
456730532
456733886
458694158
457557983
457550054
457553625
478565933
456730983
478565147
458691086
478565007
477259571
476855966
478566332
478569003
457554152
476858612
457549469
457550057
478566778
478567229
477266559
477260325
458694188
456738314
456733922
456733533
476862970
476863046
476855673
458691226
478564973
476859170
457553211
476858426
476862574
478572965
458689877
457550972
476862998
477259580
476855613
456731318
448737280
448742555
448742554
448742565
448737801
468778114
468778040
468784575
468777381
468779506
448736627
468779433
448736548
468779384
448736482
448742415
468777467
468777508
468784047
468779495
468784724
448736493
448737208
468777519
468777995
448736608
468784126
448736636
468777465
448737219
448742494
468777513
468779432
473258278
473257547
473262880
453471320
453471383
453462602
453463401
473255541
473255618
453465202
473254881
473257354
453470714
453465508
473255606
473254712
473262561
473263478
477907761
458024528
458033366
458026006
458025994
477899918
458025855
458025789
477907616
477901114
477901088
477900502
477899771
477900566
477901101
458025261
477900704
477908498
477901102
458033295
477903358
477903268
458027386
448734652
448734645
458027356
458027361
448734585
448734322
453464866
453463859
468776075
468775863
453463994
458027242
477902330
448734527
473255956
477902427
458027367
448734507
448734575
448734573
458028026
458028111
468776872
477903262
477903278
477907979
473257415
477901304
458032714
448735163
448742306
448742243
458024786
448735156
453470686
453470595
468777267
453470678
453462668
453465316
477900059
468778516
473254774
458027895
458032655
448735096
458032731
468778496
477903146
477901286
448742235
473256812
473263475
473257467
477902543
473262808
473262748
477901172
458025405
458024483
448737020
468777263
468777962
453470469
453465183
458025801
453464192
468779284
468777434
453462806
477901040
477902666
448743135
477901358
477908500
473256872
473257599
477902564
458027434
458024548
448737290
448734656
448737009
453464062
453470451
453470535
458026726
477900700
473255619
458025784
458026576
453462891
448737134
453470613
453465507
453463347
448738739
448738540
456732599
456732657
456732472
456733181
452834446
452834626
452835171
452834625
472876798
472875923
472876707
476857120
476857053
468780113
456732322
452834499
456732346
476857323
448738420
476857372
472875947
472876077
476857198
472876793
452834374
452834493
476857037
468780040
448739199
473259585
473259011
477261107
473258939
477261161
453466990
453467453
469465289
453466581
469464935
457552840
449590666
457552163
449590606
453466793
473258609
469465186
477260906
477260903
469465238
469465313
473259496
457552190
453466857
449590138
473258577
473258858
469465288
469465372
477904085
473933499
477904595
450076814
450076737
450077219
450077741
470201602
470201583
470201594
454224665
473933090
450076899
450076906
458028827
477904049
477904053
477903783
450077138
458029354
470201949
470201853
473933109
478567967
474587511
478567895
478568554
458692737
458692634
454794627
454794418
470771775
454794772
458692523
458692504
470771979
478567694
470771721
470771847
454794628
474586850
478568546
458692635
473933451
477903927
477903934
450730625
448738355
450077092
450730559
448738277
454794821
470772086
469465031
452834247
454794818
457552047
472875783
470201753
468779834
474586889
448738271
448738262
473933366
449589809
448738275
477904005
473258795
473933441
478567911
450730173
450730168
454795379
452834342
470772651
452834345
476857823
449589662
458692539
470771999
449590067
450730298
477260825
477903681
470201477
449590065
473258846
478567973
474586989
473934028
477903814
456733178
456733130
468780742
469465114
452834438
454794454
470772629
457552174
449589801
454224184
454224256
457552815
457552383
454224580
470772053
450730306
468780758
477904048
469465311
456737747
456733792
448737404
456733856
468784211
468780644
452835083
452835075
468777644
452835039
452841041
452841017
476862532
476855854
472876592
476862455
472876636
468778991
476858572
472878581
448736019
456731140
468784193
448742621
456731192
468777599
476855876
472878622
472882517
448742679
452840956
456737787
452835704
473259440
473262968
477261683
477262498
473257721
469465691
469465685
457557466
449597579
449597642
457557436
457557440
473255050
473255006
469467563
469467566
457557476
469467611
457557470
457553554
473255048
473263022
477258464
469468924
477904486
477908027
458029304
450080794
450084749
470209450
470209382
454224970
470202788
473931915
450078059
473931914
450078086
458026202
454225001
454230944
477900161
458029214
458026268
458032863
470202341
450078056
450080727
473939858
478568420
478566634
474587960
478568427
450732875
450738074
450738148
450732800
470779706
474585322
474585327
458691314
474585400
454795936
470774411
458697926
454795892
450738123
478566578
477902764
477902740
450734189
454797197
468776285
469466230
469466213
454225642
470204103
457550879
458693975
468776272
457550870
454225721
458694051
458693991
469466212
473939852
478566591
477262412
456729875
456733754
468780602
453462944
470775723
469472825
454225700
476854588
470209403
476854586
476855843
472877228
457553487
473931935
452835671
450078075
456731117
476858475
453464320
472874657
448734759
477908038
477902756
473256406
474587969
473257671
458029300
458697958
458024848
458027492
454795217
470779685
452840954
468776264
468784178
472876570
476855906
454230904
468778894
453465567
458032780
478569200
474587285
456737726
448738721
456734440
456734312
448739128
448742517
468777657
468777656
468780021
468784599
472876772
472877368
472876112
476862327
468779457
468778792
476858561
472879347
452835813
452835947
452835809
452836336
456733648
476857359
452841089
476862597
476863121
452841093
468777340
473263499
473258084
477262948
477261809
453471285
469465772
469464969
453463019
453463361
457551962
449593220
449597841
457553565
449593697
453465215
477258590
457552367
473262569
469473083
449597968
457554033
457554164
473259566
473263490
469468329
457550201
449589989
477904655
477908093
473936543
458033201
450080783
458024489
450077198
470202453
470210300
470202903
454223786
477900170
450078191
458025813
454227617
470206205
473939708
450080828
470203173
450077199
474587495
474594032
478567244
478568487
458693253
458690078
458697680
450738844
454801815
470773811
454793312
470772567
458692005
478565320
478564995
450732242
474587822
470775123
458698467
478572921
450730341
474588746
478565132
474589347
474589349
477259648
477902507
478569351
450079766
448735252
468776337
470776574
452833835
453463887
449591056
450734225
477259516
470776576
472874465
477259910
477907916
474593499
478566716
477907911
458692840
458024753
456733516
454224515
449589855
472882382
454223128
470203035
476858237
474585579
450078323
468776680
478567949
474586697
473933433
473934088
450733173
456737870
470775740
470779697
468775892
454231708
449598363
457550199
470774597
478565129
477902372
468779318
477258987
472877498
456734452
448739073
468780776
452835105
452837025
476863048
472876654
472883247
476855788
472882707
472882533
456731806
448735973
472879275
456733636
468784049
448743149
472876076
473263553
477261248
477266518
477261776
453470925
453470853
453471245
457552916
449592297
449593090
457557964
473254877
457557640
473255477
477260890
477259000
469468358
469469270
449597870
477908109
473933504
473940171
458033381
458028896
458024549
458028416
458032414
450080769
454231582
454223085
470202910
454222851
458026001
477900189
450078266
473932251
454226949
470206274
477901013
450080858
473935803
450079046
450076748
470203250
454223679
478567964
474588171
478567096
474588147
450739058
450738129
458690686
458690620
470774602
450731738
474585519
478572964
450732314
454793379
474587811
454794680
458691844
474587949
450730412
473256869
473934771
477260452
458027578
450080302
450079850
456729568
453464338
454797285
469467142
454797147
468775985
470775669
449591906
454225515
454225575
458027266
458693854
448734521
457550968
470204390
473256857
469466366
454797075
478568108
473933384
473940051
468779852
468777185
469467038
454226355
457557400
470209658
449589800
472882390
476855584
454231035
470774822
450078322
469467758
457553416
477262264
473256929
477901961
474588771
473256269
450734966
458024801
452837643
476857820
457553620
472879335
477258388
450734294
470203190
448737065
469472239
469472253
469471931
469471927
469493069
449628299
449628880
449628658
449628652
449596605
449628682
469457471
449605185
469457399
449605193
469457926
469457464
469457699
469471819
469492901
469457959
469457435
469457957
449605161
469493567
449628631
469457434
449604897
469493632
449604607
469471924
449597201
469493068
450105466
450104885
450084033
470208775
470208801
470250443
470250963
470208250
470227547
450057166
470226939
450057106
450057874
450057658
450057635
470227211
470208543
450057677
470227515
450057131
450057675
470208549
450083554
450084315
450104931
470226943
470250753
450737743
450768706
450768767
450769420
450737099
450737452
470779019
470821557
470820755
470778442
470778439
470820763
450721252
470785905
470785180
450721175
450721041
450721239
450768646
450721571
450737673
470779048
450737475
450768634
470820676
470821222
450069839
450069250
450745666
450745085
450069167
450069160
450069233
469446107
470797713
469446035
469446029
470214934
470215017
470214868
469445387
470215083
470797139
450744807
450069040
449580893
450069221
450744928
470797119
470797191
469445524
470214958
470796940
450737194
450083623
450069503
450745409
469445854
469445815
470797450
470820941
470821023
470797475
470215378
470215323
470250622
470215372
449604399
470226815
470208352
470215351
469457171
470215347
470250593
470785348
470208377
450745330
450745335
449628161
469492804
450084016
450769377
450104872
450737039
450769113
469445549
470797519
469492827
469493287
470778459
470820703
449581161
449580739
470214851
449628873
449628603
449628151
450721192
470785061
470226887
449604393
470785199
450721589
450721588
469457645
450083495
470227215
470250715
450069009
450069795
449580605
469445284
450737477
450744943
450737093
450737157
470778729
470796919
470796943
469472187
449581435
449628214
470251048
470250621
449580691
450721181
470785037
470227540
449604321
470226958
449604591
450104596
470820809
470785637
450737145
449604627
452861578
452861309
452840195
452840191
472881382
452825986
472889392
472889452
472881515
472881509
472913231
452825728
452840183
452861033
452839917
452825407
472889962
472889661
472913038
452861572
452825335
473939361
473960219
473960503
473959954
454230443
454282343
454282342
454229450
454282918
454229541
473900531
454258593
454258990
454258925
454258526
454259255
454282711
454282706
454259249
473938454
454258557
454283213
473938769
473938473
473901019
454229853
474592761
474623806
474592132
454800707
454853517
454799757
474565005
474565072
454816954
454816941
474564083
474564974
474564976
474564081
454800059
454800019
474591866
454817519
454852858
474623476
474591799
454817534
474623551
474564799
474592439
474592437
474623714
454817183
454817174
454800676
474592490
454816939
473924350
474599980
473924332
454829745
454828739
454829171
454828769
452801217
454828774
472853697
472853435
472853332
454246641
472853422
472854278
473923858
472853729
473923882
452801510
472854293
452802167
473923934
454829152
474600095
474599777
473924858
454829025
474599978
472853333
454829692
472854257
474592211
474623914
474600413
473959783
452839495
452860610
452860678
452839534
454800146
472854016
472881059
472912738
454282610
454282576
454229719
454247368
474564485
454817246
454817344
454247315
454829423
472912769
474592168
474564475
454817251
473959778
474600016
474600021
474623933
473938793
452801959
454800393
452840423
452861273
454853455
472881981
454246675
454282605
454282936
473900441
452825366
454816893
472889054
454258910
454799999
473923910
454259179
454852792
474623491
472853793
454800388
474600014
454246937
473959918
473960212
473924541
454800129
454853501
452861102
452839533
454229817
454230472
454247635
454283206
472913678
472881410
452825062
454816937
454258924
452825666
454829023
474623477
454247035
454829683
473959888
474592037
456737119
456737122
456736631
456736829
456737098
456757735
476861614
476904106
476903815
456710229
476880274
476879765
456710145
476879477
476880007
476880051
476903531
476903549
476903554
476861266
456710721
456710195
456709927
476879787
476903575
476861873
456710695
456757947
456757995
477265269
457556878
457609401
477227518
477227505
457585859
477226889
477226582
457556350
477227191
477264770
477285989
457609147
457556335
477227237
477265435
477265437
477285977
457585351
457556873
477286822
477286610
457609113
477226891
478571763
478571805
478614010
478614031
458697259
458697350
478554646
458701755
458701630
478554554
458696531
478571666
478571638
458749270
458749322
458696558
458696555
458697003
478572494
458702355
458702373
478572314
458749354
458749887
477239399
478591059
478591013
456698289
458725871
456698253
476844627
457561271
457561151
476844710
478590086
478590087
458725505
456698795
456698789
458725593
477238511
476844170
476843866
456698025
457562141
456697935
457561145
477264947
477239050
456736195
456757355
456736166
456698606
456736193
457561859
457608850
457555990
478554850
477226727
477226637
456709730
477226625
456698523
476860895
458726051
477286022
457608823
477286027
476844413
457585039
478590722
458749563
477286827
478614509
477286565
477286569
477286303
458696366
458725433
457561199
476904014
476843882
457585833
476879735
457585305
478555111
458702306
456698835
478590794
477286562
456736527
478572009
478614005
458696818
456737114
458750117
457556859
476860917
457609311
476844619
456710222
478554454
477226587
478554813
476879998
457609143
476903522
458749325
476844655
457561615
457608687
448741906
448772860
448741183
448741576
448773595
468783477
468825367
468782675
468789279
448725287
448725214
468789345
448725775
468782746
468782783
448725772
448741043
448741120
468789249
468825039
448741171
448725375
448773519
468782644
448741053
473261962
473293917
473261575
473293216
473261505
473293183
453521938
453522938
453521990
453469137
473233858
453487310
453469492
453487019
473261243
453522254
473234174
473261483
453522621
473234253
453486655
473293646
453486643
477949545
477948683
477906489
458031799
458031143
477890151
458037347
458036482
477889130
477889263
477889149
477889859
477889858
458037095
477948591
458036991
477889879
458037323
458084523
477907215
458031201
477907298
458036431
458084859
458031070
473245535
477913179
473246308
473245605
448713196
458048567
458049220
448714102
458048481
468765513
453475439
453474542
468765310
468766223
448713316
473245372
458048350
458048366
453474771
448714113
458048427
468766312
453474777
448713171
477913838
477906658
477906616
473261375
448713931
453469330
468824695
477889426
448725074
468789062
468789083
448725071
468789052
477906556
453486483
468789110
477906614
473261402
458084134
473246116
473293835
458049199
458084805
448741154
448772839
468766043
453469351
453474477
453475395
473233767
473233504
453486566
453486573
468789184
473245439
473261222
473261227
458084015
448741029
448741551
448772655
473293106
473261571
477913171
473262159
458048937
453475089
477889228
473233510
448725069
468765583
453474742
473292915
468765981
453475363
473246299
448741106
456722577
456721979
452813321
468801419
468801106
472866238
476867667
476867800
476867745
472865494
472865705
452813392
476867867
448748956
452813367
452813369
472865703
476868419
468801087
468801881
476868418
468801886
456722031
477251278
477251261
473270080
477250546
473270092
469433697
453499178
453498665
469434137
453498669
449568898
457573106
449568530
457574032
457573042
449568952
453498470
477250252
449569017
449568833
457573046
477250514
453498597
457573013
457573413
453498268
473269534
477924915
477925715
473912206
477925269
473912463
450046077
458060489
458060570
458060189
470191907
454234742
470191822
454234815
473911978
458060242
477924861
477925695
473912102
473912055
470191037
454235657
454235145
473912906
450045447
478578321
474576951
458713499
458713582
450709108
458714438
470762157
470761142
470762061
470761271
470761408
474575962
478578274
470762079
454804996
458714427
458714428
470762140
478578177
450709107
450709935
473912278
478578671
473269366
473269299
450709504
458060450
456721636
458060357
469433381
454805379
449568675
472865306
476867483
449568663
470191192
454805393
457573187
457573178
448748824
452813128
457573241
473269274
458060391
473912925
474576239
477250667
473269545
448748894
448749083
450045077
469433429
454805013
454805930
468801023
470761175
472865474
457573235
450709181
450045209
452813356
454805270
453498446
450045471
477924801
470190917
469433224
473912337
473270151
473270079
473912908
450046072
450709318
458713534
456722042
456721653
458061100
470761545
470762069
452814110
452813318
454235001
454234744
473269167
477250275
470761481
474576333
457573185
456757546
448773004
452839727
452860839
452860779
468825155
452839661
468825187
452839721
476861183
472881247
472912895
476903374
472912923
472881211
472881214
472865895
456710092
452825117
468789473
472889140
448725509
456710056
448741301
476903391
468801617
448725487
472912906
473261639
473269834
477265061
473293315
453469595
469471531
453498874
449628026
457556123
449627998
457573672
473233991
473233912
453486695
449604194
477226762
457556152
453498854
453469564
477226795
457585159
453522424
473269826
473938519
473959666
473959683
473959723
477925445
458031545
450083339
458084342
450104551
458060753
470208050
454282403
454282478
470191551
477889563
458036830
458036729
450045731
473900285
473959625
477889586
450104467
474591970
478614099
478614143
458714159
450768508
454799926
470761887
454852639
474564279
458701883
478554675
450709683
454799855
470778319
470784952
474564283
458696655
478571930
470820544
474623642
477913331
477913306
473245780
477238659
456698219
456698153
458725666
448713662
458048608
468765707
470796874
454828961
469445187
457561394
470214658
454246756
472853474
474599831
474599824
448713603
454828864
453474820
474576629
473924043
473261627
477265051
474623621
477286167
456698183
458714191
458060779
450744710
448749473
452813750
469471503
470820571
476844019
472881182
476903359
478554719
474564220
470784927
449604191
449604185
473900246
474576626
477906784
474591965
473269851
450068911
450083332
458084278
458031448
453469563
469492630
476903450
456710002
454816985
453486687
472889138
457561435
468782870
456736406
448741377
456736823
448772877
456757939
448741192
456757937
456758203
452813555
452840431
468783411
476868439
476903247
456710680
452825193
476880287
456709888
456710151
456710416
472889651
448772739
452860888
448741371
456722067
448772745
477265120
473293859
477286317
477250579
477265457
469493534
469493537
469433275
453499157
469433666
457609003
449568854
449605103
457585241
473261251
453486986
449604832
449568986
469457059
449604837
453498232
477924969
477949013
477949011
473939309
458031537
450083731
470191881
470208719
454282466
454282931
454230122
458037293
473900109
450045247
458084018
450057591
454229858
477906770
450057067
474591991
478571735
478571727
478614501
478613971
450709756
450769341
458749163
458749819
450709072
458696361
454800369
470778423
454800626
454805031
454816871
474564986
470761463
478571599
474623463
470785552
474623467
458696486
450736815
454799704
473246332
478591000
478590473
474599969
456698807
458049177
469446014
469445493
469445225
454828949
472853547
457562085
457561288
476844038
472853349
476844111
453474713
470215047
469446016
474599966
478590470
477925095
477948833
458696752
458713951
450069470
448772606
470761589
468800999
468824726
468800993
468782487
470215310
454282528
454247284
474564459
456709754
456709757
448725087
477239054
454282529
477907252
477924964
473269587
474592049
448713873
458714237
450745051
452813157
470820665
469493007
453522627
449569515
457562083
454247551
454282468
454246891
478554837
473900500
450104584
456757606
448749274
456757996
452840170
452839665
452840451
472865410
472865371
476903836
472866151
468790018
452825403
472889259
472889133
448725209
448725465
448725329
468782741
472881483
468825053
456757420
468825641
472913211
448749223
473269857
477265198
473269555
477286348
453499135
457573963
449596281
473233853
453486598
449604838
477285892
453498475
469471790
477250917
457573051
473293553
473912697
473939391
477948749
458031053
450083786
450084290
470208718
454283175
470208194
470191027
473901034
458036417
470226633
470226938
450045250
458037053
473938467
477889877
450045991
473912899
473959575
478579195
474592095
478572244
458697052
450768682
450709015
458713519
470761893
454800435
454805722
470821550
470821466
454816989
470785178
454817013
470761462
454805263
450721610
454817607
454800639
450721874
478614472
474624111
473246338
473924871
473246309
456698332
450745598
456697882
468766301
469445193
454829223
470214878
473245469
449580902
450068978
456698068
454247571
457561300
474600447
478590724
450737134
448740953
458726128
450083602
450083654
456757288
448740917
454805371
468800998
469492754
449568679
472854015
476903092
473233637
477226720
450057290
452824971
477889397
477913553
456721627
474576415
473262149
478590381
473245565
450745394
450768890
458725828
453469805
470778986
457556788
470250321
454246935
470785058
457585108
472889109
470227214
469497047
469493477
469469573
469473515
469469576
469473569
449628755
449633554
449593051
449593027
449598256
449632220
469457843
469461368
449605793
469456072
449605829
449605784
449609758
449594314
449629559
469491715
469473500
469493428
449633519
449632193
449604991
469497040
469469542
450085379
450105344
450084197
450108907
470210108
470251162
470251103
470251100
470203495
470257039
470227427
470227335
450054699
470229380
450057737
470229344
450060035
450078749
450078809
450060043
470203472
450060032
450084183
470208857
450061303
450738787
450774059
450769276
450733510
450738772
470779160
470780351
470826003
470825959
470779102
470825960
450721786
470791703
450719860
450719908
470790315
470821996
450767419
450725127
450725139
470779108
470827292
450719903
470785783
450738730
450772731
470826016
450750226
450746261
450745480
469445927
469445981
470799555
449586035
470221484
449579459
470216175
449582093
450066605
450743619
450066664
469444186
450745456
449579393
469442871
470799572
449581301
450069699
449581217
450734851
450770032
450080071
450071878
450071908
469466890
470823347
469448147
469490427
470204818
449591695
470220159
449626895
449591659
449591662
470787683
469454758
450056075
469454789
449626912
450103543
469454827
470220161
449603215
450748894
450748935
450073231
450103601
450733468
450733472
469448207
470802255
469473488
469495659
470779119
449586019
470215511
449633495
449592964
449586015
450057752
470229328
470787736
470217485
449608408
449608411
470779120
470215505
470791663
450085335
470257049
450738754
450770036
450107524
470823404
470827306
470773745
449586022
470221483
449591648
470216179
450721757
450057820
470227336
469456083
469460103
450732125
450056072
470780297
469457823
470228048
452841571
452840350
452863751
452863745
452863711
472913600
472883063
472881871
472877780
452825801
472889788
472890586
472890635
472894541
452825800
452859712
472914383
472893239
472881887
472881884
472889828
452840312
472914388
472893269
472879136
472881905
452836292
452859728
473963926
473936494
473936431
454230311
454290266
454230250
454290175
473904490
473904488
473900888
473900885
473900954
473904454
454227535
473932490
454286218
454265126
473940350
454290215
473936399
454259345
454288892
454231505
473940446
454283141
474592627
474624344
474592588
474624271
454801747
454793851
454853348
454859171
454860478
454819498
474561676
474561755
474585835
454796468
454800515
474568351
474593755
454817704
454796462
454823530
474624314
474588494
474600584
474605276
473924716
452805644
454836722
454836656
454836653
454247506
472851052
454254562
452800385
473920390
454250606
454831396
474597314
472854917
474597358
452805593
454247447
474605236
473922929
452805590
474597416
454829620
474600518
474589894
473926987
474603947
473926913
473926948
454856459
454856453
472875179
454253215
472875172
474565673
473899198
472886698
454261168
473899262
473899190
454797737
474603914
454856479
452804270
454226213
473935094
473958574
454835368
473926967
473922989
474601336
473924704
473963875
454797787
454801712
452841479
454832755
472875188
454283075
454290194
454223539
472881844
474564884
473900909
454824809
454259312
472889768
454824808
454250630
472914323
472914316
452859691
474564883
473924719
474625136
474601351
454800557
454797716
452863718
454230316
454284992
472913618
454290202
472917014
472886674
472894586
474568337
452836250
454265188
454820876
473940352
456758122
476909842
476856247
476908582
476861715
456710603
476886083
456707530
476882183
476886104
476880159
476884803
476858907
476908539
476903923
476882168
456737019
456707503
476858888
477290291
477290348
477265601
477262832
457557898
457615355
457609511
477230885
477227326
457592849
477230846
477223006
457592885
457612655
477229535
457591531
477229586
477227347
457591568
477286682
457553942
477266753
457556705
457592815
477286690
477288962
477282392
478567019
478619287
478619324
478573647
458757116
458757127
458702507
458709632
458703027
478555203
478559842
478565690
478612622
478612691
478612683
458691806
478561208
458708291
458757068
478559894
478620547
478561219
478620554
478553323
478619318
478559828
478596879
477239183
477242741
478592840
458729429
458733293
476844563
476844502
476842503
476842510
457561943
457562522
476850428
476844494
456695626
458726698
477234821
456702219
457561961
458733303
457562486
476850521
458726770
476842546
477241469
477260219
478595559
477283714
456753790
456730289
457551291
457567790
457609991
457609982
457551230
476855007
476849110
477224345
478557191
456700899
456730211
476878202
476901947
456706267
456730210
476901946
477224251
478569671
478573592
478614647
477290264
478573587
456698711
456702271
456753764
456730265
476861651
457609455
457610042
476854983
457615268
478561181
456710531
458709566
478561178
476846527
458726759
478565667
477230863
477242794
478596883
478619266
456736982
456761614
458690489
458733331
456707582
457588923
456714098
476858878
458750549
478555265
477227343
477286683
448741787
448778192
448773388
448776868
448773439
448741780
468777927
468783263
468783259
468825559
468830168
448725875
448725874
468789855
468794531
448771619
448771527
448729288
448736347
468794543
448724056
448771591
448776812
468831496
468790570
468783256
473262083
473298508
473263216
473263222
453471191
453522818
453528598
453522727
473239067
473239064
473239040
473237743
473290514
453524602
473234348
453471143
453487147
473231176
453465860
453524576
473293706
453463264
477949388
477901750
458031946
458084723
458025215
458090551
458025116
477890000
477895883
458037650
458037668
458026450
477900419
477947354
458033047
458025128
458043003
458033091
458037655
473250940
473244395
448718792
448718816
458056130
458050946
458049100
448718786
468766155
448712218
448712134
477911711
448718728
473246168
458049020
477919631
458050862
468772046
448718734
453475204
458049099
458050851
473256694
477950079
477950043
477949999
448717492
458027779
458086490
448717403
448717396
448770262
458086495
468823606
468823598
477890614
458038978
477890644
477918311
468776535
477890642
453481108
473250976
473250980
477955287
473293696
448717472
448741682
458084666
448776799
458090480
468823574
453463207
453522739
477895895
477889947
448725851
468787940
468790504
468766807
477911763
473255284
458026454
468779151
458026460
448710855
477903056
473262063
477914371
448735052
448742966
448710895
448734980
458090524
468772123
468776576
468764107
468825542
448724090
453488955
468790574
477894640
468766819
473239095
458037184
473263191
448749634
456720785
448750438
456720761
448750475
456722440
468807682
468803739
468807707
468803777
472866083
472864186
472864232
472870779
476868256
456719471
448747769
476870300
476874221
468802455
468802456
472866824
456719446
456719384
448754451
477254686
473270740
477249358
469434041
453499004
453506165
449569400
449574107
457573882
457575652
449566228
457575722
473266763
453500842
477246784
469434035
449566192
473270714
453506117
449574173
457577050
457580974
449574077
473912866
477925667
477925582
450041561
458064122
450041528
450049414
470189775
454235619
450042819
450042903
454238794
458061411
458061455
450042818
458068031
450042878
458064068
470193764
470191697
477931598
474581504
478579035
478579720
450709832
450709900
458716138
450706730
454812994
454806386
454812891
478577006
458714891
478584903
470759968
478579622
458716148
450709822
474581546
458714355
470760016
450707960
474577529
477248038
477248020
456718091
458062769
456718084
458717452
470763923
452809570
453499502
454808950
470763938
470192447
454237370
454237390
453499523
452809551
473911047
454808968
448746459
458062731
457574357
458062767
474576761
478581023
477925592
474574919
478579661
450045869
458062811
458068043
458068040
456720686
450045866
453498974
470759987
453502143
470759984
454237442
449566166
449570135
470193689
478577019
473266769
469434016
450714591
478578998
468801724
470759980
474581501
473269959
450045874
448749698
458068108
470767937
468799844
454812905
457573822
476874254
473266851
472866806
469432359
458060896
473274675
456720698
456724750
448753135
456756370
456756388
448774195
468780485
452834933
452816187
476872931
472869455
476904604
472869495
456708838
476880821
476880881
448726671
456724663
452834896
472911715
452816151
448739007
476872889
477261535
473294518
453504835
469465589
469436255
469489114
449572787
457552550
469453442
449601820
449601893
453490313
457587590
449625599
473259326
457611389
449590337
473915045
477951315
477930281
458029138
450077455
450100955
454224898
454224851
470196403
454283630
454283587
477891946
458040298
450053386
458040387
477891963
477904310
450077403
470202125
473915018
478615288
478615331
478568284
450766066
458751875
458751839
450730822
454853906
454811583
478555960
450718619
454818274
470783703
478555923
450718583
478568275
454818235
474622396
470819366
474622418
474587174
477915766
477915675
474598660
478591522
474598679
477915700
456696953
450065270
469441571
454830050
469441541
469441623
452798974
472852283
472852286
452798991
449578073
453478394
474598637
469441528
470795614
450742275
478568308
473259243
477930208
450048115
450742336
450100913
448774156
448738912
453478430
469489067
453467162
452816127
454224859
476872867
457611304
454818209
454224857
469436260
449590325
456732831
477237547
473933812
473921635
458693057
456732926
458066722
454853854
468768067
453504807
470196364
470202208
472869530
470213563
476904566
476904602
452822762
454259848
458040304
473897908
457552587
452858390
456722467
448774235
448753109
452861420
468777871
468827539
476862859
472913535
476909855
472918292
472883044
456708880
452822807
468789879
476882129
472866859
452828021
476905887
452828020
476872937
456731540
456761631
452810908
476868965
473274740
477288959
477262817
469489121
469429709
453502199
469495649
453502196
457549936
457575715
449592952
449590384
457616599
453490328
473231156
473255315
453492931
449570174
457573865
473262038
457616597
453463228
477908311
473957319
477927605
458025146
470197683
470251091
470257022
454236115
470189768
473897927
450061286
477887978
450078715
458085215
450049467
470202185
458042972
473962538
474581543
478619251
478568343
458714348
458714344
450773959
470821323
470819419
454795142
474563072
474573623
470774995
474585842
450725115
478573574
470773672
474598707
456697001
458050889
458050892
470797562
454832705
457569076
454247420
448712152
468766787
458049566
452805580
469449448
454248005
450073167
478595491
477283673
477950023
458062799
448770233
450769994
470823303
469490371
454835345
457567754
470204752
476866327
457574392
458039006
469454726
454820831
448722711
474565646
469448128
474589802
474587225
474593765
448714831
450734756
450733433
452799043
470797567
453529887
457611363
470255704
473899184
458044288
453487652
476878172
457553895
450725117
478588891
452836202
457612635
456734188
448773425
456722431
468780536
452861439
452863743
468827528
472866103
472869500
476874259
472918347
448725886
448726676
468791902
452824143
476882176
468779194
476858902
448729301
476870323
452836215
468779165
456719443
476886124
472914387
473297213
473270755
469489148
453528629
453499003
449590376
449593010
449632226
477230944
457585714
449604970
473231141
469453436
457576975
457612708
453524597
477282388
453524633
449629574
473269927
473940447
473915024
458029172
450048166
458087816
450105302
470196368
454235590
470208914
470257030
454283588
454223511
454283103
473904483
473897852
477894557
473903187
458061415
454265110
450102214
450078746
477894545
473916331
450054746
478579030
478615364
474576739
458698372
458720096
450773978
450738734
454801671
478555234
478555216
458702944
454818200
454824795
454796451
470762611
474585850
458714911
478561204
454807687
458709592
454824831
478590940
477914441
478592860
473928231
448714784
448714760
468766126
454836670
470799554
449579362
476842504
476846476
473243093
477911717
468766745
476845184
450745454
449579390
473249693
474577531
473249609
456730192
450770090
450044131
454835427
452809543
453523313
472857579
477224284
450056042
473232497
470192383
452821467
472886655
477286696
458694424
458084669
458751812
448710857
469437583
470797622
454835403
468823577
469496978
449567551
449574091
474564879
473900907
458040320
470785718
449603186
448723997
470231966
477947369
476905864
469497053
469469839
469496219
469473275
469469600
449633567
449628928
449632840
449632581
449632843
449628668
449593280
469457973
469461761
449606447
469456616
449594069
469467861
469491779
449629605
449630201
449629943
449608555
469460092
449594468
469492124
469492949
469495555
449598028
469460096
449605171
449629676
449592617
450085401
450084069
450107927
450085112
450085397
470257703
470255795
470251291
470208783
450054459
450055256
450078803
450102777
470253147
470253341
470253611
470232029
470233807
450102644
450102643
450084849
470257697
450055255
470255985
470202965
450737468
450769292
450774640
450769151
470780601
470820741
470773207
470826619
470780355
450721773
470785100
470787021
450727119
470775081
470774659
450725008
470790447
470775075
470779939
470786883
450768619
470779288
470787019
450745535
450750281
469449885
469445295
449580753
449581408
470222063
470216780
449582681
470218235
450743685
470798368
470798501
469443945
449582079
449586113
450072947
470797112
470803655
470803648
470799687
469445427
469444256
449581289
470216385
450072413
450080363
450734836
450071757
470776111
469490675
469466673
470802725
449591721
470220155
470252548
470220148
450723167
469454811
450722899
469455027
469455028
470204417
450735075
449603203
469490140
450072287
450738509
450745384
450772792
450103963
450081020
450107396
469471703
470826227
469445823
470209703
470215391
449633368
449579775
450726599
469455824
470788336
450731909
469459787
470790583
470232091
469491460
450102111
470205735
450103959
449579777
450733227
450734949
450737729
450745531
450770084
450068323
450773189
469466960
469496211
470251168
449633373
470204288
449596587
470257564
470785769
450719729
469444255
450060532
469460307
450768041
470798503
449593935
450722900
470208520
449596719
449608947
450108580
452841560
452865059
452863953
452861348
452865275
452839963
452837840
472882055
472913611
452825975
472895205
472890712
452824481
452825848
472893287
472914400
452827919
472894940
472913201
472918436
472893749
452829628
452841141
452865400
452837308
452835992
472882697
473939255
473962619
473940437
454230453
454231627
454291101
454283246
454289774
454223834
473901093
473905016
473896166
473900162
454262540
473903697
473932519
454286870
454286873
454227554
473931833
454229924
473932631
473956367
473963489
473956358
454229918
454259371
454282325
474624191
474592113
474629083
474593836
454793840
454861077
474565055
474564388
454816928
454819581
454819756
474569356
474570278
474568365
454796059
474621765
474621494
474568832
474621635
474564782
474586029
454794076
454820287
473928293
473928117
452806137
454837583
454833621
454833488
454833485
472853672
454246689
454247606
473920859
474598000
474597477
454251496
452805479
472859036
473927852
454832162
474605003
452797550
473923924
472859030
454836921
472850717
454250045
474590119
473927455
474625127
473959132
474625723
452833883
454856534
454797117
472875434
454285163
472910438
454284979
454253296
473899737
454821076
454821077
454797377
454253609
472874906
454253873
454284977
454261531
474600427
474604475
474627833
474589984
454857242
452863295
454254008
472882435
454249915
454258835
472887146
452800589
472855339
472855337
454251239
454265356
474568430
473903036
454247345
454265360
452823691
473962430
473924731
473935269
473936584
452840877
454835996
454856852
454859493
452861342
454801073
472877942
474565724
452829758
472887153
473897092
452824130
454227556
454832299
454287136
452805475
454829071
454290568
456738200
456758129
456734347
456736605
476863160
476904095
476908593
476903971
476879540
456707927
476886341
456713339
456731843
476858403
476885025
456736335
476903564
456707789
456707792
456736337
456714393
476880331
476886871
476856557
476910365
477286889
477262879
477289229
477262991
477289016
457616048
457557239
457609651
457557237
457558154
477230939
457592901
457593213
477222572
457553673
477282417
457615649
477229832
457591580
457593739
457617365
478567041
478619901
478619768
458756663
458749871
458698502
478555295
478553895
458701814
478559911
478565030
478559702
478565169
458708295
478555147
478571642
458757191
458689923
458696541
458697327
478565960
458703859
478592913
478597589
456698735
458726253
456694859
456693933
458730125
458726369
456698846
456702770
476844692
457569974
457569849
457563251
476850302
476843763
477234455
457565493
478588743
476846738
457561604
458725575
456694059
456698727
457561205
478596009
477241181
458694679
458732057
456753331
456701186
457567814
457610055
457550631
457568655
478557995
458705663
457586349
457586607
457551027
476854715
478568993
457551026
478557271
456701451
456706735
476878689
477283418
458753751
477243029
478597323
478619507
458694547
456698585
457557368
476862230
457563115
476849774
458706371
456713726
478553499
457588982
458708606
478612898
477282103
476844425
476847008
476855105
457587007
478616672
478620629
477262983
456698851
458730259
458756657
456734342
457568660
476909306
457609383
477224685
456705812
457589247
476858954
456731834
457591629
457551032
478572953
458703593
448778205
448777487
448742539
448777220
468784763
468825431
468783963
468784755
468832099
448724552
448724547
468790592
448725387
468778823
448771936
468794613
468795004
448731019
468826815
468777500
468795871
468824896
448742535
473262092
473293775
473293627
453470135
453529199
453463389
453470006
453487293
453494296
473239118
473238405
473291200
473291198
473254941
473262590
453522268
453530114
473237804
473239123
453525369
477908469
477954753
458092439
458092435
458031782
458037332
477890126
458026523
477947427
458085254
458025837
458037067
458043728
477948015
458037063
458037211
477913893
477913095
477913235
448718805
468772107
453475292
453482423
453483255
453477323
448711883
458050456
453477189
448718615
448718612
473244074
448718613
453477849
448711347
477903079
473250019
473292527
458087416
458028074
453464047
468823391
468824306
468776043
468776042
477890668
448722434
453487742
458039111
458039104
477891127
448717287
448734491
477918184
477890731
477903074
453463912
458027151
473256787
477903183
458031392
458056795
458087291
448772647
453522143
468824174
453528663
453476396
468831307
448725128
458036666
468788543
453486494
473237611
458050190
473290415
473290406
448723231
458092035
473262087
477950132
477901756
448719141
448773566
448736997
468782529
453524180
468824894
468777914
468829989
453474619
453463916
473232993
453487880
477895744
468795926
448712011
473290275
458031256
458044912
468826814
468777494
456726404
448749809
456720596
468801935
468808341
468801404
468801929
472866088
476868335
476874273
476869713
472865416
476868992
472866880
468803195
456719277
468803189
476870308
472865681
472865680
476874461
468803060
468803848
448749017
472870841
448747652
448750293
448751079
477255173
473275233
473275364
473271401
477254516
453502217
469437215
453498645
449574167
457574013
449566238
457573355
449566706
457581856
449569883
457577241
453502394
473267309
469437652
477250329
473267444
469429557
469437208
477925647
473909813
473910296
458064977
470191101
454236981
454234935
454236848
454236980
450042585
454239089
477923867
470193542
454243055
477924842
470198297
458062209
477931586
477927429
450041919
478580296
458717063
450707192
454813688
470760026
454807701
470762462
474574115
474581234
470760095
450706532
470763254
450715239
454813024
478581221
473267967
473910821
477926500
450044213
458717534
450710678
452810097
454809326
454809015
470193148
454237636
472863518
457574469
454238295
470764049
454809194
454809197
456717827
452809612
452809300
473910818
474578069
477254379
473274568
478578640
450706799
458064320
470764575
452809958
454806692
449568028
472865284
457575123
452811806
454238963
448747523
453500945
473911478
456718479
476874065
473268626
452810488
473912313
473912440
477251247
477926372
474575429
473274831
458068096
454806693
454809068
472865546
457581015
470189584
470762669
474574241
454808537
453501207
448746332
456724739
448738711
448774576
448753199
456756415
448774581
468780797
468828269
468827551
472876755
452823293
452823291
452822632
472888601
452816039
476873139
476881325
468780141
472875965
448774839
477261271
473294903
473273512
473273515
477261557
469489130
469435893
457612219
457580536
469453499
449601556
473234837
457552349
469488950
457588193
453467476
457587799
469489348
477261266
477904643
473957337
450100973
458067095
450101193
458029394
470202199
454283702
450053006
477892451
450053671
458028609
477930069
470225227
473957330
474580843
474587479
478584123
474623085
450766120
450765801
450730456
470820147
470819887
478555947
454819101
470784243
458720231
478615144
478556409
470767348
474580838
477915939
478591647
477237531
458052261
448714516
456696568
450742361
456697010
468768873
452798741
453479303
469441299
457564694
470214266
476845031
458052303
449578197
454830136
454248197
456697235
456732235
448773919
448752797
469441826
453526027
457552084
476856952
476872751
449589842
472911434
472911435
473234967
456708455
470783981
449578457
454854208
478568597
473957548
473246851
458728099
448753118
469436547
454811973
469441171
468827546
472869854
454283704
470249644
473235159
458704517
450718409
468791966
456722348
456733823
452841008
452811155
472871183
472916852
452825180
452823827
468796060
476858537
456719669
472893091
448748175
476906007
456719672
476879671
456757587
473261681
477265108
477285407
453469607
469465742
457552748
457580411
457549576
449592350
457616839
473235632
469455689
457589116
453491044
477282235
457612879
453493288
453469600
457612085
457576313
469468912
473297270
473962303
477954224
458029265
450107126
458084323
470191631
470198163
454235462
470249780
470256902
470209431
450053804
470233148
470229185
458043327
458031519
470250365
450054331
458064711
478619375
450713795
458722076
450773716
470767215
454805708
454793288
458709803
458705044
454818962
470784963
470786224
458703200
450731515
478577528
450736803
478580162
458755995
477238712
473251072
477913361
477913359
478596928
478592972
456697360
458728802
448710953
458051249
456702110
452799401
469445168
453474878
454836783
476845820
472858767
470214136
449585715
473243159
476846606
456698187
469445164
477919898
458729595
474577943
473249752
477248311
477926767
456700795
450748639
458694014
469447775
453500155
453500151
476866811
470251623
454253344
476878288
449602877
472857449
457567997
473926658
474599191
478592971
477928084
458063396
470768405
453479167
453530247
469495287
449567900
472881254
476905214
457576311
468767023
470774393
456725216
456758248
456720595
456760720
468828272
452841267
476903296
472869332
468790049
472890711
476858541
448747651
476905948
472914399
472865683
456725743
476903560
456733684
473275363
477289492
473293625
453463517
453506491
449574631
449596982
449628009
449628266
457573351
457609384
477226833
453491049
449606306
473238797
477246331
477258501
457612696
449608550
477264844
477223228
473938581
473940543
473960367
458032833
458060971
450085394
450085106
454283127
470248988
454236139
458037209
470226021
470233538
477923863
477947885
477924259
454289247
474576271
474623661
478567276
474588555
458697328
458757712
454795160
454812369
470771756
470773994
470773862
478561816
454818308
454819755
450767438
470821869
450731774
478572952
474593151
474574639
473921696
473928771
474600027
477914489
450065816
448710881
450746918
469445558
454829727
470804306
453474617
449578124
472850715
449585846
476846548
458050457
450066338
474597213
474597999
456695248
458052308
458733424
474577675
473926791
458028077
450711021
452804811
453464045
452833089
453499627
454835991
476849188
457610632
453488013
477224548
470220338
473957156
473936055
450750614
450733226
470819624
470820998
476845688
472863391
476904428
454236319
472916715
458040560
470233406
458026097
449608286
469473573
469495954
469495985
449632612
449632756
449597863
449633541
469461797
469461405
449610460
449606512
469455958
469457924
449610412
469460621
469468522
449630206
449608437
469456354
469469215
449606224
449596676
469461393
449594083
449628236
469493300
449597875
450105285
450108113
450083828
450109133
470251101
470255794
470203771
450061365
470227544
450054466
450055157
470233599
470227016
470206402
470205631
450102005
450057632
470233887
470250766
470257306
470203267
450057608
470209855
450102689
450078523
470253663
450737625
450737492
450733630
450733591
470821270
450721256
470792355
470786494
470775355
450725806
450725836
470790915
470822139
450731782
470775199
450732919
470790987
450736952
470792475
450767968
450769352
450774496
450772653
450069296
450744944
450746860
469449929
470797004
469443341
470803863
470221401
470214800
470216194
470222067
450067121
470798265
450067006
470221683
470797136
450750136
450067637
470804319
470797196
450745064
450104098
450079807
450103817
450749572
470776413
470824114
469490729
469490957
470776063
470204323
449584534
470220219
470220093
450056633
450722692
470788551
469454745
449603145
449603278
470788287
469466503
470252026
470252307
449584540
450069550
450080983
450774148
469467103
469492760
470824023
470802879
449591839
470203051
470257215
469455826
450719980
470229507
469461089
449593810
470798847
469448549
470221947
470797460
449629456
470773435
450084020
450103469
450107777
469448205
470780443
469466419
470802783
469495469
470250452
449632564
449627344
470221575
469456589
449605900
450725548
470790867
469468471
470774503
469468339
450748816
450080851
452861086
452837815
452865329
452837589
452865557
472882076
472883362
472882702
472918756
472895206
472889324
472890724
452829357
452823989
472890760
472879423
472893952
452825732
472894972
472877563
452864897
452825720
472889300
472914393
452865521
452837275
473960494
473963098
473938868
454290249
454289518
454282976
454230249
454259504
454266417
473896133
473896997
454266098
454265890
454267130
473938436
454290638
473896853
454259349
473956005
454263434
454258952
474592760
474623794
474629608
474588835
474627741
474628300
474588691
454853494
454853240
474564934
474570340
454824777
454819593
474564152
474569332
454796421
474620842
454823738
454796659
454796551
474591776
454860770
454855982
454799960
474585909
474562396
454855862
473923409
474605277
474605800
452806006
452797689
452798177
454829228
454255406
472858642
452800901
473919989
454831401
473920841
454249654
452800685
473923880
473928213
474605056
474589893
473958658
474625780
474625516
454797753
452803913
454797979
454856906
472858276
454285250
454285874
474565726
454262090
474566062
452804141
454821530
473926589
473926577
454856481
472910128
473928545
474604540
473940055
474623876
474627904
454797847
472858114
454254098
454289122
454254026
452829005
454258834
454262722
474561880
454855622
454832066
472914112
472918048
473935999
474605824
474624285
474601341
452841607
472883037
472912820
454291118
472887328
472889900
473898845
474585655
472893856
473956481
454855826
473932591
454285358
454289270
456757748
456734383
456758240
476861734
476910699
476856333
476861062
456710168
476886795
476880272
476858674
456730999
476905954
456731287
456710492
456760097
456755085
456761429
476882169
456755345
476862343
477290818
477266527
477266575
477265472
457549318
457616114
457555940
477227516
457584970
457589678
477223409
457589318
477258897
477282941
457612702
477258571
477282677
457613498
457549723
477266179
477258247
457589306
477282665
478614032
478567017
478619967
458697070
458757794
478555436
458702494
458710330
458701700
478553955
478561011
478565722
478612641
458751170
478613475
478613302
458703602
478555400
458750654
478566957
458689747
478561071
477243298
477243329
478597647
478593519
478593567
476842594
476843247
476846481
478588731
458727626
458727122
457565890
478592787
456698072
456702617
477239169
477234485
458726769
476842407
478596087
478616866
478617171
477241425
456700953
456729535
456700589
458732666
457551562
476849205
457550803
457567749
458705577
476879019
458705714
476878407
458706506
477224573
476854747
476902186
476902227
457610930
476901807
477239096
478569763
477266299
458694550
456701285
458733986
457556084
476862271
457568534
478557939
456709736
458709934
456730918
478565383
477235145
477239036
477243317
478566993
458690695
458755773
457551571
476849703
457568606
456710660
456714485
478553265
476884749
478588791
458749304
448778206
448778596
468783454
468784651
468831514
468825632
468830691
468784449
468784579
448730625
448731328
468791319
468791187
468826173
468778690
448729204
468796407
448741088
448726040
468831975
473257603
473261900
453530714
453528633
453522920
453487220
453489818
453489806
453495026
453493558
453524858
453525326
453493574
453470791
473257351
473231584
473234156
453487040
473262009
453524649
453465247
477949341
477954009
477906524
458084721
458091170
458091446
458038658
477894634
477895395
477899707
477895299
458037056
477948075
458083988
477953830
458090642
477900499
458025979
458044317
473251672
477913904
477913844
448718817
448713464
458049081
448711396
448713250
458051186
453475221
468772815
468767631
477912514
448711852
453477194
453477069
453477986
473244082
448712848
468767607
468765452
473250921
477913820
473256922
477950199
473249494
473292316
458027422
458087210
468776517
468776779
453523466
453481238
453487702
468787731
458039198
477890715
477918190
458039642
473232364
453523281
453523406
477920170
477920223
473257411
458048972
458090722
448719112
453462763
468782468
468788619
468789056
473231080
477894771
448729108
458085446
477947535
448729024
458043266
468789116
458024731
477903069
477914409
473297524
448717473
448743007
448737199
458048540
468765488
468764169
477890787
448725140
473232244
458026723
477911631
477947373
458031212
448742347
448776664
456722048
448754584
452813566
468801142
452810925
468808359
472871488
476874339
472867552
448747846
468802401
468802599
456719278
468802683
452817413
468803062
452810789
472865696
472867000
448749032
448750348
472864060
473275420
473275276
473270878
477251073
469438061
453502562
469433290
469437214
453502598
449568896
457581938
449565964
457577902
469431893
449568968
469437461
457581422
473267284
453506390
449569496
477251049
457581410
477931521
477927903
477927879
450049498
458061094
458069030
450042089
470191040
470191701
454242878
470190363
470194474
473909033
454239622
470193550
470194455
450049241
470194359
458062298
470191376
458061614
470190531
473910257
478585635
474581374
474575488
450709905
450706726
450706456
458721746
458721758
470762001
454805996
454805182
454813694
470762811
474574180
458715626
454808486
458714889
474574696
474577545
477247889
473911065
456717958
456717917
468799695
470763909
449568166
476867151
457574433
454237598
472862584
449567638
448746304
449567517
457575290
453500438
457574630
473912264
478581699
474575020
478581627
450044566
456725645
458063546
450041381
469433444
469437317
454813322
468807603
452810453
470197827
476867456
469432066
478577343
478577247
454808018
470193039
472865252
448748828
449566060
473269941
477931719
473269412
473275216
450049361
450714772
458063198
456721880
454805936
453498188
469429469
468801332
470767767
470192421
476870487
473267428
468802515
456719237
469432697
454805276
474581248
473267296
477248945
456725273
456756881
448738603
452834443
472911604
476880885
452822757
448726780
456709114
456724481
476904867
476857195
476881395
452815889
477253329
477284921
473294902
473273397
469489113
469489637
453505250
449573236
457612298
457551979
473235105
469453413
477225269
457580042
473273188
457580030
477225917
477261079
473273752
477284657
473915073
477931035
477951321
458067410
450100534
450101213
458028415
470201539
454284506
454224187
470196309
477892186
450053897
470225445
450053117
470196603
477903718
454241822
473956865
458040962
470196345
454242290
458067098
474622804
450730135
450766492
450766516
454795089
470772715
478556014
454818398
470783859
450718942
478615150
478556715
474580816
477237538
474598864
474598852
456697498
448714857
458728102
450742408
450742972
468768363
470796375
452798669
470795931
470213427
454247949
457563914
448714720
450742174
474598408
454830350
477915615
477903955
473921969
478583866
473957158
458752174
456755993
468768627
452815745
476845767
472875787
476904471
453490394
449572660
450053297
473258707
454260134
473914961
473273373
473273764
473933515
458692855
450730171
456756593
458088494
470767107
469465111
454853853
457552171
477892191
469453289
469453685
450076891
472888312
448774756
448749512
452811154
468804291
452837023
468782864
472871224
472876579
476908695
452825120
468796119
472894396
476882271
456713969
472867252
452835730
456710060
468831711
452811137
477265064
477286234
473298664
453467323
453505622
469430009
469468891
457581598
457609016
449631892
477230741
453486766
453494642
477226760
449570548
469459654
453493322
469467598
457612898
453465571
453467311
469436669
453526706
473916653
477928143
473916605
450077623
458067578
450101357
450101345
470191652
454242130
477889628
450053806
458038054
477888207
473902906
450078067
454286350
473955665
473900288
458060768
477901411
478578896
474623612
474575344
450768440
458756066
470768410
454813646
470773087
470767203
478554754
478561299
470784992
470791587
474569464
450708382
454808278
478577571
470790171
470768415
474587287
477237869
478596934
474599864
448713668
450068840
468768795
469449094
454828942
454836790
453476222
470799447
452801348
476844056
449578564
470221323
453477470
473920025
470217363
477902794
477259855
474603880
458693983
448717564
458086946
453464347
472857454
472863232
454285034
457610294
477224213
454820966
474603784
477237905
478578872
474605164
473958377
478566595
448710988
452858765
469442513
472852864
449584444
449566564
472877227
458705906
473896289
478589055
449608144
477947631
453524978
448741592
448774360
456720753
452841619
452863925
468801392
476903444
472877769
472877371
476903780
452829149
476880861
468790671
448725224
468802575
468826185
456755429
472917100
477253889
477261811
473275396
477286316
477262951
469433672
469496973
457558123
457616918
457575717
473234325
469453085
449610376
453488973
457577954
449594011
449629521
477258595
449590123
453494906
477908095
473939312
450101489
450104852
458084552
454242717
470257029
470256231
477891981
473904269
450057020
458038130
454263254
477924435
454266026
458032543
454260542
450083468
450041285
478616127
474628948
478620039
450736820
450738979
450768680
454801231
470760663
454799708
478561827
470783781
454817132
470787003
470763435
458708241
458715794
450767361
474620824
458751134
458704982
474622204
470826075
478592367
474601948
477913196
450065729
448711492
454831046
470799549
472854141
449577844
470216895
450066257
449586088
478596675
458729486
478581555
477283601
473934823
458717906
456729883
458753510
450043793
456700517
454857386
470204179
476866875
454253882
454261346
474581668
473258779
478583919
477930387
477290009
478579947
448719148
458088146
456694577
453481838
454837322
469496705
468764667
454806746
470257155
448725092
477888111
473955809
454279304
454278875
454276496
454278906
454278921
454362454
454358505
454357990
454357978
454358360
454357967
454361936
454361925
454359786
454359834
454274963
454359250
454275309
454359437
454275294
454362082
454358099
454358094
454358098
454359677
454358060
454359416
454362294
454278779
454278773
454276137
454276218
454362425
454274802
454275225
454358470
454357986
454274960
454276649
454846905
454846474
454846760
454846739
454846892
454849150
454849542
455015733
455015147
455015194
455010436
455009915
455015860
455013226
455013189
454844277
454843540
454843883
454843878
454844231
454844274
455015482
455015430
454844068
454848822
455010128
454848885
454843593
454846847
455015166
455015168
454844250
454846448
454844264
454848825
454846714
454849156
455012528
454849504
454172243
454167899
454168244
454172339
454167886
454914880
454920179
454915535
454920808
454916878
454167119
454916147
454166513
454166518
454166529
454916284
454166986
454167706
454166921
454167716
454166972
454166428
454915017
454168232
454920113
454915365
454171721
454171737
454914838
454167717
454915421
454168276
454915529
454171852
454169747
454845005
454845198
454845189
454169214
454169302
454917466
454273571
454273989
454917526
455011330
454356670
454356604
454356652
454356669
454357193
455011470
455011517
454169092
454844860
454844891
454356749
455011337
454169682
454273313
454273972
455011204
454273974
454917477
454169025
454357122
454844937
454356622
454917485
454172000
454849001
454849006
454167995
454846367
454171937
454918014
454278586
454915114
454915108
455011762
454357064
454357852
454361756
455015320
454166722
454359179
454843745
454274646
454916404
454274634
454916453
454171928
454167966
455010016
454357013
455012680
455011758
454166720
454361814
454915102
454275941
454167976
454172346
454171988
454168031
454846463
454849101
454846460
454917777
454276211
454273619
454920129
455011364
454362404
455010533
454358445
454358315
455012699
454916303
455012512
454359161
455012692
454920260
454848839
454167725
454844910
455013040
454917645
454169073
454274684
454168384
455010402
454916168
454169601
454172382
454172218
454167846
454845152
454849109
454849145
454918174
454273376
454914822
454915089
454917464
454276252
455015818
455015325
454356993
454357124
454356646
454916421
454916814
454166721
454359832
454843805
454843865
454844117
454915026
455010197
454274673
454167762
454275957
454361896
457602633
457605298
457605309
457602654
457603028
457688853
457684787
457688348
457686225
457685790
457601746
457601219
457685705
457601302
457686221
457686083
457605191
457684518
457602521
457602522
457605142
457602500
457686053
457686215
457686213
457603019
457602881
457605189
457605581
457603018
457684374
457684782
457685648
458743163
458743151
458745779
458746016
458743530
458743556
458743138
458746050
458995534
458988920
458994872
458739587
458739579
458992554
458739183
458738802
458992635
458995234
458992859
458745375
458745320
458995227
458995629
458738781
458989031
458739176
458992894
458739441
458742717
458745771
457403745
457403603
457399271
457399641
457403597
458900506
458893235
458893820
458894007
458894024
458900619
458896091
458896090
457396281
457396625
458895819
457396613
458896544
457402966
458893445
457398947
458893503
457398983
457396966
458896653
458900573
457403673
457403543
457398995
457399709
458899784
458896485
457403674
457403595
458893509
458893901
458895884
457397096
457400710
458742237
458741826
457400573
458897986
458897951
457599119
458897123
458897915
457598277
457599070
458991190
458991178
457681402
457681659
458990913
457681731
457681397
458991322
457681823
457400262
457681877
457681793
458897537
458897541
457401033
458741759
457598655
457681433
458991702
457400241
457681398
458741626
458741787
458741397
458742183
457403339
457400982
458745608
457399373
458742078
457598984
457604927
457602203
457602238
457602258
458897859
458991586
458995124
458991526
457688027
458995083
458896223
457396714
457685399
457685391
458738981
457396698
458896198
458900180
457688031
457598921
457604864
457684073
458745582
458742022
457602233
457400919
457688022
458742092
457399223
457399745
458741814
458741813
458897855
457598972
458893856
457605231
458893988
458897967
457598298
458995137
457688795
457688661
458989017
457684299
457688789
458992499
458738739
458896494
458995217
457400295
457601535
458893457
458742707
457602462
458739402
457688790
458741421
458895836
457602857
457400985
457403710
457399341
458745742
458742057
458900241
458900634
458897600
458893630
457603023
457598698
458893617
458897192
458991176
457682192
458989061
457684911
458988465
457684755
457684767
457688025
458739593
457601343
458897420
458992853
457400302
457598588
458893506
457684515
458893422
458896650
457685421
457399710
458992217
453518997
453515949
453518603
453516222
453516201
453680026
453679367
453679882
453679832
453685312
453682665
453513707
453682018
453513316
453682204
453682228
453513042
453684874
453518339
453518336
453515651
453513532
453516285
453513296
453513570
453682528
453682268
453513585
453516196
453513537
453685110
458080773
458077878
458078229
458078146
458078264
458330373
458323786
458322999
458323713
458329580
458323575
458323775
458327310
458074227
458073441
458326966
458073831
458073911
458326965
458329952
458074102
458323314
458323400
458077462
458327337
458080115
458323386
458326940
458327312
458323401
458323002
458080467
458322978
453394180
453394847
453399512
453399988
458140317
458140294
458133718
458133711
458133587
458139440
458140103
453392866
458134175
458134948
453392788
458134906
453394048
453393387
453394124
453399334
458133047
453394107
458140246
458139633
453394041
453394239
453394755
458140228
453399987
453397559
453397506
458075625
458075560
458075229
453396887
453397552
453512003
453511995
458137587
453512343
458137594
453511590
458324440
458324446
458324243
458324320
458324373
453678322
458074768
458074791
458136935
458074758
458136934
453677877
458074828
453678011
458137606
453678702
453678237
458075559
453677970
453678249
458080232
458077612
458077614
458077595
453394520
458137498
458133318
458133299
453518151
458137462
458324984
458324980
453678500
453679167
453679174
458324895
453678556
458327098
458134564
453393119
453512878
458327043
458324939
458139848
453681858
453679199
453393172
458139868
453518116
453679242
453678510
453512876
453397139
458075492
458074948
453394211
453394736
458080444
458080242
458074950
458137256
453511575
458132879
453518519
458324975
453685233
458323595
453679952
453682197
458073448
458134194
458326887
458134192
453513630
458139604
453682455
453513496
458327547
453397407
453512912
458073452
458323722
458077599
453513236
453684570
453394510
453394758
453394890
453512265
453518967
453515943
458136836
458324974
453685155
453677972
453393550
453682227
453393510
453392890
453682011
458134830
453682539
458080120
458074772
458329912
453399390
458074288
453518133
453518919
453511928
457498786
457494838
457498604
457498649
453590264
453589607
453584848
453586319
453586317
453586313
457493512
457492984
457493457
453586241
457493458
453585772
457493314
457494119
453584396
453589733
453585761
457494232
457494237
457494764
453586125
453584397
457492988
453584445
454077225
454073387
454076765
454076817
454077296
454076818
458227875
458234567
458228732
458235207
458230871
458230522
454070218
458231379
454069949
458234807
454070602
458228230
458234747
454072577
458234799
458231255
454070613
458228693
454073307
454070201
454073180
458230868
454072605
458227906
458228537
458231312
454730756
454725320
454730074
454725448
458805572
458798207
458798866
458805512
458804721
458799454
458799507
454723288
454723293
454724152
458800311
458800156
454729964
454724679
454729960
454724012
458804735
458799496
458800113
454729941
458798116
458799572
454726257
454071347
454072060
454726127
454726264
457491393
457491579
458801027
457491609
453582940
453583600
458229995
458229485
454726006
457491448
454071221
457491461
453583060
454725989
457491520
458801031
458800977
454726005
454071334
457491477
454072011
454730228
454076626
454724891
454072661
454724920
457492043
457491982
458798410
457494039
457494041
457492001
457497944
458801499
453584183
453584182
458229867
458799724
454723546
454070099
454070007
453585449
458230715
458230709
454071860
454076615
458798392
458801440
454070024
453584146
454072671
454730561
454077152
454072727
454071527
454071520
454726113
454730212
457491381
457494027
457494227
458798804
458800815
453589528
458230721
457493433
454070159
454723431
454070548
457491509
453583529
454077147
454723436
453584777
454726796
454077220
454726114
454073248
458801494
458805406
457498659
458798409
457494243
458798909
458798837
458235196
453590127
458228086
458228013
458228554
453582932
453584967
458231326
458799581
457493439
453585574
454723481
458231308
457498131
454071212
458801433
457493973
454724729
458228560
453585627
457496145
453515033
457495577
453515034
453587229
457599779
457599966
457600036
457600422
453586929
453681347
453680632
457683533
453681287
453681340
453680962
453680909
457683203
457683124
457599851
453514307
457599838
457599846
453680781
453514571
457496081
453587182
453514966
453514576
457683534
453514984
454074321
454074714
458076941
454074258
458232274
454272711
458231874
458232239
454272273
458326379
458326377
454355866
458325627
458232130
458326037
454355430
458076075
458076161
458076119
454272135
458232653
454355466
458076149
458076473
458232171
454271862
458326030
458076165
458231873
454073865
454728118
458740187
458740240
458740470
458740468
458740914
454842167
458802078
454842114
454842942
458802154
455008486
455008401
455008528
455008539
455008415
455008599
455009260
455008414
458802246
455008835
454727319
458989919
458989918
458989986
455008869
454842093
458989551
458740437
458802225
454728111
458740174
458740863
458802868
458989650
457398478
457397805
457398400
453396165
453395638
457397741
454164994
458135507
454165737
454165731
458136274
454914239
458894476
454913440
454913705
454165060
457397679
454165078
458894633
458135752
454913512
457397859
458135764
458135637
453395703
454165137
457397866
458895269
454727538
458076239
453395788
457495283
453514162
457495307
458894915
458232010
453586798
458231970
453586792
458325773
455008743
454355212
457682723
457682740
458135884
458325725
454727501
454355164
454073969
458135890
458989794
453680562
457682730
457599593
457398064
458076357
458076882
454074041
457495350
454842893
453514947
457496069
457600347
458231855
458232243
458325839
453680553
457682853
454355273
454355271
457682849
458802233
453395394
454727259
454073850
455008816
458894775
458135776
453681270
453587153
454355202
454727589
457397814
458740901
458076424
458802953
454164990
454165206
457495563
457496091
458894622
458894889
454272316
457599963
458231908
458325693
454727266
453587055
457683195
453514294
454842209
458989985
457683183
454355296
453586911
457496003
453514906
453514846
457494394
453515825
453515826
457495964
457498349
457600304
453584552
457605030
453681227
457683395
457684258
453681148
453681220
453585922
457601033
453682072
453682074
457685573
453684737
457493096
457493092
453518393
453584538
453513162
453589822
453681162
457601096
453513140
453514852
454074586
454074560
458077751
454076900
458228315
454275886
458234871
454272582
458326241
454355744
454357727
458323181
458326220
454358955
458073731
454358981
458327223
458327201
458329818
454274538
458327206
454358960
454355658
458076759
458323206
454272533
454730338
458745464
454730286
454730332
458805174
454842802
454846074
454846122
458805116
458805171
458990192
458988335
458988388
458988416
455015080
458992306
455012362
454723674
458738867
455012367
458799832
458992371
458988364
454724999
458798528
458805196
458992328
458988414
453399599
453396034
457403069
454167587
454167620
458133159
454165661
458899907
454919955
458893299
458893352
458899888
454914764
454920016
458134450
458895940
453393003
458895928
454166237
454916080
458136155
453396017
457396467
458893312
454165589
453399580
458895944
454166240
453394383
454167580
454919969
453399591
454726350
458075033
458075056
458741574
457400405
458137086
454168967
454168918
454844717
458137059
458229611
457598458
453583206
454917400
458324525
454356406
455011048
453678138
454071591
458229615
458991010
453678186
454726395
458075026
458137060
453396054
454727922
458745479
454727920
458139743
454844775
457494354
458133140
458897315
458899926
458899928
454273216
458324564
454357647
453679424
457683377
453393017
454843419
458805136
457685492
458745471
453584513
458745533
458080384
457400396
458136178
453511808
457494387
458133102
458805113
458899930
457600227
458234872
458990261
458990189
453678188
453679431
453679479
454916022
454070290
458073724
458799893
458073760
454843457
453394302
457496132
457498389
453515009
457494257
453518543
457495602
453587493
453590096
457605044
453584591
453584944
453681209
457684240
457688273
453681328
453585906
453682217
457492804
453681954
453513261
453682612
457686035
457688406
453513524
457605114
453586268
457686033
457685636
454074575
458080373
458076404
454072818
458077734
454073219
454076777
454074165
458232572
454278507
454272294
454278837
458329856
454361861
458325621
458230989
458327298
454274555
458074251
458073861
454070576
454076943
454362258
458074256
454073343
458323602
454730348
454727970
458743487
458740492
458802930
454846830
458798819
454846436
458989715
455015795
455015661
455009847
458989580
458988212
458800271
458992360
458799606
458799609
454843799
454843792
454727295
458798288
458802267
458995470
455008857
458798152
453400137
453395687
453399476
457403081
453400000
454171784
458133176
458135799
458895208
454915468
458893832
458894543
454916795
454916265
454916135
458134185
453399339
453394067
457396949
454920220
458139772
454920225
457403079
454726749
454726745
458741639
458075176
454168953
454845114
453511935
453511854
453583629
454917387
457599040
454917455
453583624
457681407
455011168
458991246
458991245
454725959
454725953
454071231
458324394
457491489
457400439
458800792
453395813
458745596
458077559
458742030
454169543
454842401
454846301
454848942
458234651
454272032
454273815
458229891
454917976
458325755
458995073
457682775
454361735
458323076
454361729
453585471
457396684
458738991
453393140
453397359
454166636
457399323
453399654
457403289
454072689
458075180
457496127
454848749
454844984
454846829
457495599
458235304
454920357
454272688
458229236
454276456
458989709
455015657
458322940
457684707
458134581
458992565
453585477
453392874
453513519
457495748
453518837
453515909
457495568
457498222
453515933
457605250
457688206
453679437
453679961
453680696
453681284
453586302
453682089
453585654
453585594
457601344
453682001
453682486
457686076
453515645
453682469
457600245
457601728
453516281
457495556
454072953
458078225
458076908
454077294
458232694
454272716
454278441
454276671
454276198
458325886
454357971
458323769
454070670
454359303
458326040
454076562
454278706
454276095
454362015
458232260
454272176
458323221
458322953
458230578
458740244
454725342
454730682
458746012
458802548
454842814
458798158
454849155
454849131
455009192
458988417
458989072
455010514
458994856
458738734
458739112
458802248
458745352
458990217
455010543
458742813
455010411
458804730
453395708
457403740
457397744
453399478
454172367
454165246
458895334
454914081
458893240
458895141
454916025
453392878
457397092
458894756
457396954
458893438
457398916
454166919
458134485
457399708
458135492
457400385
457400704
458075578
458074973
457400524
454071534
453396957
454726194
458801106
454169739
454845003
458136797
454845543
453583270
454273371
453583014
453677921
453678105
454357179
458324369
457681828
454844871
454917591
458897452
454071918
458740328
453394469
458802428
458139893
457497918
453514222
453514184
454846359
458897860
454273822
453584158
453583470
453678526
453680564
453679169
457682080
458799726
458992504
458134565
454070022
454723554
458327069
454070070
454074644
458740376
458077805
458801490
454165748
457494357
454846371
453584517
457598692
457605232
457682984
457684696
458739532
458135648
454362003
453513497
454167723
470243002
470245628
470329197
470329054
470325041
470325092
470329005
470325983
470326493
470326103
470241502
470328755
470241944
470242810
470328789
470326137
470242052
470325186
470242937
470241659
470326002
470325188
470242054
470241488
470245889
470324793
470325078
470243206
470329002
470813638
470813622
470813493
470813240
470976585
470981938
470977293
470981924
470977185
470976584
470979251
470979244
470810586
470810590
470979297
470812979
470810814
470810862
470979754
470979534
470810975
470976909
470976904
470977139
470979272
470977137
470982570
470810974
470813632
470976654
470810588
470982129
470138973
470139104
470134997
470138921
470135014
470139101
470887427
470882265
470882072
470887480
470887540
470886873
470133837
470133166
470882879
470882872
470882993
470883580
470887001
470138380
470133646
470881688
470886964
470133693
470138447
470138909
470133154
470881738
470882936
470138584
470882924
470881589
470134600
470812319
470812253
470135898
470135946
470811911
470136418
470136425
470884475
470884506
470240746
470884187
470884446
470240050
470978045
470977906
470323319
470977901
470323377
470884385
470323451
470240152
470323458
470978586
470884859
470884457
470240697
470323343
470323336
470977929
470323205
470978241
470884469
470978094
470135944
470135932
470136344
470138674
470812160
470813045
470812182
470815702
470884787
470240600
470242734
470881880
470982070
470323763
470323714
470976791
470324501
470976760
470325846
470979353
470133382
470979364
470810441
470813032
470134685
470976740
470133392
470325824
470812180
470242678
470134732
470245325
470816084
470134745
470811896
470813447
470139065
470884775
470240608
470243195
470245564
470243324
470978495
470328524
470976773
470977948
470328599
470977953
470979501
470133131
470241407
470810279
470241402
470133656
470241868
470133653
470978490
470810805
470810936
470324634
470136080
470815725
470134626
470134978
470134962
470884904
470884498
470245636
470240288
470881857
470982593
470329168
470324692
470325040
470325897
470242006
470884340
470240206
470324776
470881722
470887014
470138442
470324656
476898693
476895754
476896042
476898414
476898791
476898654
476895777
476898702
476981866
476977882
476978013
476894877
476894818
476978766
476894297
476979294
476894470
476894687
476894699
476895668
476898779
476898645
476978804
476896001
476977857
476898809
476978022
476894432
476894468
476898425
478609400
478606511
478606914
478609163
478606772
478609530
478934277
478934174
478933342
478941179
478941176
478934126
478934121
478933330
478939150
478601229
478600662
478938618
478939154
478939379
478601506
478601480
478605938
478605990
478601458
478939394
478601615
478609463
478933871
478601216
478934090
478934097
478601494
478601540
478934230
478933833
478933254
478609066
478601588
476601245
476601293
478847002
478839225
478839095
478847060
478846994
476593907
476593325
476592935
476593850
476593329
478842177
476592893
478843007
478843006
478838711
478838614
476596931
478838708
476600909
478843172
478847096
476601611
478838246
478842242
476593769
478842646
476593916
476601830
478838709
476597254
476593328
476593725
478847057
478842572
476598786
476598801
478605537
478605137
476598738
476599145
478844070
476890918
476890905
476890474
476890869
478844421
476890510
478844102
478937315
478937255
478938141
478937313
476598218
478604578
476973677
478937774
476598707
476890859
478604661
476890370
478605102
478843989
476974030
476890913
478605590
476973486
476598213
476601438
478609031
478606331
476597422
478605438
478608966
476897915
476897891
476895170
478846662
476897886
478938107
478933750
478933721
478941569
478938010
478938038
476893949
476593457
476978370
478938962
478939007
478941620
476978402
478605368
478606295
476981021
478601048
478609022
478933702
478605449
478605570
478847111
476890893
478839186
476896103
478846184
476895260
478844090
478941657
478937681
476973926
476977802
478941209
476593509
476894774
478842782
478608572
476977547
476977544
476979125
476979129
476981898
478609358
476895573
476898341
476601834
478606505
478609102
476601294
476597322
476896178
478843496
478844420
476898782
478846926
478938236
476977442
476973526
476593521
476978906
476894782
476593854
478939397
478604650
478838610
478601453
478937744
478938057
478604660
478838781
476973500
468820438
468817614
468986747
468986601
468981479
468980805
468986092
468986555
468981464
468815085
468815152
468983454
468983644
468984100
468814689
468983963
468814996
468981035
468817138
468981054
468986346
468986348
468981292
468980768
468983985
468986350
468820432
468814496
468980802
468986050
477944144
477944145
477941242
477944229
477944099
477944274
478276906
478275890
478268051
478268060
478273878
478273355
477935862
478273305
478276494
478276520
477940619
478276424
477936222
478274135
477940703
478273322
478275938
478268024
477944182
477936129
477941498
477941606
478273784
468606466
468600658
468600647
468600634
478086695
478078821
478078778
478078772
478085902
478080563
478080803
468597998
468598660
478080818
478081424
468598520
478078180
478078250
478081331
478081328
468605602
478080868
468606494
478077921
478078712
478086626
478086166
468606502
468598449
478078756
478080800
478086604
477938998
477938602
477938524
477938946
468603491
477938334
478083750
478083789
478083801
468811586
468811547
468812462
468812110
478270972
478270610
468978082
468978160
478271541
478270641
478083467
468811756
468811850
468978366
468603014
468811845
477938903
477938502
477938500
468602937
477938902
468978130
478083220
478270698
468603878
477943546
477940902
468600892
477943614
468603772
478086395
478086392
468812288
468812378
468819466
478084010
468978611
478268338
468980528
478268306
468980552
477935618
468598211
478081067
468598250
468600818
478084060
468603730
468814136
478268310
477944073
477944204
468600906
477940967
468601136
468605884
468606544
478086657
468819503
468817305
468817562
478085867
478086650
468978812
468980721
478268788
478275920
478276838
478273809
468597698
468814216
468597971
468814398
468603008
468814926
478084168
468603009
477938306
478078209
468978150
477944206
468600873
468600582
468601182
468603296
477938817
468812494
468811496
468820010
478276768
468978705
468986750
468980457
478268764
468981446
468983193
468597706
477935686
468815078
477935908
478083464
477943348
478268530
468986702
468817586
476787947
476787935
476787896
468891562
468891693
468886420
468890980
468891056
468891515
468887757
468887213
476785972
468887093
468887080
468887686
476786037
468887621
476786476
476786444
468891119
468887549
468887733
468887201
468885899
468887075
468891172
468887601
468891178
476787364
468886277
468887024
468890998
469945079
469944490
469944923
469948451
469948977
469948449
478172937
478180955
478181649
478173032
469941117
478176893
469940573
469940134
478177322
478173370
469944058
469944086
469948055
478173332
478177365
478173893
478176968
478176965
478177785
478181873
469944542
478176932
469948490
470597147
470602365
470596484
470602288
478752105
478744199
478744103
478751168
478744034
478751181
478746106
470593595
478745834
470593846
478746818
478746082
478746706
478751387
470601410
470596138
470601436
478746693
470601676
470596220
478746764
470602298
470601489
478744192
478743994
470597885
469943080
470597805
478747618
476783985
476783990
478747139
478747526
476783450
478747173
478175939
468883036
478175834
478175673
476783260
476783278
468883257
468882809
476783920
476783001
478175608
476782997
478747624
476783337
469943662
468883121
469943210
470601884
470596625
469944419
470596607
470598316
470596556
478751525
476783842
476790971
478751486
478743608
478748018
468890762
478181114
468885512
478746310
470593895
470593889
476785636
468886768
470593961
469940426
469944317
478747960
476783860
469943530
470596622
478747924
469943728
469944405
470596432
478751573
476790983
476787335
476783444
478751918
478181673
468883646
468885683
478746777
469940447
476786536
476786009
478746110
478177709
470594327
468891092
469948036
478743476
478177706
478177316
468887660
478745852
470597948
469943614
469948438
470601749
476790993
478744061
476787926
468890697
468891566
468883064
478173928
478177846
478177852
470594458
470593493
469940446
469941016
468887030
469948042
468885830
470601437
468890733
469940433
468890990
476789279
476789231
468816082
468816029
476789217
468816065
476788877
468889067
468888405
468889000
468889006
468982259
476976706
476976701
468888503
476788564
476788542
476892977
476976317
468982221
476976009
476893499
468815800
468816005
476976665
468982794
476789260
468815757
468982722
469946397
477939785
477939874
477940266
477939873
470237098
470237181
478178294
478178745
470320354
470320342
478272854
478272333
478178662
477939290
478272467
477939330
478272911
469945458
470320862
470237126
477939377
469946390
470320350
477940298
478603540
478603545
478604262
470599384
470807414
478748554
478748553
470973755
470973743
470973946
478935892
470974017
478936162
470598822
470807699
470598794
478748738
478749004
470598861
470808287
478935947
470807889
470808282
470599696
478749002
470973750
470598825
470808352
478603281
478748721
470973678
468602579
468602098
476595832
478082878
478082873
470130566
470131130
470130609
478841877
478840948
478841783
468601649
470879014
476595563
478841249
470879030
478082807
470130196
468601877
478082284
468601702
470130664
478840937
476596115
469945686
478603750
478603684
468602188
478082418
478082422
470130755
476788346
470807830
470130734
476788301
468888059
468888106
470879186
470237387
470237454
470974049
476975692
476975729
470320541
478748873
478841416
469945638
476892575
476892566
476596061
468602140
470599174
470807758
478603742
470599259
476596149
476596504
478603559
476596145
477939849
478082471
468815538
478748493
478841826
468888143
468888578
476892614
476892801
478271954
468981856
478936457
470879054
476892926
478749016
470974221
476596554
478603558
478603601
478603565
478082830
470130753
476789222
470808305
478749377
478178566
468888674
470879145
470237716
478840878
478272412
470973653
476975782
468982130
470320288
478936445
476595630
478272376
470599173
468982214
476976302
476788670
476791523
476789094
468819905
476787562
468817218
476791469
468819882
468888920
476898107
468885990
476895508
468891251
468982606
468980891
476786238
476786236
476894152
476978639
476978634
468887290
468982616
476894195
476787488
476981285
468983588
476981262
468814568
476893373
476981274
477940184
477940181
477941111
469946204
477943697
478181454
478173467
470242374
478181384
478272803
478276364
470328250
470321081
470324252
478177523
469940714
477935762
478273650
478177421
478177426
478177499
470325606
470245046
478276334
469946234
470242414
470241104
477941078
478604123
478608872
470601964
470596712
470808224
470808122
470812618
470808179
470812616
478941508
470981672
470976394
470976316
470976370
478941506
470594123
478600926
478600922
470979028
478746419
470974494
470808150
478749266
478749316
470981670
478600976
478606162
470812612
478749244
468600730
476597146
478086308
470138098
478078382
478086212
470138189
478838572
478838552
470886554
478842478
470132915
476593199
478842515
476601074
470138120
468600695
478846493
478086304
468605974
470886533
476601098
478080932
470138128
470598018
469943314
478604860
478604873
477938398
469943303
478604884
469943285
470811299
470135495
468811986
478083614
478176126
468883302
476890163
476890156
470239786
478271033
470322986
470322922
478271006
470322917
478747686
478271034
468978210
476783548
470598056
469948564
478608833
477943676
477943674
469948565
478751657
470808167
470811368
470134187
468888851
470237908
478173491
478936721
478271080
468598098
470594054
470594056
468883373
468817168
468602502
476596398
476601130
470596733
477941080
478747760
468811892
468817262
468817214
470815301
470883970
476898170
470242420
470886558
470977690
478933517
478842474
470882626
476593254
476593158
478600973
468814550
468819830
476895470
468820247
476787378
468817602
468891534
468886388
476976572
476977360
468983663
476979285
468814612
476894274
476978885
468885857
468817079
476976293
468891665
476786457
476789128
476894804
468815920
468981021
477943739
477939765
469944503
477941094
477939894
469948853
478181828
470245802
470243298
478178282
470243169
470328260
478268801
470325011
478274214
470325618
477936293
470241134
478273286
478176945
470326061
478276460
469948064
477939366
477939369
470245805
478604248
478606245
470596444
470599115
478606710
478606244
478743218
478751145
478934205
470977221
470976556
478934204
478601567
478600958
470810498
478938556
478600962
470594104
478939082
478936496
470974254
470982104
478743482
470599646
478744144
470815780
468606056
476601765
468601952
476601232
476601161
470134217
470134925
478082318
470887331
470881343
478838243
470882049
478081019
470132894
470133206
470882837
468598132
478081490
478082189
468605615
476595611
476593709
478841318
468598616
476593713
476601626
476593316
476598726
477938277
477938543
477938536
478083653
476783949
476783942
478844447
470884821
470884422
476889914
478843838
476973472
470323288
478271178
470978147
476973605
478270914
470811820
468602214
476601368
478606313
476790947
476790938
468815531
468819449
468815525
476786982
468819450
478086374
478176419
478181166
470881784
478272268
478276192
470976689
476977043
470978404
478273554
468598223
476785660
478842722
468598220
476893880
469944362
476601369
476598728
468600774
470135058
478841457
470886618
468891530
468886022
478180900
470594465
470882970
468814610
470810237
469940536
468811796
468981014
476789254
468817781
476791386
476788700
468891273
476893401
468890982
476892848
468982796
468986169
476976704
476981265
468983589
476979286
476978625
476978908
468815098
468814709
468887154
476979154
476791230
476894716
468815756
476895616
476786490
468886242
468819965
477944141
477941098
469945846
477941085
477939740
470237192
470242946
470237708
478173810
478276757
470321049
470320292
477935429
470241674
470326370
470245478
469944126
470245490
477941141
470245574
478609354
470596450
478609504
478749068
470815342
470813582
478743966
478743246
478936244
470974676
478935920
478600642
478936498
470594358
470598824
478603330
470976826
478938873
470979926
476597860
468605921
478082336
478078889
478841721
478846486
470887330
470882198
470882126
478842172
468598077
470133770
478082216
478086101
470130514
470138362
470133638
478086761
470132889
476601208
468603905
478605064
469943226
478084181
476783982
470811722
478937638
478271037
468978309
476973136
478271013
478083461
468883222
476973610
470135762
468811798
478604608
478083725
476599096
478604841
468602192
470598282
469943578
478609000
469944342
477940973
476601376
468819509
470815742
476786986
470812130
478846708
478176390
470887130
468885414
476980972
470593926
470810462
478842772
470879180
468815480
476977060
470599256
478604216
468600905
478082828
478084049
476791686
468811965
478743210
478179033
470240726
478271489
476976620
478270685
478842489
478274201
468597701
469941042
478843012
468986261
470138402
476787198
449622203
449622333
449619707
449619575
449619537
449705360
449701546
449701025
449701001
449701534
449618385
449702423
449617985
449618394
449702699
449705098
449621804
449701157
449702682
449621802
449702852
449622161
449700977
449701374
449619524
449618370
449619525
449702734
449622166
449617808
449619129
449619262
449701378
449619533
449619293
450759786
450760043
450760018
450762789
450762659
450762417
451012318
451012304
451005705
451005694
451009666
450755427
450755795
450756186
451009199
451009671
451009546
450759323
450759351
451009463
451009460
450759320
451009653
451012268
450762027
450760107
451005308
450762357
451011873
451009628
450762754
450755840
451011498
449420242
449420375
449416373
449419847
449416289
450910677
450909803
450910523
450916475
450909860
450917062
450913259
449412999
449413186
449413257
450912515
449413251
450912441
449413001
450913187
450910059
449413599
450917219
449420307
450910617
449415629
449419787
450912501
449412977
450913161
449416371
449419863
449413184
449417346
449417230
450758831
449417181
450914586
449615739
449615314
450913755
450913835
450913761
451007501
449698323
451007505
451007909
449416911
451007871
449416877
450914099
450758067
450758261
450758265
449615298
449698865
449416965
449615218
449698342
451007562
449698854
449417578
450758684
450759644
449419937
450762306
450916835
449618919
449621478
450910196
451011791
451005125
451008195
450912922
450755650
449617539
450755657
449702022
450755622
450912896
449413371
449621499
450910223
449700714
450912920
450916822
450916853
449704722
449621506
449416035
449417339
450762776
449416253
450762774
449622273
449614943
449615727
450910266
450913821
451008212
451005173
450913266
451009613
449412959
449412957
451008827
450912735
450916698
449702660
449619099
450758058
450759344
450914085
449413748
449618312
450759735
449413220
449704902
449420382
449416030
449417696
449420202
450914505
449614964
449622219
450909798
450910498
451012157
449704714
449700999
449702427
450755837
450912510
450916686
449416880
449618259
449419542
451009649
449702727
450755685
449618367
450759585
449415822
449417144
450762353
472907146
472907002
472907015
472904384
472906758
472986345
472986226
472986167
472987233
472903139
472903137
472987090
472987496
472906607
472985903
472903942
472903038
472989917
472985900
472906619
472985949
472989740
472987649
472904060
472907141
472986310
472989786
472903017
474617733
474615107
474617694
474614817
474950517
474949568
474942584
474950366
474947471
474609946
474946858
474947385
474947778
474942203
474614262
474947642
474942200
474950026
474950466
474615143
474942416
474609930
474947450
474609956
474942190
474946856
474617426
474942177
472610001
472606001
472609606
472606053
472610098
472605656
474855346
474855335
474847532
474855251
474854553
474851519
474850498
474850526
472602179
474850581
474851450
472605266
474851288
472601685
472601285
474854889
472606102
472601708
474854549
472602176
474854853
472607502
474613389
474613523
472606926
472606978
472899227
472898210
474851906
472982378
474945574
474945934
474946114
474946103
472981898
474612947
474612938
472607423
472981425
472898699
474613817
474852425
472898709
474613370
472898782
474613514
474613454
474613762
474614705
474617298
474855034
474852678
472903499
474852606
474949931
474946397
472982168
474941974
474949886
474946325
474609370
472902206
472902174
474946376
474949943
474949937
472902242
472906169
474617252
472903530
474949926
472989346
474613754
474617282
472605746
474847133
472607372
472609751
474617685
474614693
474613770
474852810
472904421
472904286
474950453
472990220
472985733
474950318
474850938
474609410
472987050
472602185
474947810
474946139
472606568
474614252
474950454
472987580
472609185
474613886
472985418
474614253
472606010
474613894
474613761
474615185
474613520
474617453
472605777
474855033
474846630
474852344
474942365
474851121
474609941
472902262
472987082
474850530
474609545
472987130
472981978
474616853
472985866
472985930
472981988
472605966
448766867
448764174
448764222
449016344
449009793
449009859
449015662
449016395
449015685
449009084
449015661
448759595
449012962
448759919
448759914
449013754
448759917
448766180
449009434
449015996
448766178
449016296
449016297
448766783
449013836
449016057
448766991
448760181
448766595
448766583
473284499
473284259
473619946
473612038
473611115
473619032
473611895
473612006
473618937
473611940
473616909
473279397
473278907
473616346
473279349
473278458
473616902
473617186
473617160
473286290
473611590
473283707
473611634
473279372
473611062
473284178
473617185
473619550
473619822
473279169
473616392
473616344
473284250
448636185
448629707
448636095
448636102
473334813
473325983
473326822
473333901
473325962
473327447
473327433
448627466
473327230
448627383
448628306
473327217
473328020
448635394
448628258
448635302
448628763
448636220
448629482
473333831
448635428
473328236
473333961
473326899
473280671
448633590
473280670
448633623
473331750
448758154
448758141
448758578
473331273
448758106
473613273
449008550
449007767
449008467
473331351
448632746
448758183
473612870
473612514
448633574
449008502
473279781
449007719
473331182
473280219
473612913
449008161
473331190
473612346
473331255
448635922
448635872
448629270
448629231
473280534
448635838
473334418
448763411
473332010
473613219
449015523
448628002
448759475
448759467
473616470
473331975
473616498
449012882
473326439
448635819
473327756
449008398
449012890
448629314
473611146
448635911
448629669
473284593
473284463
473284196
473332055
448764261
448766766
473613207
449016242
449008406
449009648
449007734
473619734
449012951
473327259
473619474
449008134
473326076
448629302
448759904
473286514
473280298
473284515
473331788
448763866
448758584
473334345
449008534
449016314
449009066
473619027
473612348
473619855
473616441
449013782
448759514
473327266
473617215
473333958
473617131
473286291
448766174
473328210
448628250
473326830
472705066
472701044
472701095
472704658
448914838
448920623
448914812
448914752
448917461
448916627
448916626
448917395
472698593
448920850
472704315
448917263
472700417
448920843
472700384
448920897
448916925
472698575
472698447
472700627
448913985
472698047
448921289
472704405
472698008
449325356
449320844
449325161
449321205
473524907
473524774
473516999
473516769
473520953
449317438
449316419
473520026
473520029
473520014
473524390
449320409
449320376
449317205
473520813
449316489
473516015
449324726
473524370
473520814
449320413
449321170
473520860
450632132
450625545
450625335
450631281
474657251
474664454
474665169
474657922
450624134
474657875
450623433
450623434
474657914
450631130
474656591
474656590
450624023
450624014
450624536
474664574
474656463
450631263
450624087
474658581
450624105
450624758
450625330
474657447
450627669
449317906
449317949
474660910
474661377
474660503
448912497
448912635
473517298
448912715
448913415
450627209
449317730
448912907
450627182
473518251
449317863
449318126
472696658
448912534
474660430
448913429
449317773
450627189
449324483
450625004
449318561
449324561
450627999
472704251
474661202
474664775
474661205
473524095
448913354
473516182
473520082
473520099
448916458
472697583
472697606
473520065
448916487
448913324
449318523
473518157
448916552
472697062
450625022
448913885
450628049
449320779
450625016
449324745
474665207
472704962
474657417
474657285
448913373
448914735
473517362
474658739
450623693
472697969
474660617
472698371
472698368
448914215
448917243
472704305
474661407
450628046
474656487
450628065
449320594
450631361
450624737
474661424
474660848
474656453
474657317
472701098
473518174
473517512
448920626
474658738
473520105
472697673
474657857
473524323
450624046
449317748
450624545
472698398
472697192
449320767
448762497
448762506
448762494
448918398
472899675
472900078
472899762
448917957
472983633
472983185
449011643
472982867
472983713
449012075
448762246
472899941
472983255
472701713
472983311
472983663
448762947
448917941
472900494
449012514
472983310
472702539
472983237
472899677
472899945
449322658
449322269
473283294
473522230
449614439
473521307
449613986
449613465
473522258
449613510
473615985
449696969
449697581
473615450
473615537
473521702
449697106
473282374
473282382
449321735
473615949
473615423
473615541
449322226
449322302
449613497
450629074
474610883
450629031
450754823
474661778
450754511
450754818
474943911
451003378
451004301
451003606
451003593
451003586
474943475
474943422
451003422
474942938
450754110
451003419
450754125
474610874
451003917
474611222
448631567
472603029
449411542
473329850
473330777
473330810
474847941
450908342
474848782
450908771
448631366
448631427
473330793
448632263
448631733
472603454
448631727
473330859
450909298
450628991
448631957
473282477
448631874
448631895
450754325
473330378
473521439
474848398
449613551
450908871
450908907
474848426
449696702
472982789
449011527
449613581
449613578
473282466
449321825
473615118
449011546
448917821
449321918
449696742
448762059
450629453
449322234
450628971
473330466
472701614
449411501
473521799
450908949
449613950
472900065
449011889
473330031
448631382
450628526
450754059
472603142
472701615
449322098
474610689
473283291
474610877
448631502
448631550
449412033
472702154
448762622
474848481
472899670
449613411
474847854
472900070
449614383
474848385
451003469
449697579
449696590
449411586
449613903
451003913
474610337
473282727
474942941
472702426
448762847
448762853
472700840
448763806
472900400
472900395
472903703
472989527
472983500
449009290
472985482
449009327
449009321
472983581
472902323
448759786
472986821
472698135
472698197
448917075
472698176
448766387
448763742
448917051
472986857
449015922
472983582
448763763
472698140
472983522
473284150
473283176
449324909
473524496
449621339
449614208
449618770
473619428
449697362
473611486
449704565
473520497
473520557
449701907
449701906
449617415
473520461
473522084
449697410
473286686
473611454
473284052
473619402
449697418
473520464
473284118
449704530
450629362
450629295
474662624
474664974
474664946
474949642
451011290
451004174
474943754
474658403
450623759
450755262
474946983
474946990
451008651
451011338
450754703
450755288
474656994
450754698
451004694
450759267
474609116
474943686
450631670
448632203
448632221
472605407
472605317
473326330
449412281
473326358
473326388
474854663
474854662
450909754
474846735
450909219
474850635
474850721
450912386
474850631
450912305
474850634
449412263
449415423
473326304
474848657
450912296
448629122
448629158
448633150
473331611
472696878
450757889
448758502
449416829
473517870
450913714
472898343
449697899
472981505
451007387
449416742
448758459
474851978
474945762
474851993
450627746
448633058
473280164
450625098
473284059
473284064
448766375
450759209
449415464
472898415
472985465
451011327
473327658
450623774
449701871
449412819
472601390
448759767
451004202
450631694
472698104
449009250
448633088
474613124
473284119
473330698
472702330
472700834
450759269
450757904
474854598
448918634
450913628
473615835
451004206
451004693
449697399
473616783
474658313
448627806
472902338
474943733
473615811
472989470
449415426
448762487
448763897
448766540
448921029
448920594
472900137
448921023
472986275
449015621
448917425
472987587
448759859
448759941
472902390
448917299
448920860
472902980
472902977
472985879
472985874
472985873
449016015
472701741
472702131
472899737
449324948
473286776
473284218
449320985
473522130
449613491
449700614
449701325
449316467
473519981
449617458
473521722
449321762
449324384
473286335
449701061
473615850
449325170
449618169
473287250
449701065
473615046
450629493
450631979
474610455
450761900
450762344
474662726
450762738
474950300
474941795
474949503
451005620
474947067
451009187
450623265
474608942
474657822
450756138
474946869
474664556
451011827
451011822
474609735
474662607
450759309
451008788
448636259
448636256
472606109
448629525
472609349
449420301
449411924
449416211
450916343
450909734
472601427
449412909
450912431
473327247
448635335
449415548
474848849
448632326
449412327
473327252
448633617
474613299
448633215
472697222
472696694
448913469
449615663
449614862
449615655
449697975
472981787
473612373
473331342
472898619
473331338
473612814
474852225
474852749
474945942
450914537
448633214
474613826
448633481
449318574
472609671
448629263
473521463
473518131
449621463
473516150
449008364
449008358
449698682
472989311
451005089
449008359
449698685
474609338
448759410
473619102
450908933
450762207
448629254
472606712
472606110
474665213
472697097
450761897
473331212
474846750
450910185
473516811
473615847
473619759
449008365
451005617
449701323
473520903
474657821
472698014
473612900
448635330
449419506
474942113
472705018
448766861
448762845
448764341
472700646
448762988
472904103
472904379
472903701
448921218
472990234
472990155
472986339
449009849
472698153
448759601
472698066
472902795
472902735
472983272
472704358
472987491
472983260
472990263
448762232
472903665
472989735
473287258
473282816
449321334
473286905
449622326
473515974
449619302
449614028
473619766
449696672
449700633
473615050
473619005
449317338
449618342
473616377
449621822
449320470
449320446
473619461
449701929
449324418
449621373
449613980
474611254
474617847
450625542
450628724
450632070
474942591
451005698
451004709
474949629
474947037
474609874
450623398
474610330
450754076
474950103
451011902
474609927
474617775
450759189
472605586
448628909
448636229
449415417
449416370
449412416
449416286
473325965
474848062
474846531
450908468
474846603
474850971
449412862
474848348
474854919
448635334
448631420
448635377
474847892
449419778
450627753
448633625
474661434
473332193
449416833
449417134
474852754
472899135
473612477
451008338
449698910
448758185
450758030
473517861
450627570
448758465
473280093
473280221
449318578
449324562
473283797
474662228
472704226
450759662
473518158
448920414
449621470
474847131
473619161
473615144
449008325
472982696
474658206
474947283
450755614
474947247
473330396
448627973
472609659
448765985
474656862
449415950
448635741
473284193
450754725
472981581
449700746
449008985
451005518
474658734
448916538
449012897
448627421
472987179
449702258
448918172
472898679
469485719
469485585
469482666
469485318
469485538
469483028
469646086
469651378
469651352
469651376
469649394
469480366
469479964
469648662
469648727
469479726
469479729
469649392
469651616
469649238
469484987
469646310
469482340
469649236
469651570
469651629
469651856
469485647
469485044
469651624
469482676
469480040
450097162
450094496
450094774
450097398
450346162
450346234
450347007
450343998
450090549
450344267
450096766
450090740
450340035
450090798
450096718
450094076
450090815
450097473
450097472
450340023
450090534
450340028
450096750
450094041
450094438
450094767
469361428
469361615
469366712
469361494
450149565
450150224
450150212
450156742
450151012
469359567
469359647
469366043
469360767
469366055
469360772
469366832
450149493
469359635
469359628
450151527
469366108
450156754
469360185
469359440
450156213
469363835
450091617
469363618
469363809
450091870
450154305
469479117
469478319
469479069
450341747
469644707
469644694
450341286
469363395
450091487
450091415
469478379
469644952
469645026
469644591
450092188
450341082
469479046
469644730
450153472
469364099
450092146
450096844
450094184
450156514
450149874
469478936
450341600
469651160
469645888
450339694
469648523
469359838
450090226
469359851
450151203
469364060
469366439
469479615
450096815
450149884
469645916
450341578
469366491
450094179
450094840
450091857
450092250
469479092
469478967
450150311
450150309
469482594
469485231
450153891
450341733
450346360
450346835
450340227
450340233
450151626
450343725
469648919
469479687
450090483
469479690
450091463
469484968
469360799
450343928
469480352
469482333
469361451
469363832
450094257
469366230
450097504
450091568
450154304
450156910
450150342
450153524
450156477
450340348
450346240
469645233
469646067
469359522
450090286
450090490
469479987
450150810
469359849
450090754
469480299
450090736
450153572
469485003
450343972
469645257
450339729
452853692
452851053
452853310
453014686
453019348
453019964
453014734
453017003
452848038
453016666
453017320
453016931
453016726
453016689
453017242
452848228
452850390
453014288
453019854
452853047
452848408
453019641
452848424
473949942
473949824
473952154
473949935
473949814
474285227
474285236
474277304
473943658
473944670
473944235
474281674
473944274
473944631
473951622
473944490
474282452
474285189
473952501
473944650
474284265
473949033
473949542
474284310
452639733
452633939
452639800
452639206
474095132
474087225
474087107
474095054
474087009
452631959
452631026
452631863
452631033
474088934
474088936
474086507
452633594
474086555
474086480
474089732
452639781
474086243
474087028
452631266
474094161
452639714
452634518
474088952
452634446
452636794
452636793
473947247
452636579
473947271
452636766
473946582
452844770
452845402
474092022
452845750
474279227
474279280
453012040
474279938
474091854
452636218
452636267
473946314
474279462
453011668
474091842
452637141
453011138
453011404
474279561
453011710
452636746
452845384
473946602
452637059
452637056
473951915
473949246
473949272
452637028
474094760
452852794
452852762
474086738
474086814
453011978
453013762
474276628
453011956
453013760
474281932
452631466
473943946
452847460
474284531
474094688
452637002
473949203
452634104
453011958
453016424
453013758
473951882
452636819
452636817
473947292
452634188
474092370
452844842
474086828
474279815
474284565
453011968
474089464
452631551
452847674
473944204
474089694
453011699
453011690
452848202
452852960
452631772
474089697
453011697
452636810
452847680
452850321
474276318
452639874
473946656
452634390
452639409
452853698
452850105
474087058
474094665
453019942
474276561
474284212
453011913
453019826
474282544
452847682
474089778
452631822
452845040
474086530
453017186
474089850
452844800
456750202
456750344
456747273
456999707
456993155
456992434
456999831
456997187
456743745
456742875
456996354
456743278
456997179
456996747
456997043
456997016
456992795
456997035
456999654
456747635
456747633
456750270
456747634
456743338
456993090
477276346
477276200
477276174
477278951
477275934
477276308
477611507
477602794
477603563
477608999
477270983
477608862
477603275
477603266
477603272
477603306
477608578
477270056
477275337
477270680
477610614
477278582
456612286
456612935
456618873
456619659
477326519
477318585
477318590
477326291
477325580
477326422
477319035
456610835
456610821
456610862
477319898
477319760
477325702
456611624
477317714
456618747
477326432
477318513
477317591
477317582
477325508
456610803
456612266
477325510
456612854
477325575
456616642
477272397
456616163
456616227
477271554
456742438
477322906
477323783
477323778
477323426
456990986
456991031
477604142
456991834
477323002
477604635
456616014
456991434
456741642
477604986
456742347
477604059
477604065
456616935
477604557
456991870
456741634
477271598
456991078
477271550
456619259
456612682
456616822
477326070
456742259
456746762
456749386
477610755
477602919
477610742
456998811
477608151
477608158
456742738
456996191
456996219
456611339
477318111
477270258
477326115
456611338
456998910
456742832
477610746
456619266
477278511
456616887
456742412
456750260
477318549
456747614
456742010
477605007
477604091
456998942
456991101
456610782
477270063
456743259
477319736
477608780
477277986
456999345
456990966
477272246
477276134
456619650
477278205
477278859
456612942
456612858
456742305
456750194
456747314
456742257
477604160
477611607
456993146
477319914
456611313
477325698
456616112
456741622
477608181
456619446
456742221
477271460
477603531
456996374
452734774
452729507
452734713
452734714
456802935
456803019
456803800
452727515
452728299
456809020
456809075
452728103
456802492
456802407
456804256
456809014
452734096
452728295
452728293
456802952
452729420
456802484
456809547
452734834
456803086
456808876
469271720
469266580
469266395
469265924
477421401
477413543
477412617
477413506
477413474
477412712
469263203
469263952
477415353
477412874
469263746
477416248
477412958
477415328
477412640
477415594
469271738
469265577
477420616
449966744
449959473
449966062
474000118
473991970
473992173
474000098
473993506
473992641
473992502
473992587
449958802
473991323
449959270
473991383
474000035
474000033
449966783
449966642
473992107
473991974
473999109
473991188
474000034
449966782
473999091
449966066
469264467
469264618
449960788
449960794
449961519
473994760
473994742
477414165
477413930
456801026
456800830
477414220
456801172
452726123
469264346
452726103
456801088
456801767
456800834
469264383
449960709
452726991
469265186
477413932
456800824
469265146
469265116
449961459
452733995
452726860
477414795
456808802
477412762
456801620
477412822
477415479
449958226
456803458
456803483
469263167
477415391
477415384
449958195
456801628
449958266
452726783
449959516
473992772
469271078
452728611
449960912
469265135
449960200
473999445
452729534
473993891
473999116
477414807
456800888
456801806
477413546
456802929
477416195
449958885
449958878
452727555
449958879
452728216
477416056
456809003
452728088
456801147
452728084
477421468
452729403
449966848
469265134
469265061
449960272
469271211
449960732
452726865
452734886
452726264
473993900
477412611
477415539
477415413
456803481
452727434
452727562
473993380
456809090
477414753
456809546
456744419
452731570
456744633
452731545
456806242
452846706
452846279
456806637
456806667
456994485
456994552
453012765
453012567
456993681
456993879
456744286
452846368
452846404
456744210
452732193
456744273
456744328
456993711
456994542
456744285
456744339
452846704
452731413
469268831
477273011
477273664
477418914
477417982
477606285
469644117
469643099
469643354
469644047
477605690
477418259
469643722
469268258
469268238
477418162
477605644
469268742
477273616
477418246
469477696
469643382
469644042
469268241
449963826
473945206
473945511
449963754
450089618
473996555
450089229
473997374
474277847
474277631
450338230
474277694
450338229
473996595
450338674
450088846
473945018
449963301
449963738
473997386
450338190
449964182
450088695
473997375
474277746
452633187
456613527
452633207
452632545
477321237
477320579
477320567
477320242
477320558
450148233
474087671
474087615
474087622
456613394
469358114
450148287
474087887
456613456
469358915
469358186
450148166
469357984
474088468
452632390
469358331
469358235
469358919
473945338
477272872
473945290
450088907
456744100
452731282
474088114
477418122
450148643
456993532
477605462
469643254
473945238
474088156
456993558
452632874
469358523
474088060
449963764
456613557
473945130
477321189
456744321
469358020
477418827
450148991
450148622
474277775
474277959
450338123
474277958
477605606
449963238
453012947
473944996
452632300
477320523
477272709
473945522
449963577
452632542
477272877
477321234
456744602
473996536
452847022
474087534
469476819
477605493
450338092
450338361
474087894
477418174
452846362
477320430
450339064
469357986
456744986
469268475
456744922
456749646
452850260
452846938
456802712
456999104
453013280
453019155
456992499
453013235
456994395
456804034
456804011
452727918
452847567
452727844
456996531
456994376
456749612
456992524
452729151
456749610
453016520
456743096
456744867
456802672
456747027
469269083
469271435
477278339
469266202
469271411
477278288
477418760
477413142
477418691
477418688
469484766
469645828
477606130
477608286
469263506
477270314
477608243
477608308
469482080
469271426
469643886
477278242
477275690
469266170
477608240
473949118
450096608
450096587
450093966
450339423
450339428
473993039
450343475
449958554
473943879
450089942
450089982
450089946
473991714
473949062
473951706
474284358
449964010
450346014
473951774
450096579
456619012
456612346
456612388
452639015
452639007
477317860
477321008
477321026
474088328
474089080
450150754
452631075
469359311
452631074
477319235
456618916
452638991
477317847
477321099
450155932
452639054
450149362
450155944
477271691
477271650
477323140
450091252
456801347
452844998
452844951
477604379
456991163
456991156
469644443
469264778
450091262
477271635
450153315
473994387
456801370
452726595
452636366
456618968
469271396
469269018
477275608
477275610
452732046
450091328
456744842
452726572
450155978
452844975
474086399
450149379
477421070
450339436
456992474
453016506
452847543
477270326
473943810
477325803
469263476
456744843
477278246
449966452
452633142
452636444
469358862
450091280
456747026
474088378
452846978
474278434
456992570
477608331
456611022
449958460
469359346
452727830
456743002
474281776
449961104
469643931
456802682
452734737
456744935
456749886
456747044
456809576
452850273
456993165
453014667
456993740
453014536
456803766
456996723
456999371
456743552
456743550
456809572
452727476
452846968
453014277
477278795
477273033
469271168
477418494
469477653
469485218
469651808
477603038
469651096
477608327
469263911
469648638
469648641
469651542
477278003
477416228
469477113
469265625
477275678
473949479
450089495
450093980
450338171
450340341
450340335
474276512
474281795
473992677
473992542
450343503
473993462
473999274
473951591
473944454
450339947
450346539
450338970
450344300
450089487
450097323
474277230
450340338
456613708
456619604
452633133
452632456
477326445
469365974
477318392
469358968
474088533
450149421
450149415
474094143
450149468
474089127
450150743
452631215
452631148
456618674
469360091
452632323
450151443
477321207
474094413
456611684
450156724
469361535
449961544
469264431
477323411
477323802
452726582
474091707
474091710
456801789
450153822
450153819
450340864
474091767
474091770
450341267
456616034
452726150
474092428
469644945
450092175
450153424
449966171
473945310
456619203
477326044
469364042
450092051
477318128
473999402
450156458
469478883
450149859
474086756
477605535
456992234
456992235
477415434
452631470
477270208
477610770
452847428
456616833
456616964
473949148
449966032
452726948
452732126
456744129
452734202
477421371
456800864
452852709
452853494
452850590
456802970
450339496
477603507
456996722
474281584
456613446
449965900
456744404
452728962
452729458
452734842
456809337
452853567
456808878
453019161
453019827
456804430
456997126
453017314
453017343
456742876
456803997
456997036
452728842
452728818
456993848
456999652
452846444
456742936
453016707
469271730
477278848
477278572
469266177
477418904
469485578
477413634
469483022
469482914
477611632
469643096
469651282
477608326
469649378
469648946
477608896
477272770
477412878
477611140
477418844
469477124
477603009
477270652
477415326
449963792
473945204
449959833
473949555
449960190
473949807
474000114
473997297
473991705
473991966
450094886
450097502
474285075
474278409
474282118
449958550
473943670
450090146
473996662
450096674
473944988
473949723
456612417
452633794
452633931
452639199
477321105
477317865
469361558
477321140
474094942
450150218
474094269
456611086
469359393
456610948
450151514
477321021
456611728
456619576
452631141
456617020
452636835
477271600
449960790
452636559
469264410
452726070
456741508
473994345
469478714
450153430
469478702
450341738
456990976
453012111
469645430
474091779
469264254
452636235
477604192
456616540
453012063
469364186
452632858
452639427
469265058
452637027
477323740
473999454
473999430
452728666
450154154
477412758
469476956
452845611
474277904
469643240
469651238
474281883
450343658
453016371
477604852
477418052
456806120
452631531
452728626
449961450
452639463
477278908
473994150
456749601
456800886
469484906
477604888
450341066
469643108
456998944
473943813
477325672
450148328
450346562
452636283
449515304
449515292
449510891
469550987
469551057
469551562
469556320
469553026
469552509
449510145
449509439
469552972
449514755
469551125
469551164
469551128
469552840
469556801
449514765
449514764
449511407
449511269
449510144
449511340
449511448
470039565
470040116
470044073
470044049
450244523
450245267
450251122
450251913
470037465
470037459
470036951
450247229
450247847
450244810
450244803
450247817
450244846
450248012
450247487
470043267
470036661
450248007
470043927
450245338
450245206
470036864
450245249
470697455
470692198
470692125
470692172
470691536
450822080
450822095
450815637
450815554
470690866
470690800
470696608
470696612
450821499
450816808
470690063
470696672
450821367
470690734
470690072
450814840
470691333
450821428
470692985
470038199
470692798
470038257
470692841
449508046
449507979
449508821
449508225
450245985
469549731
450245968
469550319
469549726
450245925
469549781
470037935
449508112
450246111
450246657
470692715
469550331
470038047
449508159
470692775
470692769
470692708
450817545
469549678
450245921
449508220
470696888
470039386
470043352
470038661
450821684
450818086
449508699
450815110
450815026
450251339
469550836
450251252
450247307
469552163
449509359
449509301
450821633
470693295
450244673
470690320
450816356
470043387
470038115
470038768
470692829
449508693
450815445
450244528
450245896
450816899
470036805
449510067
450816101
449509539
470690812
450816761
450817592
469556387
450246159
470690336
470696931
449510860
470692138
470043478
470696789
449508824
450815025
449514903
450817424
469550181
469550979
469549736
450247492
470690789
470692640
449508154
449510787
450247888
450251277
470697389
469551651
450821369
472795749
472799651
472799698
452924843
452924267
452921025
472794220
472794430
472794941
452920883
472799548
452919184
452920828
452924398
452924459
452920485
472794273
452918992
452918997
472799637
472795676
472800166
472800076
472796260
453982127
453978334
474190196
474181258
474182252
474185219
474186041
474189608
453974240
453981370
453977426
453981332
453981293
474190133
474185687
453974253
453977726
453973841
474189206
474186224
474190061
453982154
474182218
474182086
453978218
454635045
454635508
454630414
474752493
474752516
474755147
474754480
474754226
474754221
454627065
454627696
474755027
454635488
454629683
454629676
474760234
454635698
474751492
454627136
474752380
474754220
453976379
453976372
454631039
454631032
454631087
453976313
453976361
472792307
474755495
472791782
472791693
452917066
452916314
474183922
452917005
452916074
474184250
474184330
454630730
453976108
474184322
474755879
454631663
453976097
474755798
474755817
474184253
474755452
452916317
453976310
454631564
454629881
474756322
472792187
472795354
474751886
472795328
472799249
472795325
474184784
474189532
452916875
474754631
474754564
453973661
453977596
474184718
452920084
474759844
454631594
472799308
452918789
474751960
454631612
454631609
453976352
453977687
474756335
472792293
474751532
474190127
452924903
452917046
452924240
474190118
452920934
452920097
453973720
453973793
474186158
474184360
472794722
472791629
474760372
474182201
454629453
454631625
454635658
454630433
453981772
453977800
472792220
474759454
452916945
474182074
452916320
474184689
474754569
452920102
472794950
474185608
472794746
453977362
453977368
472795550
453977601
476696866
476696747
476692325
476696350
476696741
456897399
456897405
456904004
456904659
456900773
476690194
456900034
476696087
456904181
476695997
456897584
456904253
476696655
456898004
456900286
476696794
476692755
476696331
457304213
457308191
477516440
477507754
477515651
477507729
477516566
477512097
477511703
457299809
477512542
477512507
477512504
457307786
457307768
457300637
477512081
457308491
457308089
457300238
457300654
457308578
457300208
477508125
477512012
458615373
458608107
458614715
458608832
478656934
478648922
478656140
458607503
478649543
478649590
478656255
458607370
478650251
458607382
458606651
478656986
478649600
478648365
478648923
478648341
458611025
457301313
457301314
457301531
458610759
458610701
457301259
458611469
478653119
478652529
476688854
478652129
476688410
478652193
477509115
456895942
477509066
456896793
477509073
478652235
476688167
477509375
477509939
456896810
476688866
458610671
458610665
476688345
458610934
458610758
478653015
457303959
458608301
457301957
478656490
476688803
476695850
476695856
477509866
456903791
456903782
456903788
456899819
458606966
457299902
457299939
457299980
456896679
477511814
477509861
477507826
457301918
457301295
458608377
458608371
476688935
476696649
476691981
477516507
456895922
456895929
477507872
477512555
456899897
476689334
458606739
478649930
478652300
478656224
457301163
457303743
478649091
458608850
477507665
458610742
478653056
476688825
476696810
477515781
456898102
456897177
477515667
477512619
457300203
476689730
456899829
458607437
458614493
456900614
478656269
456896336
457304523
468701627
468700905
448826375
448819006
448825515
448819647
448819654
448825605
448826235
448820447
468694953
468694288
448821099
468694835
468695480
448820973
448820300
448820301
468694216
468700834
468696351
468694304
453305146
453299747
453299188
453299721
453304954
453299804
473428858
473428856
453297230
453296476
473423918
473429146
453304226
453297010
453298955
453298876
473424368
473429800
473421285
473429198
473424596
473429860
453296300
453299210
453304466
473429644
457949362
457949420
457943505
477991796
477982946
477982930
477985179
457941290
457941383
477984191
457941430
477985101
477984983
477990903
457941368
457942742
457942287
477982870
457942754
477982935
457941308
457944946
457944880
453298559
457944874
477986512
468693698
468693638
477986510
473423278
448818477
473422258
448817678
448817601
473422546
448817738
453297539
453297542
448817739
453297544
473423207
473422407
457944863
473422283
468693628
448817475
477985851
453297890
457944803
457949494
457942892
477986384
468693587
477983195
477986284
448825376
473421167
473421080
473423728
448820099
457941566
453296440
448820091
477984508
468695343
448818274
468695427
473421064
477983187
457949486
453297740
457942960
453304407
453305068
477986375
468693695
468695421
477982881
468696131
473429787
448825463
448826162
473423126
448825509
468694943
448820223
448820175
477984988
473424383
468692895
453297611
473421208
457942107
473423248
477990933
477983799
477984200
457950166
457943416
453299847
477985856
468692792
477982936
477990844
477983193
473423121
473421081
448817588
448818974
448820378
468694017
453297135
448825658
468700750
448820966
473421279
477984244
476691527
476691070
476690992
468697077
468696957
448822378
472793547
448821562
448821587
472792781
472792785
456898787
452918391
452918380
448821779
468696881
472792900
448821695
448821771
456898979
468697593
472793565
476691508
468696927
456898791
452917869
472792756
476690919
452917661
448821820
453300659
457303365
449506574
449506895
449506533
449507501
477511246
477510585
469548058
469548551
469548545
469548542
449506756
457302413
457303336
469548350
469549018
457303418
469548341
457302830
457945739
453975190
457945666
477987250
477987215
470035629
477987290
474182799
474182711
474183071
450243543
453974789
474183053
477987027
457946174
450243089
457945389
474182738
474183058
457945394
458610238
458610232
458609435
454628248
454628253
478651799
478651132
470688623
478651703
478651701
478651718
474752914
470688671
470688695
454628114
474753082
478650998
458610136
458610218
454629022
458609705
457945559
453975059
457945529
454628518
477987107
477987173
477987074
474753303
472792631
450813706
474753214
477510520
474182931
450243326
456898515
474182871
450813712
458609606
470688939
450813711
474753230
453300310
449506636
454628393
453300453
454628260
478651733
470035156
476690656
477986843
476691497
473425835
474752979
448821806
472792701
448822335
469548266
456898755
476690704
474183521
450813772
454629113
453300519
470035486
468697010
473425851
449506587
472792629
472793102
474182734
477511239
450243345
456899510
477510315
470688665
477510591
456899450
457945521
470688749
453974824
468701050
476691392
476692252
468695753
476696213
472799439
472799420
472799444
472793447
448822223
448825786
452918896
456904107
448820584
468694451
468694439
448820499
452920168
476689613
456900171
456899324
456899320
476689595
452918859
476689589
476692172
472793500
468695751
472799380
457303282
457308052
453299285
453299324
453300995
457304024
457303229
473425784
473425781
473421329
473421362
449507327
473421398
449510530
473429342
477511180
469550699
469556003
469548866
477507994
477515906
469552108
457300112
469550726
449510477
457304000
477515909
473429248
453977477
453977535
477987680
470035922
470036018
470039195
470039093
450244475
470036470
470036489
457941783
477984639
457949612
470039111
477983258
477983264
450243886
470043070
470036468
474181397
457943018
470043087
458614775
454634854
470691248
478651570
474753704
450821210
450814623
474759548
450814102
454626902
478649715
458606854
478649738
450821236
458614760
454634822
470689856
478648491
450814612
470689880
454628906
450821224
453976247
453976157
477985985
477985912
470037875
468693113
474755621
473422683
472791435
449507818
472791518
477509254
456896116
452916196
477985901
474755615
449507835
473422678
450245734
454630874
453976150
453976215
457307968
453299267
470692565
470043074
468697444
450814121
450821252
449514431
449510462
473422718
477515847
474189332
452918164
474185367
452920145
476689523
448820487
474753640
452920148
476688267
474181409
457946140
453975556
457303275
453297956
454634849
478651637
468697538
470043124
476692250
478651565
474755662
450821309
473421327
450251002
452924126
448820510
453973600
474753629
453297932
470036524
468697124
468697649
476696675
476690913
476692241
476696272
472793612
472793079
456904120
448820579
456900237
468694973
476690207
476689408
448821755
456900629
468694847
476692049
476692052
448820396
472792816
468700911
457308508
457308641
453300640
449506568
449510543
473420973
449510852
469556061
477508004
469550960
469552937
469552096
457302482
453298895
453298886
457303760
477510629
457303406
457308638
453975693
457942781
453981699
453978141
477987693
477982886
470043137
477991250
474190113
450244055
450244511
450251102
450251055
474181268
477985131
457942259
453973389
474186023
457942127
470035334
453977351
457942647
474189578
477990945
450243929
458609555
458614655
458614647
454629088
458615439
478656083
470697376
450813503
474759422
478649800
450816854
458606596
450816201
478650975
458607392
454629086
450814696
458610887
457302040
458610695
453297837
453976229
478653047
470037854
476687954
468692999
450818181
472791311
472791699
450817647
474184113
469549463
469549634
477508995
477509001
458610556
470692622
449508077
476688279
449508081
468692991
473422288
457945589
453298364
470038564
476691923
478651238
450818051
472792103
473421098
474756254
450251234
452923991
474181532
448820128
449509263
452920028
472792096
478648551
453299018
457949517
454631541
477986456
470035473
478648557
470040016
478648949
474755672
450818049
450817652
450814745
448819598
450246620
469556109
469556895
450244504
456898694
472793949
458614517
450244768
472795526
468701049
476692185
468696209
448822414
472796211
456899361
456904594
452924859
456897316
452919639
452917664
452920245
452920491
452920299
448825661
456904240
472799511
456898796
468697064
476691381
476696656
457308057
453299741
457304560
453304949
449514502
473421941
449511470
449511326
469556858
469551622
469551638
477508444
477512038
469552442
453296561
449509173
469548548
457302440
473421293
473429801
469556798
449509466
453299253
477507688
457943098
453981706
457946192
470035172
474183574
450244514
474182650
450243992
470037458
477990977
474189639
450243464
457949225
477991709
450244016
450251798
453975489
454628302
458608120
454634974
454634853
470691262
478650776
470688884
478656136
450821289
450813524
474752948
450816278
470690870
478650376
478650920
454627635
478648294
458607448
478648413
478648144
470690186
454634955
453297893
457944869
478653112
477985798
468692734
477985757
449508026
456895852
452916315
469549401
474755811
477985649
470692658
458610544
474184371
453297933
457301361
470038706
476688340
453976407
457945594
453298397
453299026
470696870
448821512
449508698
474751906
449510594
450246554
456903844
469550830
474754623
450816362
450247298
453973659
472793931
473423705
474754599
477515740
457944725
449509334
457944269
457302632
468693689
470040038
478648960
448826297
449508014
474184227
452924763
474181275
458606877
450816230
470690018
469552286
457303744
449512798
449512211
449512266
469481183
449512209
469554357
469553946
449616405
449617000
469553694
469648073
449699578
449700165
469647406
449700161
449699836
449616551
449616544
469647610
449512085
469553813
469553814
449512127
449512324
469481085
449699658
469647502
449512348
469481158
449616622
449699646
470041390
450093009
470040858
470041373
470040983
450248962
450249309
470239043
470239031
470239383
470238957
470322591
450342197
450342987
450343059
450342622
470322155
470238905
450342593
450342669
450342234
470322015
470322545
450342238
470040975
470694430
450757086
470694820
470694370
450757089
450819546
450819594
470808873
470809227
470808837
450819579
451007039
451006235
451006245
451006638
470694046
450756767
450756695
470808939
470975524
450818847
470975949
470694354
470809607
450757468
451006199
450818728
470975158
450757107
470809624
449414457
469362299
449414513
449414579
469362280
450152985
470132434
450152381
450152463
450152145
450911998
470880875
470880213
449414247
470131799
449414259
469362088
470880424
450152921
449414375
469362208
470880412
450152319
470880106
449414451
470132452
449414650
450756964
469362486
469362485
469362556
450152538
449511999
470132063
450818981
470809102
469553478
469553490
450342412
450342334
450342371
450248634
449699392
450756947
450248638
450342354
470132068
469480876
470238689
470694774
470040762
450757017
450092921
470040839
470132106
449512715
470132105
450818745
450911946
470880244
469553610
450342477
470975273
470321992
449699619
451006491
470693987
470322131
450756700
470131805
470132104
449512053
449414403
470809216
469362501
449415042
450757157
450093148
470132121
469480881
469481307
450152190
470131662
450248649
469554351
470880162
450911158
469553883
450343012
469647466
470975189
470975333
451006186
469362162
470131770
449616495
450248740
450911454
470975421
470975153
449512119
472797582
452849741
452849357
452849301
452922311
472901200
472901206
452921650
472901428
472901433
472901142
453015418
472984977
453015484
472796891
452849045
472901346
452921758
453015498
472901813
472901418
472796997
472984362
453015414
452921693
452922281
472797136
473948109
473948189
453979137
473948225
454270377
474186530
474186582
454270906
474187106
474280738
454353626
454354030
474280250
474281177
474280830
474187025
453978658
454354154
454270862
474280782
474187103
454270859
473948013
454353977
474280694
474280746
473947617
474186574
453979082
474280290
473948222
454633007
454841627
474757305
454841590
474757790
474944506
474945232
455007945
455006930
474944843
454632058
454632054
454632083
455007490
474945186
454632983
474611654
454840634
454841164
474945182
474944841
474757348
474611842
474612194
472604879
472604145
452635180
452635199
452635841
472604873
474090605
454164466
474090214
454911974
454911993
454912162
454911892
474849605
452634935
454163738
452634923
474090530
472604783
472604116
474849209
454163801
474849213
454912817
454632503
453979012
472604410
453978941
472796670
474757175
452848781
472796573
454912474
454270730
454912446
472900898
474944705
474944632
453015146
472984048
474849737
474757199
454632450
453978923
454841030
472796597
474280542
474280518
452635871
474612053
473948037
474091146
472796654
474090227
472796966
454163894
474849789
454912506
454270396
454912206
452921594
452921416
455007897
453015143
455007239
455007496
472984541
474944781
452634945
453979598
452849128
452635374
473948632
474612197
454632358
452635449
452848833
454840613
452849210
454841189
472797530
474850194
454912510
454912902
454270737
452921618
474186616
454911918
455007238
454353837
454912386
453978652
473947642
472984574
472604385
452849678
472604250
452849282
476693795
476693794
456745871
476693825
456902147
456901749
456995866
456995289
476974781
476974863
476975331
476975309
476891651
456745541
456745546
456995398
456901563
476975349
476694147
476694150
476892179
456901299
476693753
456902105
476975394
476975310
456746314
476974941
456745815
457305670
477275027
457306017
457306014
477513558
477512939
477513542
477607678
477607613
457680021
477274013
477607266
457679978
457597739
477274538
457680561
457305982
457305626
457680018
457597738
457597697
457680330
458612470
458612397
458738181
458737835
478653947
478654338
478934579
458986862
478935495
478934662
478601938
458611863
458986914
478602458
478653987
458986786
478601937
478602866
458737437
478653939
456615131
456614859
476594693
456615099
456615171
477322017
477322498
477322463
478839755
478839754
458891783
458891925
458892191
456614794
456614789
458892182
478840497
477321941
458891859
477321551
457395029
477322466
477321681
456615698
457394830
477321567
458612298
457305286
457305239
478602426
478602342
476693315
476693214
456745421
458737746
477513114
456901142
476891259
477606802
478934987
457680071
477606785
478934967
478934978
478935017
477322074
458612246
478602335
478653818
477513077
458612282
476974426
478602334
478602374
456615138
478602893
477274947
478602497
477274551
476594825
477321981
476694138
458738210
456901223
457597317
476975294
476693346
477274025
477274026
478653975
457597185
476891297
478602410
458612429
478602429
477274491
457306011
456746390
456745994
458737701
478839750
456901742
476891746
477512979
477513069
477607671
458986877
477607227
456614790
456745510
478601945
478653825
458738189
476892170
458891862
468698284
448823758
468812955
448822959
448823670
468813393
468979282
468980073
468979426
468980087
468979360
448760843
468813087
468813174
449011149
448823682
468979319
468813167
449010352
468698512
468698979
468698157
448761711
453301845
453301785
473427190
453510974
453510982
453510107
453510585
453676461
473614234
473426500
473281010
453510338
473614186
453677342
473281934
453510606
473281370
473281065
473426740
457947191
477937587
457946751
477936798
457947183
458072985
458072990
478269442
478269291
477988367
478269834
457946570
478270271
458322071
458322422
458321631
458322063
458322474
457947578
458071990
477936669
458072595
478269294
458072499
448630378
448630173
473329486
453391605
473328622
453391348
478079447
458132303
478079343
478080146
478079579
473328687
468598982
458131655
473328686
478079367
448630941
478079234
458131665
453391401
453391270
478079224
468599511
468599531
457946883
473329090
453391830
458072330
478079835
458131906
448822751
458131947
468812866
473426438
473613814
449010196
458321771
453676554
453391792
478269602
473613810
473613786
448822744
457946922
468599583
477937000
468599284
473281551
473329504
458072325
448761220
448823654
453510591
449010261
453676391
453676648
449010255
473613866
468599022
468813074
448760824
473281026
458321478
473281946
448760955
458131552
448630593
457947592
453302038
468599190
473281623
473329482
458072944
468698918
458132001
468813038
468813350
478269573
449010458
458321584
458321464
473328762
448760830
473281011
478079370
448630938
477936736
452730431
452730352
452730225
456805797
476784519
476785235
448916087
448916152
468884386
468884457
448916151
448915414
448915630
452730101
468884499
468884500
456805125
456805720
452730147
472699115
476784455
472699125
476784508
448915289
476784460
449319545
469267241
449319538
457490783
477416609
457490282
477416969
457490338
473519625
453581337
473518634
477416860
477416933
453581765
457490123
477416834
477417521
453582290
449319446
449319454
477417496
469941635
449962126
449962035
469941586
454068506
473995217
454068454
478174401
458227427
458226626
478174750
473995367
454068638
478174649
473995271
454068423
469941806
458226585
478175218
458226509
454068645
454068891
450626002
450626008
450626793
470594974
454722839
474659092
454722766
458796802
478744768
458797019
474659231
474659234
474660027
458797598
470595741
470595735
470594896
458797006
470594829
449962192
449962181
469267066
470595243
449962179
454068713
474659510
458797055
458226707
478174516
454068686
476784317
478174529
458797084
449962190
453581561
452729967
457490014
450626152
470594985
469942365
449319988
469267167
474659399
472698983
472699154
472699816
473995157
477417507
458797133
476784374
457490261
473518827
453582273
453581613
473995287
458226833
452730065
449961915
473996079
478174409
469941441
469941830
450626277
449319274
449962120
469267251
449319351
452730890
477417003
476785310
456804938
458226508
453582255
468884362
458227348
478744798
454721957
468884498
449319075
469266975
449319315
456745732
448761137
468698393
448761114
472796718
452848961
476784858
468884723
476891487
468884646
476891502
449010598
468979546
453015209
449010663
468698387
468698382
476693488
448823151
452921506
472796800
472901081
472796740
469267470
453301926
449319682
477274306
457490482
453510446
453510502
473426614
453581915
473519138
477513198
453581860
449699314
449699246
469647082
457680197
453581903
453510474
477417136
469647150
453510544
453510448
453510496
473281454
453978887
469941951
477937097
470040410
450092666
450092669
454068941
478174883
458226994
470238458
450342086
470321667
458321903
454068951
470040426
454068950
453978794
470321586
470238454
450626430
478602292
454632196
458737522
474659627
454722362
450756558
458797274
470808670
478745027
474756902
474944446
455007086
470975002
478745044
478653695
451006067
450818595
455007162
454632190
470693859
450756627
478602242
448630421
472603997
477321839
449414123
473328929
478079643
454163686
474090338
470879931
478079633
473328939
473328940
472603991
450626423
452635079
469941963
477937071
472604033
477321846
473328976
478745055
472796703
478839843
458892002
457597047
476891476
453676781
470321603
455007100
472984145
473281431
474659669
469361970
472699466
477417135
457490398
457490379
452848898
474090306
477513291
477513243
454912038
474186664
473614066
456995138
450342088
470974985
473614047
473614095
458226976
468698378
454353712
472699209
456745799
468698274
452730544
456745794
472797510
472796987
456804957
476892159
476891766
456995800
468979301
472984229
453015268
456995411
468884535
456745530
448823031
456805744
472699863
452849140
469267204
453301797
457490831
449512305
469480814
453510089
449512169
453510614
469481658
453581382
449616316
477512954
477607073
449699609
453676677
453676943
453676938
453301526
477274036
469553597
449962506
449962073
450092975
450092657
477988169
473995574
478174863
454271313
478174307
478269467
458321495
458321931
474280658
458322015
453979586
450092709
458072007
454270913
450626824
470595791
478602095
450626034
474612510
478653964
450756803
450757456
474659138
470808791
478744538
474756786
474757310
458987678
470975109
478653570
454632062
478935122
478653759
458987082
458797264
478602278
468599451
456614848
476594637
456615111
473329012
469362196
458131406
458131413
478079255
458891848
474849183
470880064
450911366
450911368
453391427
472603862
454912300
470595263
469267073
472604391
478602353
477988432
454722258
452729981
458737672
450756935
448822770
453510221
474186807
448915180
470880459
455007339
472984024
454353806
478840085
451006410
470694207
470132020
457305206
452635437
469941592
473947893
474611849
478653965
454722261
448760990
469362198
450818973
450819497
449512299
468812978
478079250
456804950
477513483
452921349
449616975
474849186
470322496
478269328
449961940
453301527
468698993
476693529
456745677
476693638
456745816
476784702
452849343
448916142
472901134
476891356
452921691
472901823
453015213
449010749
452849031
468979685
449010713
452921751
468884262
452730210
473281985
477417594
473426837
449512702
449511825
449512214
477513886
453581386
457596772
457597041
457597348
477607672
449699630
457680556
477274012
453676925
469648022
453301577
449319318
453581634
453979066
473948583
477988581
450092974
458072057
454068862
470040842
454068981
473995530
458226945
478174306
458227350
458321853
470322506
454353963
458321465
454354155
454270815
458072189
458612464
474612147
450626010
470595369
474659410
450757538
470808866
474756790
474944499
470975990
478934704
458797014
478602028
474659637
458612776
470975025
458737792
451006190
448630318
468599201
448630289
456615100
473328969
453392218
473329457
474090345
474090567
478839825
474849321
458891776
470880938
450911270
470131646
468599597
452635455
476594836
449319198
452635443
472698930
450092882
470040710
478079789
470809094
454912438
450248606
458987128
453015147
455007351
458226714
469941678
458072249
476891248
449962242
454632531
469942362
457305592
452635203
453301769
458797614
449511986
458891740
468980057
472984935
456994984
456901528
455007495
449515018
469481627
469481624
469482503
469481622
449515037
469481562
469556598
449616874
469556526
469556572
469651510
469646159
469646200
469648817
469479851
469479846
449617690
449702158
469554164
469651458
449704804
469479881
449700851
449621634
469554221
449702194
469485184
449700894
470043656
470041258
470039669
450251519
470245196
470322442
450339910
450339826
450346424
450343806
450343781
450090375
470325706
470041215
470043596
450090399
450090402
450343808
450346446
470043675
450244942
470039667
470325704
450762106
450757379
450757422
450759464
450821842
450819414
470809544
450819435
450821758
470815398
451011659
470981804
451005032
451006822
470976440
450816486
470810116
450816555
470979094
451006854
470694620
470815407
470691714
470810178
470981752
451011603
470809540
450762171
470979092
469366385
449414963
449419660
449415778
449419679
449414926
469361048
469362796
450152837
470132379
450149747
450149806
450916592
470886766
470886735
450909994
469359725
470132963
470132987
449413071
469359784
450911807
470886701
449414895
469361021
450916558
449413136
469361043
469361079
470693118
470038343
470038336
450091702
450817883
469478507
469478583
470811478
450817815
450913972
449615027
449615050
450246267
449698259
469644838
450341177
469549938
470135607
469478514
469549942
449698254
470811460
469549925
470693099
470693094
470043608
450762113
450762116
469362772
450152814
450821777
469481535
449512577
470886719
469549972
450246291
450251523
451011592
469647860
449700807
450343794
470690423
450090352
470690416
470886713
469485100
470693120
470693060
470039716
470691773
470809457
450149826
470809493
450251530
469551243
449615048
470322436
470975789
449413050
450090424
450090376
470882778
470041216
469482471
472797466
472799840
452853143
452924554
452922176
472903787
472989628
453014225
472985672
453019432
453019438
452847844
452920566
453019460
472797388
472901687
452849549
472985646
472985645
472989654
472906469
452919317
472795828
472986956
473952070
473952047
474187374
454271234
474181850
474284705
474284686
474284612
454361453
474282017
453973907
454274426
473944055
474185834
474282044
474284657
473944127
453977862
473944122
473948498
474276726
474617171
474752122
474759938
474752072
474760034
474945076
455009666
455014874
474945098
474754763
454627306
454843355
454843350
474947210
474947162
474945059
474759968
454848556
454843324
454629942
474941888
474760036
455014926
454848532
454629986
452635763
452639321
472605467
452635712
454167410
454167482
474094535
474094534
474854795
474846898
454914530
474846803
474854722
474846800
474850852
474089273
454915954
454166122
454915874
454915852
474850000
454164275
454914569
454166165
474850826
474850061
452631332
454166170
452635706
454631358
474613199
473946784
452636638
454844614
474091890
472791869
474184444
454917266
454917220
474945838
472981732
474279328
454356173
474091919
474852114
474756002
474184517
474756076
452916622
454631294
454168768
454629977
452634016
453979469
474091961
472791899
472799738
452853089
474181804
472898550
472903760
474284636
472984802
472985603
472984805
474947153
453016766
454274358
454632878
452845240
473949350
473946766
473952004
474614525
454841446
474086662
474189772
472898576
454273064
472901690
474945836
453011588
455014853
453014162
474850782
454915854
474609197
454915878
455012237
474089322
454912722
474941885
456746243
476694077
456749766
476898046
476897955
476895322
456897747
476895380
476977220
476977222
476977184
456996665
456743230
456900354
476893998
476978561
476689859
476892047
456746183
476892039
456749746
456897749
456900356
457304362
477274859
457308258
457304338
477516179
457602107
477513730
457597566
477603185
457683899
477607450
457685258
477270498
477608366
457305842
457602089
457308314
457597661
477508222
457305878
458612698
478602738
478654302
458738051
478648662
478648666
478648712
478941380
458994755
458988059
478933382
458987535
458994670
478649998
458607110
478935411
458607176
458994702
458992086
458608418
458607171
458745186
478938680
478656627
458615114
458738576
458608426
478649984
478656579
456619119
477317975
477317969
477318062
457395644
457398872
457402805
478846366
458899628
478840334
476593119
457396142
476593037
477319298
456611204
477317979
458892519
456615554
456619054
476598351
478604739
477323351
476688510
457400146
458741267
457400130
458896978
476890118
476890074
458897067
477604511
458990734
456991307
456991301
458990691
457400103
477323266
456896429
458990694
457681290
457301654
457301696
478608707
478608702
478656623
478656620
476694011
476696382
458745210
478656614
478846314
476892008
457597574
476895303
478937415
477611024
477603107
458988089
476977143
457680737
456611178
456743135
457600746
457396184
457400163
456743132
457398819
456619146
458611100
478608761
458741216
456749762
477516118
477516171
458893014
456904310
458988065
456991304
456900386
476689874
458738621
477513759
458895726
456999254
448763696
448763648
468813623
448819402
448819376
448825911
468816920
468819642
449015747
449009146
468980656
468980684
468694559
448820631
468814278
448825931
468694614
468985911
448761503
448761496
449010990
468701235
468814342
468694568
453304712
473281906
453299476
453299459
453515430
473421539
453518018
473614547
473619272
473619196
453677194
473424148
453512786
473278638
473616630
453510868
453510866
473421488
453304660
453512770
457947440
477991398
458079995
458072816
458072818
478268122
458322866
478268174
477935475
458073347
477984794
478273460
457949744
478268159
457943142
478273484
448635658
468599835
468605728
448635651
448628972
473334100
453399274
453399176
453393922
473334098
478080083
478086015
478078023
473327483
458134022
448627659
473327482
468600431
468599770
458132704
458132764
448633012
453298114
477938115
448632963
453396582
458074634
448817982
448818075
473612626
453677788
478270838
473612644
458136676
453396546
477938102
453511398
478083352
468977970
457943171
468600474
453299392
453299396
477988948
468698768
478085996
458136722
478080050
468816908
449015723
473327526
477984723
468983223
473278648
473612670
473281814
457947412
477943396
468599790
448630818
473329378
453396632
473329326
453510939
458132706
468813650
458322274
458322244
453677792
478268176
473612600
473616574
453512691
473278683
478080666
478080738
453510867
468819566
458322820
472704512
452729032
472704473
472700549
456809230
456809207
456805582
448916000
468884987
448915943
448916819
476785840
472697879
468886876
456809159
468890859
476785820
472704448
452729024
456805594
448920701
452727788
468885641
456802540
448914149
469271351
449319917
457490722
457490648
457493855
457493846
453582200
473516264
453589324
473520227
473520226
453585293
457492499
449316698
469271255
473516272
449320637
469271248
469267778
469948223
469942222
469944226
449959721
449959688
454076410
454076366
478175147
458234336
458227802
478180983
473992906
449958365
454069733
473995943
449966246
469940295
454069805
473999523
454069832
454072371
470595704
470601563
450631467
474664714
454722683
458797538
458798050
458799298
458799316
470593646
458799387
478746023
470595604
458797516
474664635
449961005
470597679
469942901
472696522
454071086
457491183
458800622
478175727
458229148
448912850
453582670
474660689
456801230
454071063
452726380
452726367
468882929
457491208
454071087
469942898
449324607
474664673
452730731
454069226
474659918
477417380
458797484
457497782
478743347
457493828
448912835
478173087
473520215
457492502
449316689
453585304
449958356
454725843
469265978
470597662
449959720
473994248
454724549
454729757
477421023
477413043
476791058
478175074
468890918
453583995
478745957
449958364
452727782
458799305
477414356
454069216
469944184
452731745
472701898
448762318
472701839
472701821
476788486
468815687
468815621
452846538
468815682
456806583
448918084
472899808
448918055
452917930
448918059
476892690
472982969
468888222
476691119
452846513
468815607
456806536
476691147
452846500
457303038
473282693
477418325
473425462
457495235
457495187
453514055
477418286
457599436
449613674
457599442
469643522
449696861
469548618
453680378
457302947
449321958
477273088
477510862
469268654
449321962
457495180
469477198
453514108
449963651
453975238
477939526
477939435
473945423
473945422
477987389
470035754
474183147
450243626
454271691
470237226
450338522
474183138
473996861
458231729
453975222
453975219
469945510
470237273
458609795
450628810
454727146
458739990
470807478
474753386
478936035
458989370
470973879
478651319
470973839
454628622
470807486
455008300
451003734
458801932
454628626
456613810
468601841
476595707
469358392
470130310
454164807
474088022
470878767
474848126
449411735
470878780
452632654
472602830
450628792
454628663
453300712
477987371
453395262
469358414
476691101
478748621
468815586
478178368
470237250
474943191
458325434
453680345
472982963
455008288
478936062
457302950
448762275
468601758
453975232
473945404
478603426
458075962
448762298
450813821
454164774
473521539
448918082
453586707
470878746
453586635
455008349
455008277
469268607
454073704
476694030
456749752
448763633
448762350
476785134
456802577
476787111
448822011
476895335
452922136
468985899
476975192
472697886
472902449
448916763
456805612
453015858
476975190
448759676
448914125
476692443
477273160
473286594
453304696
473427041
449512565
473524208
453582179
453589298
457597595
449618954
449616846
469651412
473611310
477611030
453296783
453585338
449702116
453512730
469648768
477510893
477607470
473951987
477940782
473999538
477983418
454072421
478175099
458227256
450249126
454271771
478173116
450338561
478268139
450339806
470324348
478177073
470036987
458073335
470241183
473944062
457941860
470039619
474617128
458612667
454729784
458745196
454724500
458742560
474757578
458802011
454841420
470815383
478743351
470981708
455009591
458607122
470979071
470593670
470810106
454722651
470598974
474752032
458988078
476595035
456612472
476597009
469362722
457398803
477322346
453399208
478085981
450152763
458894402
470880731
478838368
470878816
474849974
474850772
474094540
450909917
469361007
473279991
477271794
458074648
454071101
474755991
474184434
474184432
450913875
449007830
470323022
476973209
473994255
453396567
457301642
470596313
452730770
470041204
458072800
458074652
458741240
450817784
453511412
454848545
458894406
476897966
478838370
472903766
458989445
470323028
470328304
477984736
474947129
470132946
468701189
448762304
472700514
452730750
448825973
476785158
452853159
456806504
472899874
472903803
472903827
476975176
456996598
452920635
468983266
472986934
448759661
468814277
472984851
476892704
456992656
453302381
457305916
453299405
449319882
473425472
473429477
457497826
453515374
469485134
453684389
453677189
453296741
457300300
469648790
449512586
469942218
470043626
458079934
454072426
458077301
470043614
470239214
470242510
478178348
454354395
458326733
470037026
474278060
474276735
454632939
474612382
474659910
450762082
478648732
450819458
470815390
470812754
474943184
455007819
474754678
450816554
450755498
474658038
474662012
458801960
470593698
478933432
470976470
468599777
476597014
472605459
452635707
469366294
453393917
458132165
454171467
474854811
474848132
450916610
454919830
474089283
456611224
456611128
454915870
454166187
470882726
478841024
470886698
470130332
470597638
476598400
477271798
452726394
470038334
477414426
452845186
478843636
458229054
453582678
474945891
474945831
457681282
457681264
478937392
472791843
469271262
449324610
478608700
478651340
450153758
454168803
470135654
458132741
454913264
470880770
454914579
476895304
477607456
453680348
458322797
478273409
453681665
454843287
449515391
469482887
469483016
449617048
469551304
449616652
449704845
449699681
469647388
449704917
469646036
449510106
449617931
469479894
469484992
449618189
449701085
469552857
449515252
449619041
469551533
449617928
470041016
470041410
450097493
470039541
450097101
450244557
470239011
450342935
450340244
470325020
450346971
450344339
450344337
470037429
470241461
450090894
450343935
450248807
470043234
450094061
450244820
450346494
470322570
470241861
470245949
450244821
470039931
450757413
450759726
470696769
470808863
470812827
450815228
470815470
451007015
451006216
451005644
451006221
451009605
450755771
470810511
450755562
451008999
451009468
450821526
470690696
470808987
450821523
451011849
450819172
450762627
470813152
470977098
469366725
469361441
469361440
449416233
450156413
450156767
470131700
470138901
470134937
470881475
450911175
450916408
450916412
450916599
450912645
470133219
449413121
450152312
449413595
449419527
470881660
450152307
450156237
450156892
469366719
470139028
470880269
470038091
450091554
450817871
449508429
469478577
470811839
450153459
450913967
450914164
470884833
469550343
449615283
450913773
470978549
450341211
450817564
469363422
469644975
469478392
450758007
470978157
469362536
450092087
469361183
469361176
450762234
450156497
449514591
470809124
469484861
470813019
470813022
449621495
449618848
450911571
449618852
450341564
470976701
450247326
470036771
450916805
469552196
469651182
449414697
450093448
469361574
450153776
449511063
470812829
450815453
450914433
450910602
449615288
470321913
449700207
470976509
470324428
450247456
449617791
470133222
469549820
470694017
470037292
470238880
452849207
472795871
472799658
472799825
452922333
452924949
472901192
452919671
472903845
472904313
453019497
453017337
472794246
452848372
472902726
472987073
472902729
452920856
452919143
452850353
472902990
453017205
472799824
453014562
452920328
473948492
473948081
453977949
473949899
453978305
453981740
453979529
474187535
474190146
474181862
454276442
454278827
474280724
454362374
454353611
454361852
474284690
453973418
454274729
454274858
474281615
474282404
473947682
474276858
453979526
454361985
474181301
454635671
454635668
474617805
454630254
454635009
454841606
454846686
454841490
474945093
474950308
474942386
474947200
474609287
454627086
474755102
454634744
474942126
454629458
474611646
455015385
474617798
454632386
452639681
452634539
452633873
472604327
452635233
454168211
474850173
474854474
474854480
454912768
452631419
452630966
454166495
454916248
474851308
472603928
454166882
472605203
474089678
474090640
454920737
454920077
452636693
472607442
474613840
474613317
474613444
452636519
453976461
454631704
452844815
474092450
474184211
452916105
454273098
474279417
472981403
472981718
474279230
453011657
452636250
453976060
473946328
454168997
474279894
472607438
474617273
474090774
454846286
474186868
474189484
452924022
472903514
453015128
453015125
474280586
454627217
454166627
454843648
474185528
474094696
455011686
474751936
472606844
474612045
454635005
474090777
454848617
474086694
474756845
474759461
474852368
454917260
454276180
454912230
454920078
453011925
455009973
474278972
474949517
452920454
472601769
454166490
474189616
472794770
472902986
473951608
456746249
476692871
476696298
476692508
456897791
476896113
476898354
476895981
476975253
456992385
476981385
456992384
456900425
476978742
456900423
456999380
456749507
476693417
456999381
456996740
476696823
476977818
476696295
457308666
457305521
457605621
477508499
457602980
477611577
457684823
457684689
477608933
457685294
477271019
457680539
457597247
457684424
457688381
457680930
457605617
457680402
458608863
458608734
458737328
478648187
478656104
458738130
478935455
458988983
478941189
478939079
478601154
478600830
458992808
458737460
478933791
458988579
478608546
478656663
458992100
478602806
458988138
476601623
477317613
477318530
477318536
477321609
457403525
478840527
458891901
458893940
478843107
456610766
476593835
478842185
478843106
478840007
478838624
477319718
478846349
476595206
456616581
458610714
457301535
478604790
477323333
476688551
458742141
458741745
477509586
478843503
457599018
458990781
478937231
476973458
456991065
457681781
476973066
478604786
476688375
458610710
457301931
477272201
478648583
456746726
477322130
478846676
476897823
458893538
457602186
478941584
476974451
458995047
478842713
458896182
476689298
478935042
478656495
456896693
458742003
458615333
476594817
457306047
478602405
458608073
456614898
478656501
456746366
456750290
476696294
477509817
457598180
456898142
476973068
458988137
456996213
457396266
478600625
476894390
477509420
477608799
456616052
476891678
477275367
448763889
468696308
468698848
468819632
448822943
468985953
468986535
468979341
468980667
449009668
449015613
468980732
448821069
468694986
468814408
468814413
448760322
448823068
448823070
468986276
468983901
468694328
448825552
453304979
473286846
453299692
453518762
473421774
453296826
453681734
473616323
453682576
453304187
473279186
453515594
473614250
473426812
453513224
477937535
457943229
457946775
457949396
477940832
458072042
458077341
458077338
458072576
478270292
478269363
458074221
477984227
457941903
458327259
478269894
457946648
458080028
478274054
458073428
477982899
457949390
468605795
448630223
468605853
473334760
453391329
473328602
453393980
473329406
478080215
458140089
478078703
458133482
448627725
453392711
468598588
448635323
473326052
453399304
458134809
448636238
478079284
457944546
457944244
473280047
453297849
448759000
473422863
468812427
449008485
458324174
449007687
478270631
449007879
473612884
458136918
453396666
453678219
468811770
448632998
473280638
473612358
448635848
473286455
468600834
477938778
468693539
458080154
448758870
453399700
468812888
458133222
453510258
478276175
449015480
478268246
468694067
453681783
458321790
458131972
453391851
453393104
468812296
473281214
453302091
457943452
457944116
453392130
473325918
473422868
478078437
458133486
473614527
458321524
468985946
453679803
449012841
468694065
448820930
468811772
473611563
452730933
472701161
452734852
456804983
456803096
448915475
468884295
448914165
468886355
448914759
468890967
468887141
476785828
472697999
476787215
448916129
448917404
452734851
476791696
468885689
469267895
469271684
449325284
449321195
477417572
457498700
473524712
453582335
453584762
473518684
453581673
473524238
473520885
457493414
449316436
469263892
477416087
469270892
457494077
449324357
469262972
457493896
449960219
449962100
469944272
469941617
473995605
454069295
454076420
454068881
458226623
478173734
478174329
478175246
454070655
469940507
478176909
458234732
454072511
478174718
478177832
458235257
454072767
458234465
450626056
454725381
454724723
454722148
454730000
458796723
478744694
478746095
478746093
470593503
454723401
450624035
474656615
474657932
470596149
470596406
449960873
470597673
450627329
450628119
473994779
452726930
454071983
454726041
456800855
476783195
458800742
458229316
478175582
478747408
456801112
474660566
473517717
458800696
469942946
450631559
450631556
469948292
449324489
454726571
454076600
452726800
476783775
476790908
458229844
456803495
448916476
470593901
452727326
449316569
450623631
468884165
454076595
470597672
450624689
469266399
474659969
454077256
454072641
452729438
456802610
477416643
456804974
458229188
474658121
473992972
453585429
454069864
449324355
456744359
472701952
448762962
472793586
476789187
456806571
456899471
448918120
476893072
453012587
453012579
476975913
453012712
472983641
468815727
468815729
468815730
448822024
468982710
468888989
448917929
469268697
449322042
477272993
449322041
457495223
469476813
477510604
457599674
473521276
473521278
469548100
477606292
469643577
453681263
449697527
457682657
477418192
457495398
453514283
477511265
453680418
449613837
449964174
453975663
453975143
477939837
473996934
458076329
450243105
470237307
470237306
478272873
474277781
458325806
450338570
458325551
454354937
477986994
454272090
454355778
450089571
473945534
458609831
454628274
454628403
474610809
478603470
450629439
478651386
450753916
450753921
458740158
470807346
470973662
470973669
478748728
458609260
450813602
455008778
455008780
474662283
458740419
452632551
448631493
477321177
453396141
449411870
453395608
478082069
454165173
478082258
478841068
470878827
474847876
450908759
457397583
454914137
457397589
450148180
474847877
468696698
476690622
473330402
478082394
450813737
470807738
448821459
458894862
458894860
477605507
474943311
468981785
474277910
458609525
452632821
469269171
477320694
474662157
452732210
449411874
472793582
469477335
453514539
454913478
453586875
478936109
449011838
476975709
455008517
454727225
468815726
448823204
456806922
472796783
468819827
468819821
472795436
468891236
472901055
468885959
468979607
476974715
472985487
453015256
448917005
468694455
476894135
452847582
456805372
456901469
456809296
468698439
476981250
468885953
457304051
453299300
477274350
473425733
469482090
473429294
477507964
453584498
453681122
449697392
449699291
469552067
457493020
477511922
457949657
457943058
469944599
449962491
470040482
454072902
450243890
470238483
450251019
474278439
470328182
470324228
449958494
453973550
478181393
457946090
458232485
450629315
450631684
454628936
450625086
454730267
454730264
458737588
470808134
478941448
470975051
458988316
458990163
450623771
470594031
478600895
470594032
478941450
458992280
470594036
458745435
478606166
452639021
472603352
473329004
473334232
469360649
478079684
458136125
474090374
474094298
478841660
474848667
450916276
454914663
474848666
454166222
473327630
478839869
452633078
472609286
477317871
469264817
457301406
476598450
474660964
476688242
456741719
476783514
454168862
449507861
474755630
474851975
449614755
473612759
478937489
470977631
454356304
468978220
458229581
476688243
469478128
477938378
470811304
458614805
449318288
472604058
474617009
454071584
458076724
474759593
470131566
477413175
476787470
478841658
470245024
449010638
470981585
469359330
457600995
452731820
456744536
448761569
448825985
448821860
472795695
452853255
468885630
449011916
449016269
453013905
472985493
456900784
468983505
468984029
472987599
448759721
476978740
449013629
472704330
476787210
469267497
469267230
477274612
477418856
449512766
449506544
449510505
473516322
453677369
477606724
449701881
457492758
473616317
453513485
469484990
469265610
457946228
469946312
473996130
454069290
450093038
474186741
450248409
458234418
470237312
474181863
470242586
450251150
478272741
458322449
470322446
454361847
477984621
450247454
454275255
478269893
450338660
474181695
450626850
470597070
458612056
474662084
474661760
478751310
454842860
458988976
455009655
470976566
458986936
474949515
478600828
474609483
470690162
458607412
458992804
450624558
450759326
456615033
456619132
456613012
468601097
457403524
458139693
454165700
458894420
458899696
454914669
474849243
474089811
454916775
476593828
458131709
458894732
453393365
450627594
469943010
457301536
477323812
453397061
470038382
458742136
450818222
470136386
474184077
448913442
449615282
458990961
455010975
449698838
476973460
457681648
455011419
450627990
448635845
453975008
472607307
477272200
478605376
473330408
468698045
458802332
474849771
448913310
453581538
470238746
477507832
477606856
449700686
477984485
458799690
457396660
469479578
449512378
469485526
469481577
449622208
469551030
469647921
469651877
449701486
449701354
449699636
469646069
469552593
449510110
449617930
469552302
449618344
469648797
469553768
449510022
449702740
469551142
469556802
449622292
469646705
470043670
450093056
450094469
470040886
450096981
450097373
470245245
450251178
470243247
450248876
470321792
470325099
450248034
450344338
470036997
470326011
450346582
450096706
450339953
450343845
470037450
450096749
470245839
470325183
450244542
470039898
470694392
450757534
450759465
470692122
450759513
470808884
470815461
450815622
470813631
451006833
451006964
470976514
451004920
451005514
451009210
451009264
470810547
450818936
451005316
470691318
470812894
451009528
470690850
450756812
450759712
469366889
449414456
469366229
449419840
450156941
450149561
470131988
470135127
470880080
470881587
470883514
469360229
470133099
450912454
450912460
470886963
450149621
470881743
470134414
450911384
450911456
449413648
450150281
470882211
450911144
469363738
469364225
450758812
470038194
450091805
450817821
469549602
449614948
449614912
451007697
470977761
450340949
451008268
469644982
470240146
449508114
450817809
470692902
470323863
470693358
449414698
470040704
449419948
450821646
470812102
470815743
469482233
450246538
469553516
449615536
449615572
450251250
470321864
469645937
470978427
470810415
470693298
449414636
470325867
470697021
469362380
450094841
450154289
470808824
449511390
470134971
450251322
469556778
449618973
450244530
451005172
470977947
470037402
470133255
470325951
450821514
451011856
470815551
469646273
452849601
472795870
472797536
452922308
472901876
472904116
472904488
453015526
472984508
472984845
452920990
452847849
472903192
452850341
453014333
453016028
472903048
472794402
472989736
453981910
453977826
453978162
453978330
473952545
454271374
474189174
454278890
454278902
474187064
474276693
474276765
454361930
454358817
473944577
454274866
454359302
453973770
454359770
453974218
453981390
473951573
474276862
474280868
474185682
474181734
474611924
454630422
474614824
454635642
474757352
454848633
474752110
474752418
474945224
474941656
455015138
474947410
474754422
474754186
474609249
454632130
474751810
474614308
454840928
454632140
454626846
454848561
474614740
454634958
472604804
452635234
472605640
454163540
474090272
474850065
454912774
474854452
474854536
452631369
454915942
454916858
474850522
474089669
454920302
454912292
474846964
454912856
452639645
454171401
472605441
454166558
452637221
452636661
472606809
473946789
473946845
474091978
454844673
452845349
454845014
452916054
454917442
474946486
454357118
474945628
474945568
454356650
474945616
472898644
454273442
452917014
472981816
452635498
474613714
473947904
454629906
473947928
452850149
474086813
454168010
452916846
474847132
474279797
453013774
472985428
454166714
452847413
454274602
474851020
474756270
454274666
474181554
454632620
473946765
472605616
454634994
474617416
474757256
474094745
454169606
454841445
452850453
474852412
452924766
454270928
474284237
474281921
452920938
454167062
472903096
474094445
452638901
472987444
454362002
454844078
453977358
476694105
476696730
456747658
456747317
476895405
476975336
456999225
456999749
476689398
476894859
456743273
476894463
456901580
456745520
476898243
456992789
456746909
456903942
457305632
477278993
457304182
477275933
477513560
457597641
457596850
457605554
457602926
457680368
457680765
477611537
477512106
457685302
477270489
457601690
477512538
457688386
477508086
457684454
477275405
477275417
457305452
458615490
478606077
458738276
478656106
458738097
478933335
478650474
478649638
458992634
458607498
478600749
458607117
458738750
478650258
478601936
478601403
458611868
458612649
458608026
478941219
456615574
476594422
456612281
457394912
477318461
477326285
478840556
458892574
458893226
458893874
477319329
478843191
457397150
457396534
478842171
477319025
477321680
478846546
457402870
458893418
477317777
477325709
456616582
476598394
478605051
478605195
476598345
458742230
456742037
477509553
456895938
458897906
478844019
478937361
456991913
458990697
457681390
458990709
456896286
458991254
476688118
457400270
457598498
456991505
456895890
456991073
478937259
458611378
456615260
478609023
478602344
477326117
457395344
456742277
456745450
456745412
458897774
478938022
458991490
476980971
477604805
477511758
476593438
457685354
478601043
458607042
457305188
476981019
478608927
476601651
477274952
477274556
477325941
476688930
456746300
458897846
476890101
456897258
476895255
456999213
478934211
476973519
477606668
478842357
478600785
457600946
458738738
457601270
476978727
476598243
476692026
448761704
448766992
448761513
468698314
468700902
468819597
449011196
449015817
449009860
449010404
449013436
468983638
468815139
448820322
468698182
468983955
448763560
468979316
468815007
448766776
448820298
473281905
453304494
473281328
473429830
453515906
453511028
473619004
473611353
453685238
453512697
473616322
473616340
453512745
473424418
453513554
453515618
473617084
453676424
473421282
453515678
453516146
457949398
457949418
477940821
477991782
458072578
458330234
478268067
478268847
457942314
458327738
458326870
478274115
458329946
477985170
457941897
458073890
468606591
448629046
448635508
453394778
458131520
458139518
478080681
468597675
478081342
448635292
453393370
473328752
468599108
453394106
458131532
468603543
457944078
473279872
477986470
448818070
448817985
453511473
448817598
478083699
458325022
478270707
473612344
449008060
453511730
458136681
468977859
473279961
448630592
448629250
457942902
477938811
453397330
453510284
453518198
453510188
473421162
453518150
478276179
473613812
458329658
473611144
478268307
468598198
477935643
473331976
458329682
477943515
477983130
448630328
457943169
477982878
473333860
473429397
458132348
448825905
453518510
473611948
448820625
448820358
468984015
457942110
449015980
458323322
452734378
472705036
472704664
452730356
456802629
456805004
448914748
468884444
468887223
472697998
476786475
452728757
468891651
469267916
449319921
449324686
449320804
469265921
469266406
477417405
457490745
457490649
457494818
477420629
473516002
453581684
473520940
469263941
453586310
457492894
477415253
477416914
473519445
453586286
469270937
453584930
453581636
457498190
449960218
469948503
469944927
454077130
454076822
458227281
478180923
469940241
473992534
469940265
478176975
478177719
449965925
478174652
473999505
458234373
449958137
458230574
458234498
470601747
450625528
474665236
474656548
478751241
458804673
458796752
458804714
478751883
474657934
458799393
470594511
454722022
470601507
478746687
474659372
450625456
449318686
449318025
470597734
473994761
452726458
454726174
454071998
477414953
468883054
473517388
453583082
469264277
458800641
452726909
453583130
450631564
469267102
470601903
472697116
454068680
472700242
474661204
478747995
478744904
457497998
457493978
456801617
473516116
448916488
469263089
458804990
454068692
458228030
449324613
469941572
452726045
458797136
458801078
457490072
476787855
468886335
448920544
478177839
452727377
468886995
478181271
449961920
452730068
456745061
456744629
476789271
476788798
468815674
472793062
448918396
452917953
472900468
472900108
449012512
449011773
456806405
453013037
476788563
468696810
468888615
476788803
456744269
469268789
457303030
473282908
477273141
473425473
449506546
469477781
477510654
453587186
453586665
453586970
453680433
453680762
457682918
473425254
453587102
477605861
449321961
449963709
453974878
473945201
473996501
458076542
458232230
474277786
458325814
450338177
470320389
474278537
478272015
458325818
457945290
453974706
477939327
458232254
470035146
470237571
470320695
454628370
454628442
450754209
474753822
478748637
458802466
470808351
470808303
474943054
478936239
451004296
478935910
455008526
454628190
470688690
474610300
478650990
478748799
454727306
456613721
468602571
476596474
476596479
473330332
453395702
453395241
450148937
450148157
470878611
458894558
450148373
454913614
457397594
476595567
478841151
456613457
454913510
457945570
476596083
473945333
472603096
457302582
476690598
458076290
456744077
478651170
454165346
468815470
478841475
449011588
472982692
454355126
449963477
457495286
457599578
453300450
477987762
458076482
477418109
478748931
454165742
470237253
458894510
450338517
472982776
454355270
456993665
478178631
452917770
469477049
452846357
448763758
448825842
452846926
456899358
448914352
456899298
468986146
472989496
448917076
472983532
456743069
468885975
449322532
457304034
453301916
457490458
453510548
453518438
477413141
453589786
453587426
473615794
477606920
473616724
469648373
457685498
477415853
449617444
457946142
473945837
477943719
457943046
473951753
473995760
458076818
474189358
470237979
454275854
454353680
474281746
477991182
450342104
450346061
458080298
470595440
458608254
458608230
470601963
454722440
458745482
470808142
458798510
474949696
458987000
455007068
474941734
455009798
458992282
450815958
470594067
478941483
470689926
448630448
468602475
476594492
456614177
469365965
449414170
453391676
454165570
474086441
458892056
454919966
450150749
453392974
449412784
473328944
450912364
458610822
469264822
474660970
478747755
458137082
472791438
470811339
458229602
454273190
474851944
450340774
458991050
449697988
449697928
478937475
477323129
473331580
468693102
457400366
458614794
472604036
453391700
468697446
448762804
473326336
454165610
470808159
468816243
448819170
478841691
448913092
470237907
449616068
478269716
450338909
470981607
476974640
457688126
449009248
477935751
448763812
476784476
468815661
476791335
456902084
468886023
476895987
456999161
472984821
468979436
468694974
448759677
448759540
476892999
472700392
453305094
477274964
477275757
477418365
453586689
453589862
449613484
457600010
449699300
469646657
449700616
457684310
449316729
473426516
453586130
457943094
477939891
477943815
450096617
474187076
454271769
454276586
470242899
474277817
458321492
454362254
478268007
478272003
458073333
470035338
473951585
454278698
458228174
470596443
458614650
458739969
470691705
470696718
458802530
454849466
458796836
474950428
455010374
478939479
474657820
474753150
478941723
468602607
476596407
448635460
473328836
469362332
474087149
474087017
450911769
474847336
450910444
470132949
474088865
457397654
474846940
458611089
456616565
470692890
458137610
454168749
450153425
474852352
448913104
469550298
457599038
474279869
456990917
457681406
474660592
468606135
457307850
473330452
473423082
457490036
453510224
474849716
450246486
452918706
472989304
458323070
474754542
456803501
476593443
454070042
450755608
454277983
454288113
454277567
454288254
454277950
454361155
454382273
454381975
454360570
454382009
454360831
454264749
454264794
454370399
454264737
454264734
454264342
454369854
454277405
454288030
454370083
454264471
454264493
454360749
454370117
454382231
454288493
454264231
454381867
454360841
454360750
454277981
454381881
454288517
454858398
454847795
454858482
454847806
454847925
454858783
455014547
455014291
455013880
455013883
455014222
454822762
455033620
454822450
454822485
454822497
455033694
454822895
455014162
454847572
455045838
455045803
455045800
455014156
455014511
455033659
454858725
455045526
455013847
454847562
455014542
455045830
455013822
454858480
455034045
454191658
454170545
454170514
454192161
454170754
454191873
454919215
454950465
454918786
454918783
454951161
454919183
454919236
454926767
454926766
454926845
454155898
454927377
454155880
454155953
454926718
454918955
454927175
454950670
454950631
454918919
454918948
454918977
454950659
454950869
454926873
454170737
454918989
454927423
454171072
454951193
454192126
454155823
454834631
454835022
454180318
454180257
454180301
454179874
454179858
454939300
454252180
454938868
454938909
454252451
454252846
455021817
455021945
455021944
454345965
454252331
454834324
454179581
454938738
454938726
454252859
455021766
454939252
454252197
454346106
455022462
455021742
454179724
454345930
454938845
454834735
454170634
454847647
454191743
454858266
454191762
454939019
454939012
454287846
454287858
454950799
454950727
455022178
455045650
454381619
454346303
454156110
454369673
454156091
454927037
454156096
455033789
454950737
454927001
455022166
455033827
454950749
454381554
454835001
454170671
454170498
454170499
454858255
454950484
454287882
454252218
454938885
454288087
455014493
454361087
454381677
455045695
454822703
454156145
454927026
454369792
454370321
454155845
454926861
454156504
454822835
455022043
454264463
454370057
454287955
454381809
454382202
455033899
454191880
454834606
454170645
454171038
454180053
454179727
454834507
454191870
454938583
454277956
455014553
455021815
455045649
454382260
455034341
455033638
454822445
454370344
454822853
454927134
454370062
454950630
454381840
454252315
454919454
455022427
454170474
457604135
457604123
457604395
457614911
457614550
457603951
457604001
457604118
457687559
457708090
457708397
457591185
457696259
457590657
457590738
457696750
457591145
457687123
457603870
457696471
457614366
457696487
457590869
457603822
457590921
457591158
457696763
457696233
457708626
457603937
457614895
457590885
457603858
457708410
457614677
458744602
458755438
458755043
458755399
458755007
458754991
458994079
459035722
459035721
459036331
458994003
459036315
458707470
459023913
458707107
458707434
458707603
458743999
459036198
459024402
458707611
459024441
458744075
458754959
459024283
458744395
459036285
458707519
459023890
458754634
458755090
458993478
458744559
457401911
457401893
457402169
457423233
458899303
458940765
458941207
458941519
457375973
458916993
458917779
457375155
457375235
458916946
457375714
457401646
457401559
458940939
457422731
458940987
457375475
457402355
457422945
458898467
457375205
457422943
458899313
457375474
458917533
457402090
458941029
457423251
458899229
457411665
457411091
457411234
458731133
457411101
457411086
457567038
458928795
458929594
458929199
457566645
459012039
457660367
459012291
459012249
457660563
457566858
457566906
458730839
458929085
457566822
459012437
457566977
459011991
458730870
458928827
457411199
458731065
458731623
458929265
457411263
457402038
458744291
457423115
458754905
457423123
457411366
458898886
458929407
458898834
458929410
457686675
457686731
457707881
459036029
457707883
457375590
457590406
459024107
459024183
458707306
457686711
457614101
458898862
458993790
458941073
458917339
459012510
457423119
458731247
458744815
458744423
457401859
458731637
457567003
458929641
458898475
457614151
457687467
459036057
457686941
458993811
457590395
457591110
457695993
459024261
458707851
459024395
457614342
458707587
457660878
458994030
458929397
457411635
458754975
457423239
457402398
457411642
457411087
458754861
458731353
458899014
458929402
457614165
457614555
458929267
457661155
459036593
457708407
457707849
457375630
457375494
458916958
457696779
459024269
457696347
457401606
457410850
457696467
457422762
459036161
457614387
458929615
458941494
453517411
453528227
453527974
453517674
453683995
453714940
453683302
453715639
453715603
453492189
453703139
453703126
453703396
453492126
453491889
453683567
453527572
453703482
453703480
453703494
453492323
453683589
453715626
453527771
453703362
453703518
453528163
453517338
453492297
453703783
453527824
453715366
453527800
458079333
458079150
458089879
458329078
458371055
458328247
458370511
458359043
458041762
458041791
458359389
458042553
458359041
458358642
458358630
458328642
458359138
458042283
458359086
458042361
458042358
458079251
458371271
458090067
458089807
458328231
458042199
458328766
458078805
458089743
458041759
458359125
453398842
453398577
453398143
453398536
453430282
458138999
458138997
458180427
458138207
458138649
458145515
458144794
458144932
453382239
458145525
458138303
458180488
458180499
453398015
458145292
453382761
453398787
458181160
458180559
453382207
458144764
458138265
458145562
453398835
453429819
458054505
453418278
453418631
453418630
453480274
458168879
458169342
453667497
458334795
453667366
453667276
458335607
453667413
458335606
458053679
458335198
458335206
453480051
458053715
458334834
458334837
458168487
458053768
453479853
453667689
458168494
458168956
453418275
458054218
453398430
453398479
453430091
458078934
453430087
453480454
458169011
458180755
458335407
453667804
458041978
458145111
458145195
458358695
453491728
458358702
458041894
453683155
458335359
453516811
458370604
453527367
453382599
458138530
453491803
458180800
458054083
458054085
458079256
458089687
458138586
458138683
458180831
458334849
453714928
458371239
453667875
453492117
458358568
453703311
453480023
458053691
453398034
453382719
458078730
458041963
453480280
458053689
458079255
458144887
453517192
458054253
458054107
453418341
458138950
453480667
458181234
453517198
458168875
453516837
458334883
453715671
458334931
458335003
458042584
453491721
453703131
458359348
453382242
458053690
458168695
453516939
453429718
458054169
458334835
458358604
453715623
453382206
457497479
457497214
457518275
457518274
457497153
457518007
453588946
453620567
453620302
453588883
453619963
457482946
457482893
457482227
457482238
453596213
453596277
453588430
453596608
453620038
457482619
453596537
457482681
453596839
453588235
457482955
453588677
457518004
454096613
454075497
454075495
454075978
458276278
458276193
458275979
458276263
458234019
454049579
454049109
458252519
458251642
458252511
458251990
454048833
454049335
458252251
454096306
458252189
454049287
454049071
458252243
454075227
454049362
454049107
454096563
458233241
454096587
454760440
454760851
454728705
458803403
458846253
458803995
454713525
458810877
458810146
454712800
454712859
458803612
454713259
458810578
454728555
458845816
454713255
454713319
454712901
458845847
454760308
458803408
458803411
454713322
458810050
458846212
454760770
458810541
454060978
454737352
454060792
454061440
457470491
458822745
458822165
458822229
453573046
458240627
458239839
458239888
458240560
453572307
458239905
453572531
458240111
458240026
454736476
458240039
458240033
453572499
453573052
458240099
454736747
454736740
458821889
458240621
454060983
453573029
457470268
454096498
454096420
454075301
454760515
458803691
458803690
457470773
458822451
457517741
458803743
453572818
458233306
453588123
453619762
458275535
458275583
453572847
454048906
457482077
457482160
454728821
454075288
454760507
458822417
458810347
454075371
454760511
454061237
454737076
454097087
458804213
458803955
457497127
457517987
458822187
458803425
453573076
458239943
458233359
454713057
454049039
454049037
458810333
458810331
453596261
458810151
458251841
454712745
454049299
458233433
458252183
458275671
454075169
457470508
458252443
457497388
457517853
458803420
454729421
454060975
454737355
454075768
454096558
454060795
454061181
458821951
458846458
457518051
457496866
457470729
453588951
453619834
458275468
458275942
458251720
454712801
458251797
454713293
454075174
454075204
457517871
457470331
454713557
458240313
454760765
453504466
457506275
453504017
457506273
453608092
453608687
453608315
457578844
457579242
457578646
453608082
457672373
457672965
453691192
457578730
453691470
457578719
457578713
457672588
453608154
457672986
453691509
457578772
457672641
457578778
453608309
457506316
453504412
458066397
458066394
454085219
458065865
458065854
458263955
458263954
458263914
458264349
458263953
454334230
458347031
458346946
458347158
458065607
454084419
454240421
458065601
454334706
458347146
458263541
458346981
454240449
454334226
458065521
454084485
454085223
458263553
458719799
454749238
454748560
458719066
458719727
458719792
454811230
458834555
458833834
454810434
458834231
458834223
454998045
459000939
459000226
454998711
454810619
459000558
458833930
454810539
459000911
458719707
458833960
458833962
459000477
454810396
454748397
457387379
453406799
457387372
454144151
454144138
458156667
458156601
458157461
458156597
454902802
454903593
454902935
454903150
458156728
454143927
454903619
457387115
454143808
453406049
457387065
453406779
458156944
453406731
458719222
453406396
454084540
454748656
453503603
453503638
457505926
454144191
457505838
454240326
458905468
454998119
457672181
458346819
454998183
459000340
454903217
454240319
453503610
458834032
454903215
454144210
453691122
453406395
454748626
458346834
458157016
454240289
458719259
453406218
454810733
458834577
453504389
454903629
457578831
457579230
454998177
454334081
457672947
454334285
457578701
458905335
453691432
454084415
454240361
458905865
457672557
458347482
453405957
454748511
453406750
458065936
454144102
453504063
458834189
457506135
454903674
454240305
458264392
454240174
454334025
454998641
459000345
454997837
457672299
454903086
454240438
458905314
454084432
454334176
457387170
453504214
457497042
457506389
457518154
453527663
457497023
457518161
457518151
457497077
457603667
453620190
453620164
457672775
453691582
453691591
453683392
457707982
457672732
457686857
457696067
457696072
453596422
453596447
453596440
457518131
453683430
457518148
453596419
457497016
454084979
458089567
458079006
458233638
454277207
458264083
454287723
454277151
458275831
454334491
458347287
454381397
458328466
458358850
458358846
454049203
458233577
458358869
458275818
454381439
458089543
454334490
458347246
458264093
454748974
458744219
458754736
454728966
454811011
454857915
454857971
458803839
459000607
455045446
459000619
455045411
455045403
454713154
458707180
459023987
455033483
459024011
459024003
459024054
454822327
454748883
454847368
454857931
454811008
458719450
455013726
455033530
454857934
453429952
457422895
458138429
454191339
454191363
458157209
454144330
454191343
458898623
454950407
454950328
458898567
458898571
454950331
457375301
458917060
454926580
457375371
453382475
458898593
458145031
453406451
454170207
454155730
457401711
454736898
454061044
458730959
457410965
458053918
457470629
458822279
458168775
458168742
458240243
454938455
454938454
454252047
457566771
458335150
458335061
455021680
454345780
457660446
458822286
458928953
457470676
454345782
458929013
457410951
457410963
453398297
458730983
454084943
458744155
454748908
457410978
454810955
458168795
454847379
453572683
453588475
453620151
453683383
453691564
454381415
453703179
454049163
453382459
454345806
455013702
457686810
458275805
457518112
458089551
457387606
454736911
454748933
458754725
458168743
453527626
458928982
458240167
458905578
454334488
458328478
455013706
453691647
454360300
458042104
454822277
453703263
454369552
457387566
458730931
457497163
457506441
457518191
457506287
453608721
453620589
457614280
453620322
457603931
453620227
457687483
457708337
457672996
453596831
457590726
457590597
457482641
453691480
457708205
457672470
453691485
453608193
453528172
457614617
457496896
458065965
454096581
458065830
458079141
458089699
454241003
458263563
458275439
454287750
454360351
458347275
454381661
458328221
454382191
458042094
454264311
458358899
454369589
454048791
458042310
458252202
454264446
454370045
458328615
458233985
458252467
454075623
458744205
458755362
454728731
458744407
458719516
454810847
458803439
458803959
458993687
455014475
455014203
459000261
454713186
459024039
455033874
458707048
454712757
458707576
458718963
454847491
458707575
458803864
458719359
459023851
455045430
457387353
457402101
453430013
453429832
453406235
457423483
458138939
454191585
454170467
454903403
458905879
453382973
454155940
458138275
457387085
453429699
454927085
458138668
458180380
453430227
458054459
458054457
454736944
453418133
457411607
454736783
457470497
454180235
458168502
457567360
453572406
454938832
458240584
458334827
454345828
457660551
453479994
454834287
454179569
457567361
454061463
454736943
458169292
454737047
458731338
454084579
453406361
454061200
454144247
453480391
454834687
454179971
454938964
453619794
458263698
454950715
457672207
458370599
458370592
454381527
457707811
454713017
459024112
458358711
454810708
458898845
458065695
453702943
454381530
457387878
457422954
453480175
457470499
453517347
454192110
453479863
458239795
457604319
458276224
454950717
454902846
454998677
455013749
458347516
457686879
454381924
454370308
454926822
455033873
458803565
454927086
458359108
453504177
457506271
457496886
453527921
457604392
453620334
457578622
457604344
457686886
453715354
457672375
453715637
457687012
453691195
453492185
457590604
457672579
453503743
453527518
457517898
453492257
453683421
457590760
457696101
453620574
453491897
454084977
458079329
454096713
458089709
458089853
454096590
454277979
454288474
454288107
458263999
458233557
458347522
454381485
458328245
454381707
454264395
458358898
458251942
458252454
458065570
458078746
454096278
458089277
454264467
458042357
454075686
458065783
454729005
458755384
458719135
454761078
458803870
454810846
458834635
458834551
454847787
454998643
455013754
454997839
455013814
458707846
454712862
459000511
454822887
458845770
458803809
454822875
458810178
458993512
453406497
457401844
454144087
458138717
458180649
454191321
458180969
454170531
454919211
458940813
458898436
454903591
457375504
454927354
453382289
457375732
458917528
458180501
454950603
458905315
454156275
454951131
457401820
454060942
458053941
454736650
454835031
458168561
458822301
457566777
453572454
454252863
457661140
458334929
459012220
459012436
454736490
453668105
454345797
458730933
458169281
454939251
458719234
457423090
454096434
458065675
457470750
454834731
453516881
454858263
454950718
457614076
453691123
459012484
459035980
454713066
458145113
454927035
458898856
453683153
454950735
453429845
454736790
458731108
454811215
458138681
454180275
453479885
457566741
458233362
458929396
454287693
454288083
458905207
457672231
458370717
458370449
455033505
454334287
454927119
470244707
470254975
470244414
470327601
470327338
470348407
470231070
470231470
470336573
470336722
470230991
470231453
470231203
470244155
470336849
470254710
470327441
470327826
470327827
470348589
470254734
470327297
470254950
470336685
470327862
470244129
470244394
470825074
470825071
470814918
470981243
471012658
471012621
470789478
470789830
471001065
471000604
471000371
471000664
470814263
471012563
470824806
470824854
470789572
470824807
470981229
470789598
471001039
470825447
470814484
470789479
471000777
470814225
471012250
471012690
470137498
470158917
470137207
470137259
470137253
470158915
470917919
470885968
470123261
470893498
470122553
470122677
470893816
470917325
470917319
470917355
470158217
470122948
470123237
470893881
470137456
470122576
470917855
470886197
470893857
470917329
470158185
470893594
470917577
470123203
470146978
470146582
470146630
470219195
470905641
470313347
470988539
470988526
470989180
470988657
470312687
470219045
470801027
470988726
470905510
470905504
470146326
470801021
470219183
470905977
470905319
470988617
470801154
470905581
470312776
470313310
470312766
470801740
470147032
470137403
470137367
470146735
470824939
470885803
470885839
470254618
470917516
470243982
470980691
470313053
470988899
471012353
470327159
470327158
470789298
471000503
470230792
470230798
470230805
470313041
470988887
471000511
470814352
470158447
470122879
470327170
470327178
470137360
470158516
470254613
470789275
470814417
470146473
470825459
470158865
470814497
470814499
470244040
470254811
470905602
470254603
470981215
470989163
470989161
470348321
470327801
470789813
470894106
470231044
470893578
470988767
470336776
470905470
470980950
470893747
470988918
470137480
470814237
470917865
470348658
470801347
470137518
470814953
470824929
470801194
470254942
470905327
470988502
470327596
470313021
471012257
470122881
470122746
470894110
470231464
470336518
470893566
470336409
470980841
470231212
470254684
471012485
470893830
470122845
470327464
470158314
470218915
476908079
476907811
476907799
477001210
476980145
477001523
477001519
476980397
476989378
476989871
476884301
476883869
476884055
476884014
476989591
476896943
476989650
476980222
476989879
477001749
476908014
476883753
476883881
476883871
477001390
477001734
477001758
476884255
478607962
478618403
478618762
478940875
478992659
478992753
478993415
478981694
478981702
478981354
478558374
478980827
478558458
478940478
478981439
478559035
478940438
478940563
478607877
478617863
478992705
478939898
478618434
478940838
478981533
478607930
478607834
476621093
476621373
476600194
478845539
478898627
478898618
478844875
478898363
478898337
478844902
478897678
478897699
476561645
476562221
478874878
476561306
478874339
478873894
476561933
476620715
476561870
476561930
478898011
476561675
476599581
478873919
478873910
478898570
476561275
478844855
478874837
476561954
478874863
478897697
478844873
478595026
478594626
476609230
478594446
476609181
478594509
476848667
476848269
478885826
476847750
476848178
478886265
476941379
478969294
476942301
478969858
476942330
476942003
478594058
478886225
476941898
476848055
476848050
476848082
476942349
476848134
476609657
476848214
476848265
478594586
478969818
476609662
478969461
476600071
478607669
476621194
476621202
476621206
476609454
478886395
478898138
476907106
476896494
478969654
478993046
478993087
476942066
476561837
478874382
478981223
478981206
478874381
476561801
478874447
476609393
478618166
478618171
478940294
476896534
476907053
478594999
476621226
478618338
478618469
476621059
478845789
476897159
476896579
476907717
478845782
478969639
477001703
478992693
476941433
476561825
478981737
478981343
476883689
476561822
478886189
478558855
478968954
478594598
478980811
477000858
476907137
478594987
476609493
478607933
476621590
476609299
478845534
476907586
476907662
478940609
476942335
476980406
476980394
477001174
478993113
476561662
476883345
476989322
478558421
478558773
478940477
478874514
476608831
477001358
478874598
476600025
476980094
468819105
468818723
468829267
468985402
469016815
468984742
468985103
468985101
469004578
468793302
468793965
468793636
468793738
469016675
469016646
468985122
468793343
468793341
468985398
469005235
468818457
468829228
469016442
469004839
468818409
477953122
477953469
477942514
477953241
477942561
478275599
478275583
478274638
478328121
478275230
478275237
478275502
478275290
478316518
477893181
477942034
478316246
477952494
477952495
477941986
477893838
478315557
477953423
477893159
478274623
477894074
478275582
477942033
477953066
478328094
478316467
468636695
468604618
468636683
468636679
468605205
478085517
478085479
468577486
478101658
468576530
478101938
468576621
478102672
468577550
468577288
468604351
468636035
468635962
478137623
468604276
478137645
478137979
468576590
468576592
468576597
468604918
468635937
478101982
478084552
478085416
477917471
468624611
468624610
468625002
468770277
468769870
478125995
478125414
468957046
478291994
478291763
478292678
478292686
468957318
468957246
477916859
468624146
478125676
468624107
468957266
468769809
477917123
468956740
468957702
478126420
478292050
478125988
478126024
477917563
468624814
477942295
468636562
468636527
468636526
477942294
478137818
478085022
468828718
468769958
468957379
478292398
469016123
469016114
477893459
478315852
468577060
468577082
478085051
468769960
468984474
477942290
478327662
468828682
478274838
468624376
468636911
468624645
477953047
477942618
468770243
468819019
468829182
478138262
468818618
468984499
469016356
478328063
468957434
468985072
468576851
478101698
478316051
478102624
469005138
468793936
478102367
478137604
468577245
468818176
468636542
469016358
478126000
477917602
468624343
468636910
477942556
468625027
468818846
478138270
468957055
468985430
478274668
468576894
478315785
469005218
478315492
468793298
478316464
468793958
478101678
477916903
468818362
478085049
468576858
478316236
468793334
476790597
476790319
476811657
476811455
476811151
468890362
468921743
468921379
468921381
476775550
476775537
468897652
468897713
468898301
476775544
468897717
468889865
476810987
476811019
476789872
468921487
476775797
468889679
476811381
468890068
476775547
468898042
468921538
476790028
469947703
469968561
469947659
469947658
469947129
469947413
478180257
478233059
478179634
478232395
478232397
478232335
478209502
478208969
469908815
478209497
478209295
469946786
478232765
469967870
478209233
469908873
469947086
478179571
469908895
469968830
470632459
470601046
470601076
478803501
478803239
478750778
470573386
470572732
470573303
470572730
470573131
470631868
470573032
478802902
470573090
478750058
478750125
478750456
478767679
470600755
470573354
478750492
470600193
470632514
469932653
470608438
470608979
470608313
478779818
476752222
468862667
478197719
478196716
468861657
468862091
476751592
478779074
478197119
468862142
478197088
468861959
478196726
469932436
468862673
478778812
478779081
478196981
470608430
469932929
470608732
469968178
470632195
476752054
478750271
478750231
478750267
476789570
476810729
476751953
478750174
478197350
478232626
468921112
468921118
468921079
470572864
476775094
468897299
469908677
470572802
478750192
470600495
470600491
478179830
469908715
478208935
478803004
469933163
469947379
469968163
476790501
478803537
476751359
468862639
468889463
468921974
478232356
468889456
469909361
478767893
476775977
468898221
469908441
469909358
476775715
469946714
470632466
470600794
470600553
469946985
470608375
469968292
470608713
478802669
478779211
476790530
478196758
478197643
478232392
468898238
478209064
469909102
468898046
470631869
478232728
469909156
478179837
478180228
469932259
478766993
469932439
469968472
468805521
468805386
476799791
476872043
476872030
468909750
476871731
476871969
476871988
476965629
468993280
476965493
468992818
476871905
468909671
476799178
476965686
476872374
468992949
468805847
476799232
468805313
468992776
476965701
468909461
476799772
476871761
469956945
469956497
470195478
478221381
470194941
470194905
478304543
470288615
470289002
478220890
469955966
469955933
469955978
477929262
478221419
478304063
469956461
478304585
470289006
478304193
478221418
478220853
469956554
477929210
478583154
478582487
478583082
478791309
478790746
478957379
470952628
478957360
470953463
470952802
478957281
478582130
478791058
478957566
470765363
470765356
470619946
478957989
478582218
470620425
478582754
478582742
470953458
476585993
468612520
476585261
476585920
476585399
470098931
478114022
470099423
478114018
470098894
470857514
470857574
470857930
470857913
478862366
468612214
470858459
468612569
476585896
470858501
478113886
468612273
468612530
470098492
478862237
468612650
470620325
469956244
469956294
470765590
468804994
478114154
478791094
478791186
468804989
470858075
470195212
478862603
478220766
470858027
470288879
478303900
468992332
478957433
476965163
470195152
478957454
478791114
470195150
470858069
470099050
470765524
468804892
478220758
470195117
477929085
469956287
469956281
469956485
468612621
468612485
470099106
470766057
478113578
478790729
470765130
478114145
470858111
470858104
478862022
476871940
470289525
478304030
478304561
476965662
468909568
477929078
468612614
469956225
469956496
468612654
470099121
470765717
478113618
476799302
470099025
478790741
478304566
470288668
470765398
477928762
478113798
468909602
478113834
470099442
478113882
477929656
470194888
476790166
476799575
468829150
468829102
468829111
476790137
468889962
476896786
476896816
468921611
476907342
476965891
476965834
476979983
476979941
469004644
468897858
468793432
468984863
468993043
468818515
476811246
476907355
468984906
468984870
476790196
476896853
476979954
477929442
469968438
477929434
470195615
470254302
478232906
470254315
470243746
470326858
477893530
478315931
478315890
470195551
478232898
470348027
478221150
477893527
478209151
477929486
478582894
478582842
478582890
470632403
478750355
470813930
478803150
478803194
478791406
478993012
478940116
478992974
478940138
470788876
471000150
478981103
471000110
471011987
478803127
470765774
470813958
478940214
478582838
478981063
470813992
471000103
476599859
468612856
468604684
470099215
478084925
478114258
470136839
470157989
470136773
478862731
470916895
470885308
478102082
478102072
478874117
478845113
478862666
478874177
468577027
468604706
478114222
476620882
470157892
478102075
478594307
476609026
468624473
468624474
476751874
476751863
468769746
478779442
470800739
470146010
468769649
476847964
478886050
470218660
470312375
478969187
470312354
468957182
470218655
478886033
478197256
478594298
470988198
478125838
478125808
469932763
478582835
468604697
469932760
470600656
478114242
476790107
478125869
470813966
468769706
476847976
476872075
478862680
476872072
477001034
470893182
468576974
470122300
478102099
468889901
468604686
469956622
470632397
470632325
470632361
470765849
470765801
476799506
476811254
470885214
478221172
468984902
469016494
470988211
470980277
468862219
476979962
470336152
476811242
476790189
468805485
476799407
468818661
468889991
468889987
476965589
469016579
477001192
477001721
468992791
476965588
468897611
469004776
476883641
468984979
468992922
476980207
468818395
476811007
476775760
468818394
468985374
468890081
476789889
476799796
468829348
469956921
469968431
477953195
478180245
470254778
478232942
478233043
470254783
478275533
478275055
470348639
478328066
477894053
478209018
477893791
477941969
469955994
477893793
470326938
470348370
478304070
470620643
478618720
478582459
478803549
470814467
478940807
478940541
478957759
478957079
478957334
470573344
478981118
470572422
470953123
470789510
471012463
470600140
470572987
478940802
470980914
478790752
476585723
468604955
476599840
476620965
476585297
468604732
478085189
478114281
478113986
478113993
470137433
470885294
470916983
478897641
470857550
476561639
468576575
470122336
476561899
478084792
470885606
470137034
476620636
476620637
478862717
470893797
476600438
468636890
478898297
469932618
469933145
470608329
468624532
478594432
478779426
470801654
470801265
478125893
470146094
470146938
468862629
476848605
476847998
478292219
470312417
478969240
478291768
468862096
468624090
478292301
477917414
470218877
477929059
468624748
468636499
478803023
476810741
478803014
468769946
478845366
478197403
470858078
476965193
468992392
478993070
478558799
468793050
478208891
469004246
470905673
470146672
478618190
470608987
469968129
478618721
470099478
478126375
468818570
478886083
478844838
478292433
471012857
478767545
476776022
469004774
470336620
470789513
470146279
468805617
476790286
468805855
468910162
476897500
468909787
468889929
469016578
469016453
476980078
476965483
476980132
468897582
469004649
468889822
476980228
468828977
476883880
476897452
476897056
469947186
469956547
477929433
470195827
478221442
470244698
478233354
470254257
478275317
478303711
478304277
478304074
470348037
469908510
478316465
469909338
477893794
469946754
470254654
477952553
477941981
469909005
477942017
469968474
470600721
470620903
478618528
478608184
478750794
478791619
478802626
470765143
470825198
478803558
470980257
478992945
478559392
478767465
470572398
471001022
478767654
478957543
470619919
478940464
470789594
478790719
471011985
478618432
476599846
476620977
468636281
476585275
476620941
470098987
478085477
470858443
478897642
478897881
470885482
478897941
470893418
470122918
470137130
476584999
478084757
478862275
470885510
477917861
470608593
476609037
469932522
476752302
470801662
470801222
470146454
470218702
468861654
476941864
478969372
468624149
470905490
468956741
470608698
476621170
476585527
470099119
478750206
478779526
470801438
478791127
476798815
476848342
470885746
470288935
478957474
476979652
469016153
470348294
478940248
468577102
476775090
470893754
470572770
470789270
469968162
470632074
477942485
470099205
470765575
470158862
470195541
478897929
468921138
478897660
476871679
476965531
477001696
470312654
476561824
470788893
478315841
470195275
477928759
478316177
449631586
449631191
449631561
449620989
449631558
449631199
449725318
449725051
449703655
449725053
449713379
449712849
449713038
449607245
449712846
449713139
449620451
449631010
449631030
449724886
449620506
449724859
449607803
449620493
449607797
449620581
449607787
449620757
449631021
449724750
450761123
450761203
450771802
451010163
451010170
451052963
451052937
451052359
451040481
451040874
451041306
450723754
451010567
451041095
450760726
451010519
451010518
451040527
451052391
450771990
450771729
451010730
450761170
451052841
450771627
451040926
451010190
449419065
449439669
449439869
449439635
449439922
449439667
449419037
450915658
450915151
450915687
449392617
450933905
449392587
449392378
449392355
449418195
450957635
449418245
450915417
449418993
449439579
449440109
450957871
450957658
449439405
450957389
450957929
449418507
450748266
449427779
449427773
450747743
449427786
449583634
450946233
449583202
449677733
451028675
451028685
451028890
449677263
450747526
450945791
450945707
450945738
450945735
449677389
449583621
450747837
449676959
450945774
449584073
450747477
450747771
449418683
450748003
450760925
450760927
450771502
449439762
450771509
450957719
450957795
450957763
451029175
451052626
449677445
449392278
449607039
450933954
449712646
449712641
450933978
449392227
449606993
450934007
450945995
449620181
449620183
449724474
449630742
451029161
451029174
450748011
449427970
450760983
451040779
449427999
449428043
449440145
449427882
450771751
450760974
449439619
450915642
449620231
450946035
449583246
449631115
451029441
449703851
449725233
451052379
449676971
450724017
449392101
450933599
449712821
449392362
449392361
449418235
449427483
449620427
451052777
449724835
450934125
449418759
451041033
451040899
451052910
449428315
450771622
449439894
449428005
449583667
449631183
449583199
449677783
449704191
449725251
451028863
450724109
451040745
449713035
450933822
449713383
451029079
449418198
451041053
450760637
450957622
451029427
449607795
449724477
450957342
472905838
472916387
472915989
472916130
472916363
472915963
472916085
472988734
472988695
473010106
473009549
473009553
473010055
472892243
472997777
472997831
472997825
472988598
472915871
472892321
473009706
472916069
472988423
472988421
472988694
472997695
472997791
472916357
474616557
474627119
474626855
474616159
474626838
474948230
474948273
474948926
474567270
474989097
474566794
474989618
474990070
474989673
474948763
474567402
474615535
474626142
475001567
474989806
474948885
475001589
474627014
474616062
474989678
474566757
474948894
474990103
474989158
474627062
472608562
472608269
472629919
472629395
472608821
474853858
474906014
474905999
474853850
472570025
472570497
472569569
472569621
474882215
472570010
472570234
474906371
472628966
472570195
472628935
474853833
474883163
474906419
474905966
472569590
472608209
472570522
474854098
472607902
472608794
472569631
472618077
474602771
474602819
474602818
472618014
472856602
472856601
472855974
474894107
472856990
472950189
474977253
474978233
472950622
474978137
472950270
472856423
472617058
472856933
474603258
472950714
474602942
472617057
474977662
472949790
474603047
474603046
474615970
474626555
474626587
472856699
474894811
472904818
472915379
472904858
472856726
472904874
473009090
472988069
474567142
474882707
474989525
472997267
474567086
474567094
474567149
474853698
474602999
474602994
474894751
474626495
473009143
474977874
472915433
472617799
472629383
472617798
474853749
474854106
472905734
474894115
472915463
474906902
472988061
474977277
473009495
475001675
475001935
474948213
474948866
472892541
474989129
474882221
472570242
474906377
473009623
472988501
472570147
475001934
472629942
474627101
474602827
472629918
474853846
472856587
474895075
472916378
474906030
472856038
472950393
474977962
475001069
474882705
472998230
472997746
472856407
474602335
474906426
474906390
474948621
474949145
472998194
474906414
472629330
472856011
472916066
448765639
448765627
449015147
449057314
449014327
449015071
449014329
448728718
448728671
449045106
449044677
448727841
449014710
449045218
449045163
449056918
448764882
448764873
448776153
449056983
449045087
449045217
449014326
448728235
473285735
473285731
473285721
473296557
473285982
473671079
473671163
473671423
473236746
473236223
473236706
473659458
473236855
473284979
473285038
473295578
473295586
473295590
473670991
473618146
473295614
473236874
473617665
473658619
473671074
473671005
473618145
448677225
448676434
448634203
473333242
473385290
473385297
473385358
473333234
448616963
448617747
473337866
448616901
448617487
473385526
473385518
473385491
473332634
473338754
448676351
473385506
473337963
448676870
473333511
448676438
473386011
448633989
448664565
448665310
448716442
448716789
473374031
473622994
473623821
473623043
448997066
473623030
448997990
448997555
473623518
448664435
448664351
448997502
473373598
448716038
473623419
448716351
473248941
473373633
448997994
473374335
473373987
448664385
473285123
448665054
473374175
448764710
448775267
473385826
448775274
473617810
449056390
449014147
449056471
448617390
473236319
473338307
473658671
449044491
473236262
448997683
448634498
449056418
473295666
473295667
473617758
473385915
473248759
448665319
448677183
473248206
473248755
473285190
473333466
473374403
448765583
473385911
473332542
448764738
473671353
473671346
448997714
473658747
473337950
473618151
449014663
448764791
448716399
473623485
473373471
448664522
473670426
448634553
448634718
473285121
473296539
448664959
473333514
473333206
448765582
473385910
448775798
473622991
473617707
448617357
449045498
473658531
473236227
473338710
473332722
473373547
449056906
473236791
448997947
449014742
473374351
473285109
473671383
473659119
472703843
472703577
472724986
472703817
448920115
448961567
448919291
472676951
472676889
472676667
472677173
448938334
448961770
448938274
472677207
448920053
448919795
448937769
448961819
472724189
448962027
448919849
472703571
472724145
472676623
472703811
449323759
449345158
449345153
449344859
449323445
449323473
473523321
473523562
473575463
473576131
473522675
473523590
449285661
449285657
449285393
449344198
473576333
449344526
449285493
473551615
449345090
473576093
449344798
450629963
450673035
450672813
450672729
474664067
474715955
474716515
474716601
474716834
450613593
474669346
474668474
474669274
450612669
474668999
474715999
474669321
450672974
474668527
450672718
474716595
450630482
450649235
449296847
450648778
472665053
474693022
472665062
474693017
473528079
473527982
448902063
448901937
448902346
473528291
449296610
473528254
472664703
472664705
473528819
473527889
474692306
473528018
473528331
472665531
473528289
449296778
449297374
450630311
449344366
450672461
449297283
449344279
472702951
472724014
474716311
474692789
448902610
473528570
473575599
473575502
473528522
449284875
473551751
473551745
474663459
472665245
448961375
472723985
449284922
450630207
473522801
474668827
448919189
473575546
474716307
449323687
449296803
449344351
474664017
474692157
472724375
472724637
472703777
473575595
473575387
450612827
472676537
474668810
473551622
474668367
449296679
472702987
472724102
449296671
448919177
450672093
472724631
449297107
450630797
449323234
450629957
450630225
472702917
474716349
472703254
472724714
473576379
473576127
448902019
474669353
448937786
472676590
474668745
449284815
474692290
472703042
448919498
474663269
448937762
473522607
472712675
472712538
448752017
472712673
448950034
472868079
472868001
472868398
449032763
449033043
472961981
472868297
448751598
472712271
448949946
472868423
472962015
472868465
448752027
448950077
472961742
472868265
472868393
449332830
449332881
449572185
449571753
473563595
473564414
473647150
449571665
473271870
473563894
473647223
473271810
473271814
449665866
473647266
449571650
473564021
473647614
449332862
474579550
450660747
450661146
450661194
474579514
450661110
450711746
474704590
450993827
450992961
474953459
474953458
474954395
474954375
474953991
450993346
450711873
474579494
450660255
474578706
450711866
450712275
450992814
474578750
474579506
472581910
472581898
448652625
473361633
473361962
473362497
473361574
450898797
474859343
450897790
450898695
474858549
473361699
472581503
474859370
473361543
473361938
449379789
448652942
474858545
448652930
472581989
449332479
473271947
449332433
450660606
473271946
450712090
448751458
473362067
472712093
449571407
449571358
472867850
449571314
449665035
474953942
449032714
473646878
473646818
474953883
472961627
449032658
474578967
473362155
448653026
448949549
448949465
474704415
473272182
448652901
474579051
448751985
473361983
449379821
450898391
473563509
474859023
449571710
450993773
449665299
473646662
473647067
449033013
449665298
450711821
474954023
474578606
474578610
472712222
472712225
474578607
449571713
472581854
449032746
448751979
473647062
448653462
448652997
449332798
449332815
450712618
474704057
448751493
450898002
472867942
472867905
473563510
450897858
449032713
450992945
450898266
472712630
448752215
448765147
472724543
448775674
448919719
448950179
472905039
448961958
472915522
472915563
449033283
449033290
449056783
448938150
472891758
449044990
472891757
448950149
449056817
472915539
472677039
448728127
472905041
472724518
473272498
449332973
473295978
473296026
449344721
449323637
473523166
473564210
473575902
449571835
473564198
473647411
449703238
473670902
473670875
449724353
449285358
473236631
449606914
473658971
473552178
473523143
473285366
473295929
473285370
449285299
473647374
449620013
473295974
474579282
474579330
474626235
474579279
474663634
450760594
450771058
474716443
474663587
451052227
450723582
474989234
474668870
450660839
450672578
475001155
474663627
474954174
474704650
474704631
451040383
448634465
448634429
472607963
472607959
448676703
448634383
448653125
473385695
474859078
474906167
450957266
474853267
474853274
449391686
450933423
474882317
450933454
448634371
450933471
474906101
473385698
450957173
474602518
448664765
473248421
472665101
473528426
474894183
474977362
451028471
451028547
448997369
472949871
473528417
450747302
450747306
450945327
448902502
449583149
474602470
473623302
474602498
474602527
472629119
450712350
449427359
474704666
450771089
449583114
473564167
472904942
448950111
473575919
473523110
448997435
449703183
449724311
472676979
472856165
451010010
450760527
473285386
472607982
473332942
448716259
450747331
450760541
448961954
449014622
451028455
473670807
449056826
450613277
472569678
450712325
449391714
449712471
472997402
449439186
472724510
448775699
472703303
472703297
448752041
448920071
448920069
472905027
472905357
472905486
449015099
449032807
472988387
449014303
472997625
472676634
448727865
472997887
448764827
448919535
449014614
472905029
448949645
448961513
449033070
449323626
449345109
473296103
473272230
449323721
473564243
473575422
449571230
473575987
473618095
449724686
449664955
449665634
449712809
449713338
473236835
449607475
473295570
449630971
449607739
473285013
473296094
449703570
450630427
450660371
450672239
474616079
474716826
450761027
474663662
451010061
475000991
450723621
451040471
451040463
474566703
450723662
450723615
474566906
450711843
450660239
450672099
474626107
474567362
474953514
450672105
450761019
448652643
472629153
449418715
449439573
473332535
473361986
473362277
473332970
474859403
450957254
474859395
450915855
473338737
474882387
474883109
450934337
473332659
472607822
448617513
474882391
473386251
473248493
450648903
450649265
472665023
473374373
473373981
472665014
473527902
450945422
474978147
472950626
472950234
449677301
474692273
450945690
472950102
473528301
449297582
449428215
473248709
450660631
473295702
472617726
473333059
448751515
472702907
472724018
450771455
473362121
474858998
474948579
451010369
449703303
448617383
473338334
473658701
448997670
473528561
449332995
472617463
449344317
448676382
450712241
472703462
472713074
472724025
449572155
474853350
474894991
473575557
473576343
449032677
451052613
474567629
450724061
472891629
473236827
474948713
450747427
473373583
449045186
448752442
472713055
472916115
472904997
472905519
472962034
449014593
472988169
448728262
472677414
449014709
448751599
448764881
472915803
448764833
472905255
448728677
472712769
448751863
473272783
473272255
449621030
473522626
473523105
473618109
473646739
473671378
449724333
473671073
449665557
449606817
449713370
473551650
473618189
449323110
473563954
473563891
449285718
449665339
473647267
449724734
450630822
450660370
450660849
474664030
474663810
450712317
451053218
475001055
450992911
451052954
451040474
450993391
474948718
474578575
450629910
450760630
450672066
450993525
450724118
475001583
450771266
450992863
448634674
472581847
448653177
472629651
448634165
473333458
473362293
449439602
449439626
450957310
450914949
448617225
450933638
472570227
473361679
450957574
450897943
448677137
449297634
450649270
472617994
472618011
450648861
474692526
473374025
448902513
472856194
474894099
472949841
472950106
473623901
473623121
473623109
474692226
472617070
449583458
472856145
450648825
450945458
473271955
474663510
474692806
473374133
449439746
449380303
472856727
448919154
472904830
448961386
472961611
472988067
449032627
450613062
450934034
472891707
474567087
473646835
448961370
472618035
473285513
473333105
473361583
473373873
448765053
448902918
474853743
450915902
450946274
449620946
473563507
473576046
449665111
474977409
472988055
473670629
450992851
472892139
473659073
474948735
449392358
448664393
448961730
449056901
469484363
469494657
469650442
469682397
469682119
469650700
469681735
469458875
469670447
469669785
469670469
469459240
469458646
469650270
469483703
469494299
469670178
469459041
469670483
469681691
469650006
469682085
469650664
469650438
469682350
469494676
469458847
450106363
450106365
450095934
450345719
450387946
450387659
450387681
450345627
450387955
450345675
450376067
450375635
450058473
450058978
450105951
450105918
450105967
450058930
450345405
450345310
450058846
450345438
450096219
450387561
450345237
450387126
469365583
469397265
469396943
469365520
469364901
450155638
450197085
450197615
450197531
450155287
450197595
450197083
469349097
450161435
450161578
469349013
469364806
450197134
469396443
469364716
450154963
450197535
469349722
469348891
450154893
469385387
450070498
450070450
450070449
469447425
450185914
450185118
469634866
450352317
469633995
450352300
450185284
469384559
469384551
469446688
450351916
469634427
450071073
450070679
469384655
450185526
450070407
450071151
450351478
450185926
469385379
469634070
469384683
469365167
450095500
469396843
450095524
469365130
450155202
469483522
450197475
450155187
469681599
450344975
469649851
450352012
450058546
469458435
450375340
469349274
469349283
450155164
450345007
469649874
450185655
469349287
469649838
450375415
469349275
469447084
450070883
469365287
450096165
469384703
469396566
469384963
469396960
450185963
469494607
469494609
469649915
469649907
469682315
450344848
450344853
450351484
450161391
450375215
450375210
450058939
469364755
450375743
469396439
469447396
450352278
469484308
469669771
469396863
450106455
469365153
469396614
450095788
469384987
450070821
450185170
469494903
469494651
469446631
469649889
469681594
469681533
450387604
450351451
450058876
450162150
469364758
469458999
450375808
469494214
469446691
469349478
450161805
452862695
452851987
453018453
453049739
453049726
453018016
452826640
453018322
452851699
452851691
453049966
453018671
452827278
452852320
453050349
452851926
452851929
453049687
453018714
452826622
452862640
453038205
473950979
473961838
473961822
473951226
474335690
474336415
474336446
474282983
474336453
473902030
474324429
473901947
474324441
473950319
474336323
473960914
473960862
473902079
474336319
474336223
473951179
473961738
474336667
474323815
474336273
473961434
473901478
473961518
474336678
473961554
452638558
452670167
452669961
474093535
474146630
474146375
474146278
474146603
474093734
474092877
452610820
474110986
474110066
474110266
474110925
452609903
452609894
474145978
474145882
474093074
452637559
474110728
452610796
452669483
452669481
452670136
474110294
474092841
474146566
452669313
452669498
474092908
452610477
473925802
452657651
452657961
452803163
474133814
474134310
452803463
452990266
474301077
474300059
474300981
474300347
473925266
473925218
452990502
474134050
474300107
474300366
473925434
474300369
452990529
473925706
474134097
452658278
452638115
473961139
473950542
452638120
474093402
452861930
474146146
474134443
474146206
452803250
474093386
452990663
453049372
453017716
452990638
474283250
453037498
452826314
473901722
474300767
453037552
452669740
452638118
452861932
474110527
452670184
452669922
473961503
473951202
452803519
452862590
474146318
452990961
474283845
474110589
474323841
473902096
474283451
453049898
473950278
452802861
474134716
452658314
473901439
452638518
473961105
452657959
452637882
452803245
452851994
474300813
474336712
453049377
474300382
474324166
474110322
452610345
452802823
452637630
453038210
453049906
474110658
452802799
474301027
452852054
452862278
474145638
456749025
456998239
457039954
457040719
456998434
457028087
457028073
457028434
456711627
456711810
457028579
457040315
457040359
456748687
457040351
456997674
457040439
456712042
457028613
457039950
457040446
477288191
477287841
477277247
477288187
477610315
477609386
477662834
477227862
477228342
477227902
477609923
477662722
477662678
477228518
477662147
477609998
477277658
477662710
477287217
477287277
456660247
456660291
456618339
477324923
477377902
477377035
477325154
456601114
477329686
456600309
456659674
456659591
456659590
456617342
456600369
456617999
456659661
456660231
477330195
477330463
456617558
477329587
477330391
477240306
477239879
456700186
477366023
477365193
477365618
456980555
456980547
477614702
456981338
456699354
477365231
456647691
456647790
456980382
477365637
477240615
456700143
477240622
477239918
477365703
456980865
456617958
477240403
477276795
477276882
456617955
477324799
477365819
456758626
477365802
456758630
477615295
477662243
477609422
456600754
456600707
477227954
477228003
477240350
456758583
457039779
477650406
477609470
477324718
456711103
477650359
477377499
477240443
456660549
477287435
477277191
456648279
477287755
477366079
456758661
477365685
456998150
477662313
457040663
456980399
457040397
477228027
456711134
457028379
477650430
456600887
477615163
477276663
456647751
456758711
477377150
456758707
456600787
456618090
477277635
456660153
456648271
477239890
456648667
477365842
477324234
457039822
457040450
477330462
477650434
477228490
456748154
477650871
456600834
477228009
477330198
456647779
477277311
457039910
452733559
452732860
452732925
452733526
452764603
456808402
456850679
456808091
456808131
456814227
456814294
452717008
452717019
452717491
452717419
456814739
456814703
456850007
456814343
456814336
452716923
456850003
452716929
456808102
452733250
456814689
456849868
452764995
452733255
469270259
469301572
477472771
477419306
477420141
477420218
469241915
477436730
477437380
469242098
469242496
477437038
477472283
469242475
477437054
469269621
469301474
477419243
469269799
477419577
477419968
469269633
473998521
473997838
474051561
473998699
474050659
474004078
474003195
449947466
449947586
473997971
473997970
474003814
474003719
473997998
473998713
449948355
449948049
449965286
474050805
449947387
469254718
469253847
469253920
449971276
474015854
452704954
452704948
452705783
452705781
452704881
477424631
456790334
456790353
452705008
469253722
449971143
469253711
469253715
477425447
449971262
449971395
477424653
477424515
474015874
477424654
469253709
469253966
449964859
469301439
469301440
473998135
452732638
452764346
452705512
477419407
456807419
456849650
456807431
449947655
456814034
477436516
477419371
469269663
477436564
469301347
474003343
456807412
456849682
449964887
449965219
469269747
449971327
450007456
469301884
473998723
452733494
452733499
477419891
477424682
477424689
477420146
477437313
477419495
452705044
469242031
477425236
452764515
456807544
449971279
450007726
450007000
450007462
473998126
452705215
474050602
452765198
452732894
452704939
456849794
456850406
456850634
477420135
456814942
469242735
469269550
452732726
477419559
474004036
456814754
477472959
456790279
456723942
452752726
452752996
452752690
452752929
452814598
456837951
456838002
453002200
457004319
457004313
453002014
453002406
457004718
457004634
456838066
452752516
453002392
453002475
453002826
452815360
452814971
452752647
452814567
452814777
456723154
457004310
456723219
453002790
452814628
477252189
477251939
469289644
477460138
477460185
469435538
477626554
477626810
469622061
477626798
469622918
469434892
477627035
469289363
469289380
477626980
469622949
477251663
469289416
477251838
469622601
477627070
477461104
473914271
473913510
474038699
474039302
450328467
450327681
450046606
474288746
474038842
449994890
449994987
474038874
450046917
474038906
449995418
450327718
474288226
474288705
450327666
452622700
456624873
456624299
452621913
456624160
469337123
450137602
450138374
450137678
474098458
477341559
456623955
450137726
469337127
456624855
450138388
456624022
474098224
469336935
477341355
473913659
456624479
469289487
477251800
450046690
456722982
474038980
477341956
474098670
477460283
456837774
450327807
453001954
477626614
469622198
469337391
450046655
469622152
452814443
457004138
452622219
450327822
469337403
456624482
452752419
449995055
477341944
474038718
452814947
452814495
474288527
457004174
477626733
453002115
469434810
474288724
477251586
450046526
452622302
457004178
469434544
473914264
469290279
473913472
469337874
456723022
452752658
469435455
474288465
457005022
457004097
453001994
450327664
450137730
452621746
473913322
473914216
474039628
452733166
452753059
456758890
456838498
452851607
456850282
452862162
456838479
452862079
452851518
456807999
453017887
453017848
453049570
453017884
456711347
452717290
453037654
456814563
453037638
452826436
452815098
457004803
457028175
452764794
457004800
452862091
456711415
452753055
453049566
469301790
477287531
469435255
477460894
477460790
477472642
469493995
477609619
469649699
469649723
469622654
469242388
469458395
469669492
469669590
477228170
477228138
469270062
477276916
469435214
469622730
477627114
477460888
477287498
469301798
473914002
449995611
473960999
473913963
450047086
474051146
473998303
450328291
474283035
450386931
450386990
474335890
449947918
474003599
450375098
474323946
450047047
473913959
474003639
450007394
449947903
456624607
452669363
452669411
477324463
469364671
469396310
469396255
450138130
450196858
450138111
474093002
456600454
469348835
469348826
452609943
450161308
452609954
477324447
456624595
456659835
469337607
477324454
452622446
450196852
456659846
477240011
449971756
477240051
452705411
450070178
450070132
452802683
469446410
474133919
477425038
452990122
452990128
474300286
474300207
469633862
469254222
450351340
469384386
452705390
452705475
474133960
450185002
474133912
452622400
452637711
456648019
450007324
452669395
477419755
477460811
450344723
477614894
453017827
453049502
456600486
474003606
457028116
452609990
469633914
477287523
449971687
469337566
456723598
474039382
452764802
456748322
477419835
456850226
450344788
450344752
477627171
457004810
457004774
474003676
474110202
452826430
474110106
477650499
457028210
474288880
453002558
450154638
477342006
477460815
456748701
456759124
452764864
452764967
456808027
456850266
456850359
453002603
457005083
457039893
457040419
457005076
453002175
456712007
456814986
453037773
457028802
456807726
456838096
452752563
456849971
457004680
452862211
453002046
477277005
477287562
477287899
477419925
477460199
469494019
477610240
477627194
469682299
477436986
477650766
469241867
469242522
469458954
477460459
469494203
469494196
469494198
469494199
477419522
469622298
469670157
449965503
450047123
450047119
474051551
450046958
450327731
474335915
474288363
474282907
450344829
449947551
474003105
450375983
450375578
474003099
473997954
473997955
474288762
473902082
449995634
474336630
449964710
456618023
456624683
452638203
452637813
477324856
477342314
469336917
477324518
456600519
477329800
469348994
450162136
452610487
469349399
452621752
452669223
452637544
450137781
469254671
449971751
456648645
449971449
449971312
469384907
456699201
469447341
450185111
450185895
452802542
452802546
456980487
474300273
450351375
469633984
450351561
452802808
477615122
456647715
469446496
474015543
473925189
469633986
477239846
456624522
469301391
477287368
469301392
473913615
456722994
456758594
474050887
452803206
456790958
477609455
450387199
473901687
474003366
474003362
474110512
456790960
457004154
469254007
477252555
473925715
477276999
477287373
449964712
456759122
469446499
456807465
452851586
450196986
469622715
450344961
450345352
469348818
450375136
469670415
456814322
469446679
456723122
449994952
452753133
452753395
456748966
452732898
452815137
452814991
456849798
452815351
456997785
453050055
456997708
452717754
452826477
457028824
453002446
456998068
452717418
453018238
456814686
456723091
456808098
457004707
456814206
453037815
452851923
469289662
469301769
477287902
477472938
469621975
469650374
469242822
477228820
477651232
477437322
477251671
477460399
469650242
469242798
477277312
477472698
449995882
473961423
473950839
450007518
474039453
450106346
450095822
474283635
450387866
474336370
474003138
450376070
474324735
474003282
450375674
450376022
450046603
474288751
474336267
474050706
473902155
450095882
450007698
452622682
456618340
456618004
469364637
477377326
469397258
477377728
474098842
474146619
456600465
477329817
474110331
456600184
450137815
450197126
474093495
456624597
477341347
456659841
469396526
452658274
452705830
474015198
452803155
450185114
450185506
452803059
474300189
450351562
450352238
456699334
450070310
452990157
456647961
449964894
473925891
473961171
449995207
469365146
452752423
456758632
469447166
456837775
474146235
477609484
474288451
456600730
452610358
456814110
452826339
477227944
456814074
450070802
469290271
477287428
469301490
456723597
469385354
452803515
469483910
477614901
450345638
457005019
477329769
469349702
474324363
469337035
474134055
456659620
449513587
449513795
449513813
469587357
469586687
469587352
469554982
469563598
469562999
469563057
469562872
449498921
469563058
449513386
469586825
469563275
449534515
469555353
469555615
449534560
449499316
449499055
449513812
469587281
470042745
470042455
470063350
470063841
470063602
450249795
450268623
450269091
450268629
450268361
470016059
450268855
450292385
450268889
450250137
450250349
470042669
450250637
450269071
450249826
450268615
450250065
470695858
470695879
470727803
470695819
470695461
450820643
450863075
450862329
470680307
450826858
450826779
470679567
470680299
450826708
470679976
470695367
450862492
450862459
450862495
450820247
450820243
450826683
450862293
450820839
450820876
450863152
450826783
470695491
470703491
470027578
470027518
470028220
450839379
449486835
449486837
450256487
469539033
469539028
469539034
469539311
449487053
470027379
450256744
449487040
450256425
470703335
469539249
450838516
469538986
470027571
469539225
470042056
470727244
470727275
470703754
449487418
450820391
449513326
450820301
450249947
450250015
450257007
450256936
450249975
450826931
450268498
469562723
469562741
470679700
450268438
449487377
470027885
449513248
449513251
469586499
470015655
450862564
470727226
450292217
470027959
470695613
470703381
470027668
450862829
449534891
469539801
469555587
469587268
469554927
469539135
470679597
450826977
450826793
470016279
469555067
470703247
450292319
470703245
469539273
450292241
470027674
470703403
470063806
470063572
470727557
449513325
450862853
450250017
469539103
469555635
469554999
470015686
450827513
470015494
449498871
450250144
450827249
470027443
449499327
469563250
470727089
472798881
472819997
472798637
452923414
452954685
452955059
452923600
452955343
472783811
452931525
472783672
452931059
452930921
452954770
452923135
452931316
472819437
472819961
472798315
452923661
472798846
472798221
472783675
472798372
454001854
453980471
454002082
474188603
474240734
474187919
474217917
453942623
453942093
474217913
453942415
454001155
453980006
453942358
453942441
474188551
474240689
454001759
474188837
453980037
474217375
454634398
454666067
454633667
474758815
474811883
474811642
474811819
454605945
474775276
454605753
454606343
474811186
454665050
454665052
454606310
474811240
454606642
454606377
474811912
454665718
454665117
454633718
453966478
453966418
454642307
453965753
454641599
454642313
472760049
472759618
474787629
472760630
452895285
474205012
453965453
454641314
452895335
452895350
472760560
472760037
454641554
474205313
452895369
474205054
474205097
454641590
453966179
454642018
454001387
453966137
453980297
454633828
472760371
474787795
474787886
474787829
474758486
452895695
474188179
474205730
474240940
474217258
452930668
472783397
472760296
454641959
472819036
452930633
474758524
453966170
472797892
452954333
454665537
454001513
453980321
472760071
472798559
472819094
472759673
452895263
452923317
452954596
452894995
474187874
454606617
452931503
474776212
454633411
454665089
454633413
454642034
472798161
474241601
474811588
454633670
453965887
454641622
454665341
454001782
472798822
474787219
472759711
472819766
474810953
474188206
452895859
452923598
474775738
474776261
474775653
474217161
453941692
454606577
452923082
474775913
454641295
474241084
454605977
474240688
476695259
476716139
476695289
456903441
456902679
456945453
456921166
476668541
456902914
476694767
476715827
476668827
456903417
456945653
476715867
476716323
456921677
476668875
476695205
456921163
476716671
476668279
476694946
456945153
456945677
457307386
457327977
457306867
477515263
477568058
477567778
477514915
477568034
477543298
477543297
477543785
477544301
457268795
477543958
457327534
477567482
477567511
477515215
457268159
477514295
477567746
457307090
457327582
477567137
477514313
458656426
458655635
458613371
458613391
478708463
478654823
478654819
458596155
458596010
478660022
458596735
478654879
458613275
458613271
458655506
478654871
458655415
458613171
458656341
458656335
478708211
458596070
478654749
478654965
478660078
457280405
458632151
458632067
458631821
457280451
476657217
478684257
478684173
477519747
478683999
458631755
477519939
478683946
456885698
476656665
457280054
478684707
458631782
457280462
458631878
476656270
478683945
456885377
458632371
457327661
457306543
476657015
476656954
478684526
477514483
456902450
476668169
478660414
456920942
456920950
476668145
478655141
457280630
477567219
476668191
476657007
456944789
457280719
458656377
478707566
476716577
476656313
477520521
477519590
456903379
477567069
477567991
457269035
457269033
457269029
476668223
457268102
478660709
456945089
457306385
457306586
456944777
456921331
457327906
458656114
458631823
476656953
476716658
476694986
478655657
477515007
477519751
456903386
478660498
476668610
477544299
456921890
477514743
456902882
457327527
477519571
458632317
458656073
468700055
468731986
468731722
468700048
448824813
448866514
448867054
448867039
448824995
448824723
468683805
448831679
448831605
448831588
448831371
468731164
468684439
448824736
448866447
448866657
468731319
448831603
453303571
453303767
453303163
473428281
473480423
473480399
473445718
473445058
473444714
453276110
473427895
473427803
473444755
453335421
453303736
453303794
473481340
453334850
473481052
453275158
453303134
473481316
457948883
457991157
457948035
457948569
477990442
457930882
477994881
477995655
457947895
478042479
477995407
457931481
477990387
457948557
457990215
477989467
478042922
457930922
457931755
457948558
478042251
477994879
457990802
453287338
457954643
453287914
453287919
468671920
468671579
478006882
448807125
473433827
473433038
473432831
448806982
448807252
468671787
468671855
468671584
468671589
473432908
478006894
453287906
457948187
453334635
453334683
457955164
477989818
477989783
478007375
478007330
468730979
478042516
468672238
448807654
473433499
468730984
468672291
473433532
473444923
468731067
457930999
453303489
457990479
457954819
457954815
453334711
477989483
448807879
473428475
473481273
473480342
448824182
453275103
453275306
457931416
457931415
468684110
468699431
468699427
473480608
448807636
453287037
477994759
478042599
453303819
453335511
453287203
457948036
457990324
478007623
478043206
478042545
468731258
477989452
473428474
448807039
473433739
473427531
473427669
468684398
448830866
477994876
473433175
473427795
457931061
448831634
468708220
468708172
476680966
468707561
472771991
472771929
472771642
472771905
472772511
456910066
456909347
452906955
456909207
448842808
448842893
472772447
452907112
472771655
476680948
448842837
457292147
457292205
457292812
449475826
449474819
469527220
469527287
477531683
477531443
477531434
477531441
449475119
477531809
457291888
453311654
457292122
457292798
453954070
457966781
457966547
457967331
478019518
478019510
478018982
470004383
470003846
474193130
474193233
474193353
450232583
474193150
450232907
474193625
478018727
478018661
470003590
450232665
450232527
470004386
450232709
453953798
474193265
470004375
454617892
458619915
458620131
458620780
470667705
478671981
478672822
470667515
470667506
478672246
474763474
474764301
450802995
478672036
470667638
450802960
454618550
478672125
450803656
454617953
453310883
457966678
458620180
470667910
476680043
468707248
468707254
450803139
473456723
473456801
450803134
474193403
456909076
474193419
470667827
454617926
468707222
478018769
476680024
474763798
457966730
450232757
458619939
457966792
458620732
478671935
478672370
468708141
468707297
448843457
450233447
452906896
456909143
474193288
450232515
456909321
450232911
452907209
476680143
477531818
458619938
469526945
454618498
453954004
453311079
457292013
470668421
470004460
468707642
470667437
449475034
449475207
477532419
456909266
477532359
456909081
469527363
470003620
472771778
469527411
474763529
469526967
476680738
468699749
476694863
476716012
476680703
448824487
472798087
472819203
448824463
472798085
452907574
456945015
452954479
456902734
452930728
452930734
468731379
476715929
452922820
452922797
472798120
453303250
457306702
453334913
453334949
449513194
473480762
473480827
469527622
477532174
469554659
469586395
477532168
453275531
473445130
469562603
469562669
457268450
469527628
453311395
477567350
469586371
449475508
477543583
473457232
473480728
453954269
453980171
454001319
457948323
470041735
470062954
478042649
477989851
478019194
474188043
450249658
450249719
453941859
450268229
450233191
470004123
477995189
470015390
453954326
450249713
478042666
453954242
450249665
454618291
458655700
454665203
454633564
470695190
450803455
450803451
450862198
450826491
454605784
454605878
458613434
478707807
450862154
478672551
474811120
458631953
457954924
468672071
468671992
478007102
468671966
449486698
449486693
472759742
477519826
450256355
469538824
477519891
469538848
478007019
456885590
468671991
470027211
457280297
457990559
457990551
453334903
470695175
478707832
476715919
472772153
473480738
474787325
469586343
453941849
470015357
474775418
452930704
449475484
470015359
457306646
453954292
457954954
458620493
453311410
453311427
468672007
470695133
476680706
470041828
468731462
448824482
474787267
469538839
456909770
469554651
470679334
470679317
469562595
448831070
473433235
473457255
468699989
476695485
468707539
476680341
448843281
448866779
472798299
448843277
456903143
456909799
456944848
452907011
452922928
456945643
456902613
472783787
452931513
476668287
472783780
448866599
448866592
452954741
468731143
452922869
448843276
472798173
468707535
468731451
448830955
453311721
449474870
449513495
449513493
469527916
469586416
469526999
457268440
457268513
449498654
453276050
453275788
453302846
449513359
477531868
469527677
453303290
473457316
453311714
469554917
457990299
454001309
478019243
478018550
470042659
478042295
478018953
450232687
450250574
474240873
450291983
474240871
474217829
450268799
470041863
478042427
470062985
454001107
470004435
457966562
474240665
474217303
458614120
454665727
454618275
470668159
478672879
470695214
478654759
474763571
470680216
474776195
474775527
450826754
474758371
458596701
474763701
470680219
478672875
470726949
478654755
453965735
458632077
476656607
470703455
470703977
452895155
456886239
474205233
477519695
452895866
472759888
457954527
458631677
456886241
472759893
450256337
453953896
458620229
453302979
453334660
457966697
470667871
470695531
476715676
468731008
478684457
473433515
456885979
469554782
452954342
458596433
477995033
472783383
457268246
478655151
448842592
470041995
478042551
472819024
457954663
457990437
453965731
468707534
478042557
470727737
470063121
448824746
449534349
469527129
477567999
473444865
469563495
450268264
468683618
456885715
473427831
454617593
477531867
472798089
448866778
472819690
452907562
456902644
456910003
456903124
472783851
452930991
448831001
468684137
472798179
452907223
472771843
456903412
476680689
457292347
457327857
457328512
453334798
453303497
473457595
473427574
449474851
469527883
469555670
477567321
469554922
477543328
473427893
473445413
449499238
469586750
477515212
453303213
473456923
457306456
457328416
477531715
453954583
453954007
457967049
470003518
478043237
450233253
450292106
450249790
474241311
457930877
453942651
470015762
474216910
470003683
477989626
454001187
477995193
453953659
470062869
453953707
458656432
458656168
454665730
454617751
478655025
478708192
470727134
470679446
458619838
454665075
454617547
450820238
454634295
458655496
457280398
457955501
454642311
454641771
478007049
470028218
450838514
469538902
456885724
473433077
453965470
457954505
470703194
452895231
449486721
470703986
453287105
457280104
453965715
457292050
457955165
457306516
453966135
470667835
470695586
476715682
456885964
450256918
450292178
454606143
478660438
469562726
448807577
454606107
478007285
457966639
454641951
457292071
458655892
470667715
476715736
474787191
450862298
469539794
469554926
476668401
472783767
474775551
473456851
469470754
449522946
469471193
449595911
469575472
449595287
449688958
469657919
449689077
449689278
449595431
469658170
449595352
449595354
449595417
469658586
469471125
469575417
449689264
469470725
469470537
449522824
449522812
469658094
450082643
470051405
450082450
470051994
470207757
450280234
470206962
450280194
450280198
470207166
470051117
450082187
450082179
450082186
470207699
470207697
470207694
470206901
470301063
470206905
470301033
450280229
470300670
450082971
450736031
470715959
470715562
470715942
450850882
450850797
470965425
470964767
451017514
451016847
451016931
470964628
470965043
450735558
470777250
451017112
470777925
470777526
450735630
470777523
470965362
450736035
450850480
469372780
469372925
469373441
470111386
470110865
450173326
470110523
450173259
470869732
450921755
450921814
470870307
450922468
450921939
450173387
450173391
449403676
449403945
450174045
450921833
470110527
469373429
449403940
470110864
450921749
469372725
450921821
449404102
450082306
470715371
470051290
470777470
470777418
469470359
450173669
470110947
470207044
470207022
450922078
469574679
450280330
470869947
470300747
449688802
469657781
449688815
469657841
449688814
470300764
470207033
450922095
469470328
470051255
449522489
470207021
470715375
450735894
470715497
469372941
469373465
470110986
450174071
450850427
450850817
450922143
470869559
470869552
450921849
469575390
449595148
451016872
470869823
450735582
469658151
469658153
449595340
470777536
469574865
470051919
450280169
450173536
450735982
449404494
469373514
470111382
450174114
449522517
470777909
450922470
469574799
470869917
470207272
470964761
469658026
469657785
470301016
469574883
470964953
470777921
469471119
452838755
452838790
472808147
472807758
452838605
452838621
472880740
472973891
472973890
453025965
472974407
472880177
452838532
472807420
452942886
453026165
452942937
472808080
472880033
472880705
452839192
452942949
453026034
452943065
472808104
453025914
473937550
453990190
474229403
474229742
454322877
454322813
474311930
454322330
454322482
474229211
474229218
474229170
454228619
474311982
474229253
454321907
473937446
474229209
454321950
474228821
474591479
474591430
454654126
474799103
454799294
474799545
454986760
474966359
474966262
454985896
454986818
474965910
474799306
454653268
474799326
454798634
454986424
474590987
454985858
474965961
454653746
454653782
472593789
472593597
474121937
454890874
474871245
474871238
454891702
454132073
472593298
472593326
454132034
454891732
474122860
452646470
452646410
474121888
474590946
473937364
474590878
474122382
474799505
472807175
474799462
454798802
472879734
454228403
454228418
454986310
472973555
474965750
453025709
454132331
472593821
474312242
454228421
472973550
474799444
452942453
473938000
454653654
454132389
454798941
472807533
454799330
454891751
454891089
474870911
474229120
472880001
454322207
472973846
454985849
453026537
472973978
474122164
473937083
472807403
474229194
454986374
473937077
472593734
474122824
453026538
453989241
454798408
472593873
474591029
472593654
472593594
452646021
453989656
454132794
454132222
452839190
472807534
472807173
474799625
452942798
454890858
474312856
474965693
474965957
473937100
474799301
454228612
452942750
474590717
476704211
476704403
476704341
476860545
476859718
476860473
457016194
457016385
476860031
476859983
457016513
457016154
476704179
456735029
456735255
456933261
477263933
477264473
477555266
477555707
477555702
457554614
457649267
477639346
477638435
457648349
477638369
457648337
457648818
477263506
477638906
457315619
477555657
477555206
477555743
477263849
457316145
457316010
477264074
457315713
477555214
457554581
477638370
478570869
458643759
478570794
458643750
478696234
458695098
478695750
458976406
458976395
458976405
458977106
458976747
478570258
458643542
458695955
458695950
478570778
478696587
458695031
478945317
458695954
458976318
458695983
478571270
478695874
478695789
476573530
476574113
456636033
476573319
456636749
477354134
477353651
457363166
477353699
457363535
457363137
478851105
478850182
458881226
458881143
457363367
458881529
457363347
458881299
457363349
456635951
458881166
477353225
458881618
457363227
458882057
456636354
456636358
458643978
458643982
478570743
457363715
476703822
456734849
458881667
476859579
476953355
476953349
477638463
457648478
476573618
477353751
457315751
457363755
478850717
456636350
478696083
456636374
478570737
476573273
457363749
458695577
458882106
456932946
476954177
457016103
478945307
457554941
456635862
477263466
457315623
458881574
478945701
456636782
477638346
456933341
458644541
476573637
478571189
457363614
477353298
476704778
456735254
477556179
478850226
457016462
457648287
457016450
476953814
478695826
476703914
458977145
477555651
448740586
468719721
468781710
468781713
448855425
468782103
468968866
449021099
468968728
468969515
468968847
468781446
468969124
448739806
448854723
449021351
448855365
468781486
468968890
468719451
448854952
468719703
453323625
453323243
453323170
473260504
473468978
473469462
453467817
453655540
473635127
453655514
473634772
453322714
453468369
473260818
453322703
453467836
473634774
473468745
453467842
473468500
457978467
477905118
457978869
457978881
478031351
478280877
478280003
478280078
458311814
478280474
478030551
478031313
457979175
477905102
478031310
458311502
477905109
478280470
477905506
478030605
458310906
448640919
448641592
448641508
453371146
453370480
473350667
453370132
473350607
453370401
478090006
458121094
478090058
473349795
473349814
453370413
448641501
448640836
458121158
448640846
448640601
468589038
473260035
453322839
453322791
477905255
448641148
453370756
453370667
448739598
458121395
468781182
448854507
458121339
458121386
473634911
478280128
468968595
468968622
468781154
468588940
473634952
453655398
453468040
477905330
473350227
448739590
473260833
473260439
473260170
448740501
473349698
468719358
478090386
449020869
478280006
468588467
473349831
473259902
448854675
478280403
453322886
478280010
448854940
448641190
453323163
448641129
453370713
453370422
478031380
478030930
468720062
458121790
473468979
453656194
449020874
478279996
473634795
449020886
468969106
473635318
458311504
453371070
458030272
468968625
468968882
472689341
452740797
452740917
456826299
476763587
468873747
448925836
476763473
468873952
448926185
472688567
448926119
476763454
456826313
476764132
452740851
456826318
449308985
469277746
469277873
449308846
469277758
477449265
477448342
457458214
477448295
477448253
473540098
453560219
473540680
453561136
469277554
477448514
469277482
469277489
449308523
469277488
457458520
449308583
473539773
477448281
457458194
449308970
457458268
469921317
449984026
449983947
449983498
449983241
454037741
474027743
474027214
474027778
458215934
458216266
469920326
449983023
449983013
474027753
449983937
454037211
478185833
449984030
470584396
474680500
478755141
478755287
458786091
478755069
458786230
458786306
454700843
450636410
470584271
454700824
478756007
458786116
458786308
470584257
450636513
470584394
478755333
470584751
470584678
449983301
470584743
472688369
472688368
458786507
478755485
476763185
458786522
476763267
453560367
468873556
449308622
457458326
458786500
449308658
452740527
449309435
449309429
469277675
469920453
454037152
474680246
452740756
474027158
474680248
458786573
477448467
477448466
456826293
473539744
473540141
448926086
472688471
470584293
476763568
474681171
452740755
470584541
449309499
449983317
454037212
474680309
474027177
476763213
456826294
456826298
457458255
458786225
453560499
468874538
478185040
468873746
449308527
477448534
456826162
458216812
458786249
469277589
456826310
452741070
472688891
472688908
468781625
448854863
476859827
468874090
456933131
472879912
476859843
476953553
453025780
468781559
456826446
468719501
456933111
472688872
468874157
448740015
468719511
453025782
449309063
477263740
453323111
449309050
457458737
477448778
473468903
473468894
449522334
449594986
477555538
477555443
473540284
457554802
449688694
469657708
457648566
457648565
469277978
469657660
473635170
453468208
453989447
453989386
469920838
469920855
458030226
478030806
458030222
454228311
470206786
478280351
470300462
454322018
450280046
478280295
474312118
478030863
474312102
478570540
470584794
474680794
450735515
458695276
450735412
454701242
454798599
470777074
470777018
450850271
478755594
454798511
478755627
451016595
470964430
470776998
474799175
474799167
470584826
476573380
456636112
472593447
453370570
473350055
477353519
473350144
469372493
457363430
474122027
470110407
454891007
454891000
474870526
478850367
458881403
458881433
450173116
452645583
457363491
478850381
450921574
453989367
477263729
473260300
453370577
450082036
468719488
474680776
456735077
473468867
470869427
472879864
458311313
457648527
451016615
449688663
469920916
469920856
452645638
458643845
473350086
449403558
453468303
456826426
469470171
478090182
468781538
478185436
449594979
477555459
474312094
453025750
449021150
454701233
478090194
470300500
470776997
449403546
457016282
477263715
472688949
448740138
456735364
472688645
456735761
472807353
456826343
472807677
468873711
472973675
472973727
476859959
457016524
452740674
448926136
468781437
448739745
456735363
457016394
472807672
469277764
457316033
457315962
473260852
457458618
469471098
449522421
477448701
457458614
457555487
473539787
473540042
469657874
469657881
477638357
453560656
477448571
477555593
453322655
453655734
477448569
453323570
469921269
453989621
473937459
458030298
470051366
478030934
454228677
450280151
450280143
478184999
458310933
478279887
458311058
454228542
450363702
450280406
474026993
454322790
454037175
469920902
478571202
458643885
454653388
474590735
454701666
450735676
478696202
458786271
470777903
478755105
454986087
470965336
454986026
454700874
478570276
478571198
450736335
450735675
476574047
456636760
453370613
473349689
450173495
458882079
474870567
458881478
448640607
450173363
452645464
474870509
473350131
458120848
468588977
472593831
457363691
472688382
474027125
472688380
458695430
470110907
448854449
470777367
478185122
474870830
456932838
453655419
468968606
454132312
453025626
450850648
469920736
469278423
457978557
457363689
452741462
478696601
454700741
450174018
474799949
470869458
470207656
468873710
470206864
474965609
457554951
468588450
468781430
472689342
448740581
456735370
456735424
476763666
448854641
452838603
476860108
472880019
468873690
472973685
457016134
449021157
476763462
476859964
472974075
457016512
448854701
472807414
468719273
476860492
448739789
448854965
449308942
457316572
453322925
457458741
469470706
453467861
453468341
449595218
457554580
473539758
457648606
477638625
457648252
449688998
457458490
457554976
449522690
469277490
449688705
469277985
449522750
469920910
477905409
477905945
449983593
457979218
469920702
474027345
450082490
470207738
454228179
470206946
454322283
474312939
458311293
454228546
469920306
458029865
473937579
470585230
470585202
454653321
454654143
478570468
454701310
454700746
454799314
470777073
450851258
474799197
458977126
454798654
458695192
478755342
470777246
470714949
451016882
472593441
449404490
477354232
469373422
469372910
473350077
478090209
478090001
470869462
458881132
450922478
454890855
454132131
454132071
448640573
473350065
450921698
468588989
478570744
469920594
458643964
449404154
453370661
474122379
450850682
454891347
470207018
449595074
452942451
449308626
456734824
454653471
454701261
449404142
456735208
468782057
458786130
472807659
453560757
454228479
453560490
456932896
448925958
468968837
474965367
474312093
452942847
469483811
449595646
449620378
449630866
449630884
449630887
469650125
469658297
449499203
469458737
469563124
449499196
469658327
449712736
469483799
469681818
469586896
449499139
449703490
449703498
469575154
449620301
469669915
469681866
450095675
450095674
470063482
450106271
450106229
450095659
450082721
450250242
470243926
450292438
470243875
450250275
450345185
470301125
470348143
470230727
450268671
450268703
450375462
450363883
470042271
470015899
470301150
450268759
450082767
450280714
470727394
470695756
450851007
470814114
451017331
451052495
451052575
470980480
451040698
470679882
450736087
470715611
450760767
451052523
470965126
470715687
471012078
449418419
449439479
469364993
449404288
470136999
470136963
470158121
470136947
470136939
470158039
470136917
470870135
450922294
450957467
470917087
470917084
450161705
450933694
450161632
450161638
450922227
450173776
450933735
470885405
450173812
450197260
469364991
450070583
470703678
469384810
449427659
470027765
450747605
470800882
470800919
470146239
449583371
450945652
470905167
469539354
469539352
469634261
470988401
451028764
470905179
449427575
450256793
469446820
449404242
450747618
450070588
450155058
450838963
450185427
469494339
450197295
450197299
449595611
470218806
449630855
450292447
449677099
449677097
450363863
450387351
470679858
450723832
469458701
450268691
451040639
449689326
469563115
470715627
470727375
449418342
469384834
450095644
470051680
470111094
450155046
450173806
450838951
449523027
470814113
469555198
450280702
469650147
470348200
470988343
469563123
451040693
450933714
471000233
450345136
470027755
470136930
449712735
452838887
472807894
452851871
472807831
452838869
472807841
452862427
472915732
472880418
472988263
473009419
472783997
472891974
453037912
452931136
472783967
472891936
472988284
452931166
453026334
472905118
473950750
473950747
473950697
473961270
454228846
454277071
474229482
454277023
474283349
474312689
474283382
474312593
473901862
474324311
454369466
454369410
454322563
474217483
453989879
454381302
454277010
474188441
453980594
473950682
474217459
454633954
454653892
454653880
474758671
454847306
474758623
454847214
474966059
455045219
454986475
474966014
474989387
455033434
474989358
474775838
474799696
474758680
454653890
474615842
472629221
472629223
474093251
474146110
454170086
454170113
474853462
454918498
454950194
474906256
474853396
452610305
472569899
474110366
474110393
474853439
474110429
452637926
474110428
452646113
454891493
454155571
472608082
454191208
472629230
472629254
452657826
454641917
452802971
454251899
454251898
474894364
474205570
455021555
454345637
452895503
472856273
474300503
474300497
474787684
472617318
453965980
472760188
452657750
454641854
472608131
472617383
472617377
454665618
474093259
474122567
452838834
454857811
474093254
474241211
472915636
474300511
453018095
453018091
475001279
474966028
454822166
454263794
474324239
453942247
474871001
474894377
454641871
452657794
473961304
472593978
452838838
472798466
454847273
454191226
452838866
454251991
474241240
474300451
454381348
453049826
454360168
474989398
455033333
474882474
454606181
474977527
454926474
452838854
454001620
476704498
476716230
476695103
476704530
456903031
476896635
476896679
456933519
476860251
476979802
457040171
476979823
476668762
457028266
476883467
456711483
476860235
476979834
476979833
456921526
456921475
457040166
477000966
456748455
477264179
457316314
457328062
457316323
477514878
477555895
477514838
457649011
477662494
477228245
457268669
457268683
457306902
477639038
477277049
477650674
457707750
457268623
458613802
458655951
478570930
478617919
458743946
478945803
478945802
478940042
478558602
458706899
458706894
459023739
478558571
478660602
478696331
458754426
458644194
478558603
458613746
458993394
459023758
456617770
456636539
456660005
476620762
456617823
457363835
477377429
457363886
458881803
478897751
478850767
458881790
478850751
456600665
457375115
458916791
456600566
456600567
458916835
476599622
458940569
477377383
477329887
457422591
457280554
476608878
477365537
478684342
476656874
476847879
457566514
478885870
476847791
476941601
478969043
456699581
456980775
457660182
477240089
478594145
476941558
456885833
477240182
478684318
476656779
477240098
458613738
476608923
478607381
478684367
458730714
478696349
478708103
476704434
477514794
476860195
458940587
456980791
476979787
477000903
457016633
478940018
457268633
476883426
457268630
457648926
478655295
478570946
476695059
457422579
456617782
458655989
457316319
457363846
458695721
478684303
478696409
477555831
458940630
477555879
476941543
477614971
457707747
459035585
458976833
478558546
476989118
476989058
457375026
456711506
477555867
478607345
468699918
448765012
448764967
448740292
448866834
468781811
448824598
468969299
449014456
449014407
449014411
449056663
449014419
468793191
449044786
469004439
449044775
469004403
468818250
448824610
468984642
449044822
468731595
468828832
449044807
448740255
473295822
453303364
473295895
473428123
473469167
453655979
453655978
453655939
473445322
473658892
453702866
473445246
453275618
473658894
453655963
453683018
473469143
453516674
473670731
453714700
453323274
453655966
473469142
453323278
453335114
453468472
477952674
457990678
457948434
457979010
458089187
458078622
458089194
478042846
458311618
478274771
478280615
458311555
458328063
458311562
477995363
458358506
458311599
478280558
458370343
477905631
458041615
478327518
468604402
468604399
468604408
453397855
473385659
473385655
453397948
478137431
458180307
478090451
448617171
448617170
448617143
453397862
448676474
473350407
468604478
453429531
468576667
473248378
457955074
468624215
468624239
473248288
457955043
468672150
448807470
473248276
453667158
478291866
473373771
468769384
473260566
453335039
473295810
473332806
473373734
453429583
448824583
448855071
453527223
478125606
458334719
457931286
477893247
478101830
448727955
453370839
468683983
478137472
468589134
468624211
457978960
468719846
468731506
448775498
477989980
473433343
478280572
477995290
448831190
453702790
458121498
453275679
478274752
453683019
473385570
472689034
452733007
452741255
472724273
472703213
476763875
456807907
456826654
476810843
476810837
448926363
448926370
468921207
468921280
448961656
456814511
472676728
476775214
